ISO-10303-21;
HEADER;
/* Generated by software containing ST-Developer
 * from STEP Tools, Inc. (www.steptools.com) 
 */

FILE_DESCRIPTION(
/* description */ (''),
/* implementation_level */ '2;1');

FILE_NAME(
/* name */ 'Base.step',
/* time_stamp */ '2026-06-03T20:52:59+09:00',
/* author */ (''),
/* organization */ (''),
/* preprocessor_version */ 'ST-DEVELOPER v20.1',
/* originating_system */ 'Autodesk Translation Framework v15.8.0.0',
/* authorisation */ '');

FILE_SCHEMA (('AUTOMOTIVE_DESIGN { 1 0 10303 214 3 1 1 }'));
ENDSEC;

DATA;
#10=MECHANICAL_DESIGN_GEOMETRIC_PRESENTATION_REPRESENTATION('',(#33,#34,
#35,#36),#7169);
#11=ITEM_DEFINED_TRANSFORMATION($,$,#3996,#4363);
#12=ITEM_DEFINED_TRANSFORMATION($,$,#4169,#4364);
#13=ITEM_DEFINED_TRANSFORMATION($,$,#4266,#4365);
#14=(
REPRESENTATION_RELATIONSHIP($,$,#7186,#7185)
REPRESENTATION_RELATIONSHIP_WITH_TRANSFORMATION(#11)
SHAPE_REPRESENTATION_RELATIONSHIP()
);
#15=(
REPRESENTATION_RELATIONSHIP($,$,#7187,#7185)
REPRESENTATION_RELATIONSHIP_WITH_TRANSFORMATION(#12)
SHAPE_REPRESENTATION_RELATIONSHIP()
);
#16=(
REPRESENTATION_RELATIONSHIP($,$,#7188,#7185)
REPRESENTATION_RELATIONSHIP_WITH_TRANSFORMATION(#13)
SHAPE_REPRESENTATION_RELATIONSHIP()
);
#17=CONTEXT_DEPENDENT_SHAPE_REPRESENTATION(#14,#7182);
#18=CONTEXT_DEPENDENT_SHAPE_REPRESENTATION(#15,#7183);
#19=CONTEXT_DEPENDENT_SHAPE_REPRESENTATION(#16,#7184);
#20=NEXT_ASSEMBLY_USAGE_OCCURRENCE('Base Top:1','Base Top:1',
'Base Top:1',#7190,#7191,'Base Top:1');
#21=NEXT_ASSEMBLY_USAGE_OCCURRENCE('Base Bottom:1','Base Bottom:1',
'Base Bottom:1',#7190,#7192,'Base Bottom:1');
#22=NEXT_ASSEMBLY_USAGE_OCCURRENCE('Back Cover:1','Back Cover:1',
'Back Cover:1',#7190,#7193,'Back Cover:1');
#23=(
BOUNDED_SURFACE()
B_SPLINE_SURFACE(2,2,((#6930,#6931,#6932),(#6933,#6934,#6935),(#6936,#6937,
#6938)),.UNSPECIFIED.,.F.,.F.,.F.)
B_SPLINE_SURFACE_WITH_KNOTS((3,3),(3,3),(-1.5707963267949,7.40148683083439E-15),
(2.77555756156289E-15,1.5707963267949),.UNSPECIFIED.)
GEOMETRIC_REPRESENTATION_ITEM()
RATIONAL_B_SPLINE_SURFACE(((1.,0.707106781186548,1.),(0.707106781186537,
0.499999999999993,0.707106781186537),(1.,0.707106781186548,1.)))
REPRESENTATION_ITEM('')
SURFACE()
);
#24=(
BOUNDED_SURFACE()
B_SPLINE_SURFACE(2,2,((#6950,#6951,#6952),(#6953,#6954,#6955),(#6956,#6957,
#6958)),.UNSPECIFIED.,.F.,.F.,.F.)
B_SPLINE_SURFACE_WITH_KNOTS((3,3),(3,3),(-1.5707963267949,7.40148683083438E-15),
(1.57079632679489,3.14159265358979),.UNSPECIFIED.)
GEOMETRIC_REPRESENTATION_ITEM()
RATIONAL_B_SPLINE_SURFACE(((1.,0.707106781186544,1.),(0.707106781186537,
0.49999999999999,0.707106781186537),(1.,0.707106781186544,1.)))
REPRESENTATION_ITEM('')
SURFACE()
);
#25=(
BOUNDED_SURFACE()
B_SPLINE_SURFACE(2,2,((#6970,#6971,#6972),(#6973,#6974,#6975),(#6976,#6977,
#6978)),.UNSPECIFIED.,.F.,.F.,.F.)
B_SPLINE_SURFACE_WITH_KNOTS((3,3),(3,3),(-1.5707963267949,7.40148683083438E-15),
(-3.14159265358979,-1.5707963267949),.UNSPECIFIED.)
GEOMETRIC_REPRESENTATION_ITEM()
RATIONAL_B_SPLINE_SURFACE(((1.,0.707106781186549,1.),(0.707106781186537,
0.499999999999994,0.707106781186537),(1.,0.707106781186549,1.)))
REPRESENTATION_ITEM('')
SURFACE()
);
#26=(
BOUNDED_SURFACE()
B_SPLINE_SURFACE(2,2,((#6990,#6991,#6992),(#6993,#6994,#6995),(#6996,#6997,
#6998)),.UNSPECIFIED.,.F.,.F.,.F.)
B_SPLINE_SURFACE_WITH_KNOTS((3,3),(3,3),(-1.5707963267949,7.40148683083438E-15),
(-1.5707963267949,-5.55111512312584E-15),.UNSPECIFIED.)
GEOMETRIC_REPRESENTATION_ITEM()
RATIONAL_B_SPLINE_SURFACE(((1.,0.707106781186549,1.),(0.707106781186537,
0.499999999999994,0.707106781186537),(1.,0.707106781186549,1.)))
REPRESENTATION_ITEM('')
SURFACE()
);
#27=SHAPE_REPRESENTATION_RELATIONSHIP('SRR','None',#7186,#30);
#28=SHAPE_REPRESENTATION_RELATIONSHIP('SRR','None',#7187,#31);
#29=SHAPE_REPRESENTATION_RELATIONSHIP('SRR','None',#7188,#32);
#30=ADVANCED_BREP_SHAPE_REPRESENTATION('',(#37),#7166);
#31=ADVANCED_BREP_SHAPE_REPRESENTATION('',(#38),#7167);
#32=ADVANCED_BREP_SHAPE_REPRESENTATION('',(#39,#40),#7168);
#33=STYLED_ITEM('',(#7209),#37);
#34=STYLED_ITEM('',(#7209),#38);
#35=STYLED_ITEM('',(#7209),#39);
#36=STYLED_ITEM('',(#7209),#40);
#37=MANIFOLD_SOLID_BREP('Body1',#3957);
#38=MANIFOLD_SOLID_BREP('Body1',#3958);
#39=MANIFOLD_SOLID_BREP('Body2',#3959);
#40=MANIFOLD_SOLID_BREP('Body1',#3960);
#41=TOROIDAL_SURFACE('',#4097,13.,3.);
#42=TOROIDAL_SURFACE('',#4100,13.,3.);
#43=TOROIDAL_SURFACE('',#4103,13.,3.);
#44=TOROIDAL_SURFACE('',#4106,13.,3.);
#45=TOROIDAL_SURFACE('',#4109,13.,3.);
#46=TOROIDAL_SURFACE('',#4112,13.,3.);
#47=TOROIDAL_SURFACE('',#4115,13.,3.);
#48=TOROIDAL_SURFACE('',#4118,13.,3.);
#49=TOROIDAL_SURFACE('',#4191,20.8,1.2);
#50=TOROIDAL_SURFACE('',#4203,5.39999999999997,1.2);
#51=TOROIDAL_SURFACE('',#4208,5.39999999999997,1.2);
#52=TOROIDAL_SURFACE('',#4213,5.40000000000001,1.2);
#53=TOROIDAL_SURFACE('',#4218,5.4,1.2);
#54=TOROIDAL_SURFACE('',#4234,5.4,0.8);
#55=CIRCLE('',#4012,10.);
#56=CIRCLE('',#4013,10.);
#57=CIRCLE('',#4014,10.);
#58=CIRCLE('',#4015,10.);
#59=CIRCLE('',#4016,10.);
#60=CIRCLE('',#4017,10.);
#61=CIRCLE('',#4018,10.);
#62=CIRCLE('',#4019,1.19999999999998);
#63=CIRCLE('',#4020,10.);
#64=CIRCLE('',#4021,1.2);
#65=CIRCLE('',#4022,1.20000000000001);
#66=CIRCLE('',#4023,1.2);
#67=CIRCLE('',#4024,1.2);
#68=CIRCLE('',#4025,1.19999999999998);
#69=CIRCLE('',#4049,1.2);
#70=CIRCLE('',#4053,1.19999999999997);
#71=CIRCLE('',#4054,1.19999999999997);
#72=CIRCLE('',#4064,1.19999999999998);
#73=CIRCLE('',#4080,1.19999999999998);
#74=CIRCLE('',#4083,1.20000000000001);
#75=CIRCLE('',#4086,1.2);
#76=CIRCLE('',#4089,1.20000000000001);
#77=CIRCLE('',#4090,1.20000000000001);
#78=CIRCLE('',#4093,1.2);
#79=CIRCLE('',#4095,10.);
#80=CIRCLE('',#4096,10.);
#81=CIRCLE('',#4098,13.);
#82=CIRCLE('',#4099,10.);
#83=CIRCLE('',#4101,10.);
#84=CIRCLE('',#4102,13.);
#85=CIRCLE('',#4104,10.);
#86=CIRCLE('',#4105,13.);
#87=CIRCLE('',#4107,13.);
#88=CIRCLE('',#4108,10.);
#89=CIRCLE('',#4110,13.);
#90=CIRCLE('',#4111,10.);
#91=CIRCLE('',#4113,10.);
#92=CIRCLE('',#4114,13.);
#93=CIRCLE('',#4116,10.);
#94=CIRCLE('',#4117,13.);
#95=CIRCLE('',#4119,13.);
#96=CIRCLE('',#4120,10.);
#97=CIRCLE('',#4135,10.);
#98=CIRCLE('',#4137,10.);
#99=CIRCLE('',#4139,1.5);
#100=CIRCLE('',#4140,1.5);
#101=CIRCLE('',#4141,2.6);
#102=CIRCLE('',#4142,1.5);
#103=CIRCLE('',#4144,1.5);
#104=CIRCLE('',#4145,2.6);
#105=CIRCLE('',#4146,1.5);
#106=CIRCLE('',#4147,1.5);
#107=CIRCLE('',#4149,1.5);
#108=CIRCLE('',#4151,1.5);
#109=CIRCLE('',#4153,1.5);
#110=CIRCLE('',#4155,2.6);
#111=CIRCLE('',#4157,1.5);
#112=CIRCLE('',#4159,1.5);
#113=CIRCLE('',#4161,2.6);
#114=CIRCLE('',#4163,1.5);
#115=CIRCLE('',#4171,1.6);
#116=CIRCLE('',#4172,1.6);
#117=CIRCLE('',#4173,1.6);
#118=CIRCLE('',#4175,1.6);
#119=CIRCLE('',#4176,1.6);
#120=CIRCLE('',#4177,1.6);
#121=CIRCLE('',#4179,1.6);
#122=CIRCLE('',#4180,1.6);
#123=CIRCLE('',#4181,1.6);
#124=CIRCLE('',#4183,1.6);
#125=CIRCLE('',#4184,1.6);
#126=CIRCLE('',#4186,5.39999999999997);
#127=CIRCLE('',#4187,5.39999999999997);
#128=CIRCLE('',#4188,5.40000000000001);
#129=CIRCLE('',#4189,5.39999999999999);
#130=CIRCLE('',#4190,5.4);
#131=CIRCLE('',#4192,19.6);
#132=CIRCLE('',#4193,1.2);
#133=CIRCLE('',#4194,20.8);
#134=CIRCLE('',#4197,18.);
#135=CIRCLE('',#4199,18.);
#136=CIRCLE('',#4201,1.2);
#137=CIRCLE('',#4202,1.19999999999999);
#138=CIRCLE('',#4204,4.19999999999997);
#139=CIRCLE('',#4205,1.2);
#140=CIRCLE('',#4207,1.2);
#141=CIRCLE('',#4209,4.19999999999997);
#142=CIRCLE('',#4210,1.20000000000001);
#143=CIRCLE('',#4212,1.20000000000001);
#144=CIRCLE('',#4214,4.20000000000001);
#145=CIRCLE('',#4215,1.20000000000001);
#146=CIRCLE('',#4217,1.2);
#147=CIRCLE('',#4219,4.19999999999999);
#148=CIRCLE('',#4221,2.99999999999997);
#149=CIRCLE('',#4222,2.99999999999997);
#150=CIRCLE('',#4223,3.00000000000001);
#151=CIRCLE('',#4224,3.);
#152=CIRCLE('',#4235,4.6);
#153=CIRCLE('',#4236,0.8);
#154=CIRCLE('',#4238,3.4);
#155=CIRCLE('',#4241,3.);
#156=CIRCLE('',#4244,2.99999999999997);
#157=CIRCLE('',#4247,2.99999999999997);
#158=CIRCLE('',#4250,3.00000000000001);
#159=CIRCLE('',#4252,3.4);
#160=CIRCLE('',#4271,11.);
#161=CIRCLE('',#4272,11.);
#162=CIRCLE('',#4276,1.6);
#163=CIRCLE('',#4277,1.6);
#164=CIRCLE('',#4279,1.6);
#165=CIRCLE('',#4280,1.6);
#166=CIRCLE('',#4282,1.6);
#167=CIRCLE('',#4283,1.6);
#168=CIRCLE('',#4285,1.6);
#169=CIRCLE('',#4286,1.6);
#170=CIRCLE('',#4288,1.20000000000001);
#171=CIRCLE('',#4289,1.2);
#172=CIRCLE('',#4290,1.2);
#173=CIRCLE('',#4291,0.400000000000004);
#174=CIRCLE('',#4292,1.6);
#175=CIRCLE('',#4294,1.2);
#176=CIRCLE('',#4295,1.2);
#177=CIRCLE('',#4296,0.400000000000006);
#178=CIRCLE('',#4297,1.60000000000001);
#179=CIRCLE('',#4299,1.2);
#180=CIRCLE('',#4300,1.2);
#181=CIRCLE('',#4301,0.399999999999984);
#182=CIRCLE('',#4302,1.59999999999998);
#183=CIRCLE('',#4304,1.2);
#184=CIRCLE('',#4305,0.399999999999984);
#185=CIRCLE('',#4306,1.59999999999998);
#186=CIRCLE('',#4308,1.60000000000001);
#187=CIRCLE('',#4311,1.6);
#188=CIRCLE('',#4316,1.59999999999998);
#189=CIRCLE('',#4319,1.59999999999998);
#190=CIRCLE('',#4322,2.8);
#191=CIRCLE('',#4323,2.8);
#192=CIRCLE('',#4326,2.79999999999998);
#193=CIRCLE('',#4327,2.79999999999998);
#194=CIRCLE('',#4330,2.79999999999998);
#195=CIRCLE('',#4331,2.79999999999998);
#196=CIRCLE('',#4334,2.80000000000001);
#197=CIRCLE('',#4335,2.80000000000001);
#198=CIRCLE('',#4338,1.60000000000002);
#199=CIRCLE('',#4339,6.);
#200=CIRCLE('',#4340,11.);
#201=CIRCLE('',#4341,11.);
#202=CIRCLE('',#4342,11.);
#203=CIRCLE('',#4343,11.);
#204=CIRCLE('',#4345,1.60000000000002);
#205=CIRCLE('',#4349,6.);
#206=CIRCLE('',#4351,11.);
#207=CIRCLE('',#4354,11.);
#208=CIRCLE('',#4357,11.);
#209=CIRCLE('',#4360,11.);
#210=PLANE('',#4009);
#211=PLANE('',#4010);
#212=PLANE('',#4011);
#213=PLANE('',#4026);
#214=PLANE('',#4027);
#215=PLANE('',#4028);
#216=PLANE('',#4029);
#217=PLANE('',#4030);
#218=PLANE('',#4031);
#219=PLANE('',#4032);
#220=PLANE('',#4033);
#221=PLANE('',#4034);
#222=PLANE('',#4035);
#223=PLANE('',#4036);
#224=PLANE('',#4037);
#225=PLANE('',#4038);
#226=PLANE('',#4039);
#227=PLANE('',#4040);
#228=PLANE('',#4041);
#229=PLANE('',#4042);
#230=PLANE('',#4043);
#231=PLANE('',#4044);
#232=PLANE('',#4045);
#233=PLANE('',#4046);
#234=PLANE('',#4047);
#235=PLANE('',#4050);
#236=PLANE('',#4051);
#237=PLANE('',#4055);
#238=PLANE('',#4056);
#239=PLANE('',#4057);
#240=PLANE('',#4058);
#241=PLANE('',#4059);
#242=PLANE('',#4060);
#243=PLANE('',#4061);
#244=PLANE('',#4062);
#245=PLANE('',#4065);
#246=PLANE('',#4066);
#247=PLANE('',#4067);
#248=PLANE('',#4068);
#249=PLANE('',#4069);
#250=PLANE('',#4070);
#251=PLANE('',#4071);
#252=PLANE('',#4072);
#253=PLANE('',#4073);
#254=PLANE('',#4074);
#255=PLANE('',#4075);
#256=PLANE('',#4076);
#257=PLANE('',#4077);
#258=PLANE('',#4078);
#259=PLANE('',#4081);
#260=PLANE('',#4084);
#261=PLANE('',#4087);
#262=PLANE('',#4091);
#263=PLANE('',#4094);
#264=PLANE('',#4121);
#265=PLANE('',#4122);
#266=PLANE('',#4123);
#267=PLANE('',#4124);
#268=PLANE('',#4125);
#269=PLANE('',#4126);
#270=PLANE('',#4127);
#271=PLANE('',#4128);
#272=PLANE('',#4129);
#273=PLANE('',#4130);
#274=PLANE('',#4131);
#275=PLANE('',#4132);
#276=PLANE('',#4133);
#277=PLANE('',#4138);
#278=PLANE('',#4143);
#279=PLANE('',#4164);
#280=PLANE('',#4165);
#281=PLANE('',#4166);
#282=PLANE('',#4167);
#283=PLANE('',#4168);
#284=PLANE('',#4185);
#285=PLANE('',#4195);
#286=PLANE('',#4196);
#287=PLANE('',#4220);
#288=PLANE('',#4233);
#289=PLANE('',#4237);
#290=PLANE('',#4239);
#291=PLANE('',#4242);
#292=PLANE('',#4245);
#293=PLANE('',#4248);
#294=PLANE('',#4253);
#295=PLANE('',#4254);
#296=PLANE('',#4255);
#297=PLANE('',#4256);
#298=PLANE('',#4257);
#299=PLANE('',#4258);
#300=PLANE('',#4259);
#301=PLANE('',#4260);
#302=PLANE('',#4261);
#303=PLANE('',#4262);
#304=PLANE('',#4263);
#305=PLANE('',#4264);
#306=PLANE('',#4265);
#307=PLANE('',#4267);
#308=PLANE('',#4268);
#309=PLANE('',#4269);
#310=PLANE('',#4273);
#311=PLANE('',#4274);
#312=PLANE('',#4309);
#313=PLANE('',#4312);
#314=PLANE('',#4313);
#315=PLANE('',#4314);
#316=PLANE('',#4317);
#317=PLANE('',#4320);
#318=PLANE('',#4324);
#319=PLANE('',#4328);
#320=PLANE('',#4332);
#321=PLANE('',#4336);
#322=PLANE('',#4337);
#323=PLANE('',#4346);
#324=PLANE('',#4347);
#325=PLANE('',#4352);
#326=PLANE('',#4355);
#327=PLANE('',#4358);
#328=PLANE('',#4361);
#329=PLANE('',#4362);
#330=ELLIPSE('',#4000,2.26274169979695,1.6);
#331=ELLIPSE('',#4001,2.26274169979695,1.6);
#332=ELLIPSE('',#4002,2.26274169979695,1.6);
#333=ELLIPSE('',#4003,2.26274169979695,1.6);
#334=ELLIPSE('',#4007,2.26274169979695,1.6);
#335=ELLIPSE('',#4008,2.26274169979695,1.6);
#336=ELLIPSE('',#4226,1.69705627484771,1.2);
#337=ELLIPSE('',#4227,1.69705627484771,1.2);
#338=ELLIPSE('',#4229,1.69705627484771,1.2);
#339=ELLIPSE('',#4231,1.69705627484771,1.2);
#340=FACE_BOUND('',#602,.T.);
#341=FACE_BOUND('',#606,.T.);
#342=FACE_BOUND('',#612,.T.);
#343=FACE_BOUND('',#613,.T.);
#344=FACE_BOUND('',#614,.T.);
#345=FACE_BOUND('',#615,.T.);
#346=FACE_BOUND('',#684,.T.);
#347=FACE_BOUND('',#698,.T.);
#348=FACE_BOUND('',#699,.T.);
#349=FACE_BOUND('',#701,.T.);
#350=FACE_BOUND('',#702,.T.);
#351=FACE_BOUND('',#704,.T.);
#352=FACE_BOUND('',#705,.T.);
#353=FACE_BOUND('',#706,.T.);
#354=FACE_BOUND('',#707,.T.);
#355=FACE_BOUND('',#709,.T.);
#356=FACE_BOUND('',#710,.T.);
#357=FACE_BOUND('',#711,.T.);
#358=FACE_BOUND('',#712,.T.);
#359=FACE_BOUND('',#717,.T.);
#360=FACE_BOUND('',#718,.T.);
#361=FACE_BOUND('',#722,.T.);
#362=FACE_BOUND('',#723,.T.);
#363=FACE_BOUND('',#730,.T.);
#364=FACE_BOUND('',#731,.T.);
#365=FACE_BOUND('',#732,.T.);
#366=FACE_BOUND('',#733,.T.);
#367=FACE_BOUND('',#734,.T.);
#368=FACE_BOUND('',#735,.T.);
#369=FACE_BOUND('',#736,.T.);
#370=FACE_BOUND('',#737,.T.);
#371=FACE_BOUND('',#743,.T.);
#372=FACE_BOUND('',#744,.T.);
#373=FACE_BOUND('',#745,.T.);
#374=FACE_BOUND('',#748,.T.);
#375=FACE_BOUND('',#750,.T.);
#376=FACE_BOUND('',#761,.T.);
#377=FACE_BOUND('',#767,.T.);
#378=FACE_BOUND('',#770,.T.);
#379=FACE_BOUND('',#787,.T.);
#380=FACE_BOUND('',#789,.T.);
#381=FACE_BOUND('',#790,.T.);
#382=FACE_BOUND('',#791,.T.);
#383=FACE_BOUND('',#792,.T.);
#384=FACE_BOUND('',#793,.T.);
#385=FACE_BOUND('',#794,.T.);
#386=FACE_BOUND('',#795,.T.);
#387=FACE_BOUND('',#798,.T.);
#388=FACE_BOUND('',#838,.T.);
#389=FACE_BOUND('',#840,.T.);
#390=FACE_BOUND('',#841,.T.);
#391=FACE_BOUND('',#842,.T.);
#392=FACE_BOUND('',#843,.T.);
#393=FACE_BOUND('',#844,.T.);
#394=FACE_BOUND('',#858,.T.);
#395=FACE_BOUND('',#859,.T.);
#396=FACE_BOUND('',#860,.T.);
#397=FACE_BOUND('',#861,.T.);
#398=FACE_OUTER_BOUND('',#601,.T.);
#399=FACE_OUTER_BOUND('',#603,.T.);
#400=FACE_OUTER_BOUND('',#604,.T.);
#401=FACE_OUTER_BOUND('',#605,.T.);
#402=FACE_OUTER_BOUND('',#607,.T.);
#403=FACE_OUTER_BOUND('',#608,.T.);
#404=FACE_OUTER_BOUND('',#609,.T.);
#405=FACE_OUTER_BOUND('',#610,.T.);
#406=FACE_OUTER_BOUND('',#611,.T.);
#407=FACE_OUTER_BOUND('',#616,.T.);
#408=FACE_OUTER_BOUND('',#617,.T.);
#409=FACE_OUTER_BOUND('',#618,.T.);
#410=FACE_OUTER_BOUND('',#619,.T.);
#411=FACE_OUTER_BOUND('',#620,.T.);
#412=FACE_OUTER_BOUND('',#621,.T.);
#413=FACE_OUTER_BOUND('',#622,.T.);
#414=FACE_OUTER_BOUND('',#623,.T.);
#415=FACE_OUTER_BOUND('',#624,.T.);
#416=FACE_OUTER_BOUND('',#625,.T.);
#417=FACE_OUTER_BOUND('',#626,.T.);
#418=FACE_OUTER_BOUND('',#627,.T.);
#419=FACE_OUTER_BOUND('',#628,.T.);
#420=FACE_OUTER_BOUND('',#629,.T.);
#421=FACE_OUTER_BOUND('',#630,.T.);
#422=FACE_OUTER_BOUND('',#631,.T.);
#423=FACE_OUTER_BOUND('',#632,.T.);
#424=FACE_OUTER_BOUND('',#633,.T.);
#425=FACE_OUTER_BOUND('',#634,.T.);
#426=FACE_OUTER_BOUND('',#635,.T.);
#427=FACE_OUTER_BOUND('',#636,.T.);
#428=FACE_OUTER_BOUND('',#637,.T.);
#429=FACE_OUTER_BOUND('',#638,.T.);
#430=FACE_OUTER_BOUND('',#639,.T.);
#431=FACE_OUTER_BOUND('',#640,.T.);
#432=FACE_OUTER_BOUND('',#641,.T.);
#433=FACE_OUTER_BOUND('',#642,.T.);
#434=FACE_OUTER_BOUND('',#643,.T.);
#435=FACE_OUTER_BOUND('',#644,.T.);
#436=FACE_OUTER_BOUND('',#645,.T.);
#437=FACE_OUTER_BOUND('',#646,.T.);
#438=FACE_OUTER_BOUND('',#647,.T.);
#439=FACE_OUTER_BOUND('',#648,.T.);
#440=FACE_OUTER_BOUND('',#649,.T.);
#441=FACE_OUTER_BOUND('',#650,.T.);
#442=FACE_OUTER_BOUND('',#651,.T.);
#443=FACE_OUTER_BOUND('',#652,.T.);
#444=FACE_OUTER_BOUND('',#653,.T.);
#445=FACE_OUTER_BOUND('',#654,.T.);
#446=FACE_OUTER_BOUND('',#655,.T.);
#447=FACE_OUTER_BOUND('',#656,.T.);
#448=FACE_OUTER_BOUND('',#657,.T.);
#449=FACE_OUTER_BOUND('',#658,.T.);
#450=FACE_OUTER_BOUND('',#659,.T.);
#451=FACE_OUTER_BOUND('',#660,.T.);
#452=FACE_OUTER_BOUND('',#661,.T.);
#453=FACE_OUTER_BOUND('',#662,.T.);
#454=FACE_OUTER_BOUND('',#663,.T.);
#455=FACE_OUTER_BOUND('',#664,.T.);
#456=FACE_OUTER_BOUND('',#665,.T.);
#457=FACE_OUTER_BOUND('',#666,.T.);
#458=FACE_OUTER_BOUND('',#667,.T.);
#459=FACE_OUTER_BOUND('',#668,.T.);
#460=FACE_OUTER_BOUND('',#669,.T.);
#461=FACE_OUTER_BOUND('',#670,.T.);
#462=FACE_OUTER_BOUND('',#671,.T.);
#463=FACE_OUTER_BOUND('',#672,.T.);
#464=FACE_OUTER_BOUND('',#673,.T.);
#465=FACE_OUTER_BOUND('',#674,.T.);
#466=FACE_OUTER_BOUND('',#675,.T.);
#467=FACE_OUTER_BOUND('',#676,.T.);
#468=FACE_OUTER_BOUND('',#677,.T.);
#469=FACE_OUTER_BOUND('',#678,.T.);
#470=FACE_OUTER_BOUND('',#679,.T.);
#471=FACE_OUTER_BOUND('',#680,.T.);
#472=FACE_OUTER_BOUND('',#681,.T.);
#473=FACE_OUTER_BOUND('',#682,.T.);
#474=FACE_OUTER_BOUND('',#683,.T.);
#475=FACE_OUTER_BOUND('',#685,.T.);
#476=FACE_OUTER_BOUND('',#686,.T.);
#477=FACE_OUTER_BOUND('',#687,.T.);
#478=FACE_OUTER_BOUND('',#688,.T.);
#479=FACE_OUTER_BOUND('',#689,.T.);
#480=FACE_OUTER_BOUND('',#690,.T.);
#481=FACE_OUTER_BOUND('',#691,.T.);
#482=FACE_OUTER_BOUND('',#692,.T.);
#483=FACE_OUTER_BOUND('',#693,.T.);
#484=FACE_OUTER_BOUND('',#694,.T.);
#485=FACE_OUTER_BOUND('',#695,.T.);
#486=FACE_OUTER_BOUND('',#696,.T.);
#487=FACE_OUTER_BOUND('',#697,.T.);
#488=FACE_OUTER_BOUND('',#700,.T.);
#489=FACE_OUTER_BOUND('',#703,.T.);
#490=FACE_OUTER_BOUND('',#708,.T.);
#491=FACE_OUTER_BOUND('',#713,.T.);
#492=FACE_OUTER_BOUND('',#714,.T.);
#493=FACE_OUTER_BOUND('',#715,.T.);
#494=FACE_OUTER_BOUND('',#716,.T.);
#495=FACE_OUTER_BOUND('',#719,.T.);
#496=FACE_OUTER_BOUND('',#720,.T.);
#497=FACE_OUTER_BOUND('',#721,.T.);
#498=FACE_OUTER_BOUND('',#724,.T.);
#499=FACE_OUTER_BOUND('',#725,.T.);
#500=FACE_OUTER_BOUND('',#726,.T.);
#501=FACE_OUTER_BOUND('',#727,.T.);
#502=FACE_OUTER_BOUND('',#728,.T.);
#503=FACE_OUTER_BOUND('',#729,.T.);
#504=FACE_OUTER_BOUND('',#738,.T.);
#505=FACE_OUTER_BOUND('',#739,.T.);
#506=FACE_OUTER_BOUND('',#740,.T.);
#507=FACE_OUTER_BOUND('',#741,.T.);
#508=FACE_OUTER_BOUND('',#742,.T.);
#509=FACE_OUTER_BOUND('',#746,.T.);
#510=FACE_OUTER_BOUND('',#747,.T.);
#511=FACE_OUTER_BOUND('',#749,.T.);
#512=FACE_OUTER_BOUND('',#751,.T.);
#513=FACE_OUTER_BOUND('',#752,.T.);
#514=FACE_OUTER_BOUND('',#753,.T.);
#515=FACE_OUTER_BOUND('',#754,.T.);
#516=FACE_OUTER_BOUND('',#755,.T.);
#517=FACE_OUTER_BOUND('',#756,.T.);
#518=FACE_OUTER_BOUND('',#757,.T.);
#519=FACE_OUTER_BOUND('',#758,.T.);
#520=FACE_OUTER_BOUND('',#759,.T.);
#521=FACE_OUTER_BOUND('',#760,.T.);
#522=FACE_OUTER_BOUND('',#762,.T.);
#523=FACE_OUTER_BOUND('',#763,.T.);
#524=FACE_OUTER_BOUND('',#764,.T.);
#525=FACE_OUTER_BOUND('',#765,.T.);
#526=FACE_OUTER_BOUND('',#766,.T.);
#527=FACE_OUTER_BOUND('',#768,.T.);
#528=FACE_OUTER_BOUND('',#769,.T.);
#529=FACE_OUTER_BOUND('',#771,.T.);
#530=FACE_OUTER_BOUND('',#772,.T.);
#531=FACE_OUTER_BOUND('',#773,.T.);
#532=FACE_OUTER_BOUND('',#774,.T.);
#533=FACE_OUTER_BOUND('',#775,.T.);
#534=FACE_OUTER_BOUND('',#776,.T.);
#535=FACE_OUTER_BOUND('',#777,.T.);
#536=FACE_OUTER_BOUND('',#778,.T.);
#537=FACE_OUTER_BOUND('',#779,.T.);
#538=FACE_OUTER_BOUND('',#780,.T.);
#539=FACE_OUTER_BOUND('',#781,.T.);
#540=FACE_OUTER_BOUND('',#782,.T.);
#541=FACE_OUTER_BOUND('',#783,.T.);
#542=FACE_OUTER_BOUND('',#784,.T.);
#543=FACE_OUTER_BOUND('',#785,.T.);
#544=FACE_OUTER_BOUND('',#786,.T.);
#545=FACE_OUTER_BOUND('',#788,.T.);
#546=FACE_OUTER_BOUND('',#796,.T.);
#547=FACE_OUTER_BOUND('',#797,.T.);
#548=FACE_OUTER_BOUND('',#799,.T.);
#549=FACE_OUTER_BOUND('',#800,.T.);
#550=FACE_OUTER_BOUND('',#801,.T.);
#551=FACE_OUTER_BOUND('',#802,.T.);
#552=FACE_OUTER_BOUND('',#803,.T.);
#553=FACE_OUTER_BOUND('',#804,.T.);
#554=FACE_OUTER_BOUND('',#805,.T.);
#555=FACE_OUTER_BOUND('',#806,.T.);
#556=FACE_OUTER_BOUND('',#807,.T.);
#557=FACE_OUTER_BOUND('',#808,.T.);
#558=FACE_OUTER_BOUND('',#809,.T.);
#559=FACE_OUTER_BOUND('',#810,.T.);
#560=FACE_OUTER_BOUND('',#811,.T.);
#561=FACE_OUTER_BOUND('',#812,.T.);
#562=FACE_OUTER_BOUND('',#813,.T.);
#563=FACE_OUTER_BOUND('',#814,.T.);
#564=FACE_OUTER_BOUND('',#815,.T.);
#565=FACE_OUTER_BOUND('',#816,.T.);
#566=FACE_OUTER_BOUND('',#817,.T.);
#567=FACE_OUTER_BOUND('',#818,.T.);
#568=FACE_OUTER_BOUND('',#819,.T.);
#569=FACE_OUTER_BOUND('',#820,.T.);
#570=FACE_OUTER_BOUND('',#821,.T.);
#571=FACE_OUTER_BOUND('',#822,.T.);
#572=FACE_OUTER_BOUND('',#823,.T.);
#573=FACE_OUTER_BOUND('',#824,.T.);
#574=FACE_OUTER_BOUND('',#825,.T.);
#575=FACE_OUTER_BOUND('',#826,.T.);
#576=FACE_OUTER_BOUND('',#827,.T.);
#577=FACE_OUTER_BOUND('',#828,.T.);
#578=FACE_OUTER_BOUND('',#829,.T.);
#579=FACE_OUTER_BOUND('',#830,.T.);
#580=FACE_OUTER_BOUND('',#831,.T.);
#581=FACE_OUTER_BOUND('',#832,.T.);
#582=FACE_OUTER_BOUND('',#833,.T.);
#583=FACE_OUTER_BOUND('',#834,.T.);
#584=FACE_OUTER_BOUND('',#835,.T.);
#585=FACE_OUTER_BOUND('',#836,.T.);
#586=FACE_OUTER_BOUND('',#837,.T.);
#587=FACE_OUTER_BOUND('',#839,.T.);
#588=FACE_OUTER_BOUND('',#845,.T.);
#589=FACE_OUTER_BOUND('',#846,.T.);
#590=FACE_OUTER_BOUND('',#847,.T.);
#591=FACE_OUTER_BOUND('',#848,.T.);
#592=FACE_OUTER_BOUND('',#849,.T.);
#593=FACE_OUTER_BOUND('',#850,.T.);
#594=FACE_OUTER_BOUND('',#851,.T.);
#595=FACE_OUTER_BOUND('',#852,.T.);
#596=FACE_OUTER_BOUND('',#853,.T.);
#597=FACE_OUTER_BOUND('',#854,.T.);
#598=FACE_OUTER_BOUND('',#855,.T.);
#599=FACE_OUTER_BOUND('',#856,.T.);
#600=FACE_OUTER_BOUND('',#857,.T.);
#601=EDGE_LOOP('',(#2561,#2562,#2563,#2564,#2565,#2566));
#602=EDGE_LOOP('',(#2567,#2568,#2569));
#603=EDGE_LOOP('',(#2570,#2571,#2572,#2573,#2574,#2575));
#604=EDGE_LOOP('',(#2576,#2577,#2578,#2579,#2580,#2581,#2582));
#605=EDGE_LOOP('',(#2583,#2584,#2585,#2586,#2587,#2588));
#606=EDGE_LOOP('',(#2589,#2590,#2591));
#607=EDGE_LOOP('',(#2592,#2593,#2594,#2595,#2596,#2597));
#608=EDGE_LOOP('',(#2598,#2599,#2600,#2601));
#609=EDGE_LOOP('',(#2602,#2603,#2604,#2605,#2606));
#610=EDGE_LOOP('',(#2607,#2608,#2609,#2610,#2611));
#611=EDGE_LOOP('',(#2612,#2613,#2614,#2615,#2616,#2617,#2618,#2619,#2620,
#2621,#2622,#2623,#2624,#2625,#2626,#2627,#2628,#2629,#2630,#2631,#2632,
#2633,#2634,#2635,#2636,#2637,#2638,#2639,#2640,#2641,#2642,#2643,#2644,
#2645,#2646,#2647,#2648,#2649,#2650,#2651,#2652));
#612=EDGE_LOOP('',(#2653,#2654,#2655,#2656));
#613=EDGE_LOOP('',(#2657,#2658,#2659,#2660));
#614=EDGE_LOOP('',(#2661,#2662,#2663,#2664,#2665));
#615=EDGE_LOOP('',(#2666,#2667,#2668,#2669,#2670));
#616=EDGE_LOOP('',(#2671,#2672,#2673,#2674,#2675,#2676));
#617=EDGE_LOOP('',(#2677,#2678,#2679,#2680,#2681));
#618=EDGE_LOOP('',(#2682,#2683,#2684,#2685,#2686));
#619=EDGE_LOOP('',(#2687,#2688,#2689,#2690,#2691));
#620=EDGE_LOOP('',(#2692,#2693,#2694,#2695,#2696));
#621=EDGE_LOOP('',(#2697,#2698,#2699,#2700,#2701));
#622=EDGE_LOOP('',(#2702,#2703,#2704,#2705,#2706));
#623=EDGE_LOOP('',(#2707,#2708,#2709,#2710,#2711));
#624=EDGE_LOOP('',(#2712,#2713,#2714,#2715,#2716));
#625=EDGE_LOOP('',(#2717,#2718,#2719,#2720,#2721));
#626=EDGE_LOOP('',(#2722,#2723,#2724,#2725));
#627=EDGE_LOOP('',(#2726,#2727,#2728,#2729));
#628=EDGE_LOOP('',(#2730,#2731,#2732,#2733));
#629=EDGE_LOOP('',(#2734,#2735,#2736,#2737));
#630=EDGE_LOOP('',(#2738,#2739,#2740,#2741));
#631=EDGE_LOOP('',(#2742,#2743,#2744,#2745));
#632=EDGE_LOOP('',(#2746,#2747,#2748,#2749));
#633=EDGE_LOOP('',(#2750,#2751,#2752,#2753));
#634=EDGE_LOOP('',(#2754,#2755,#2756,#2757));
#635=EDGE_LOOP('',(#2758,#2759,#2760,#2761));
#636=EDGE_LOOP('',(#2762,#2763,#2764,#2765));
#637=EDGE_LOOP('',(#2766,#2767,#2768,#2769));
#638=EDGE_LOOP('',(#2770,#2771,#2772,#2773));
#639=EDGE_LOOP('',(#2774,#2775,#2776,#2777));
#640=EDGE_LOOP('',(#2778,#2779,#2780,#2781));
#641=EDGE_LOOP('',(#2782,#2783,#2784,#2785));
#642=EDGE_LOOP('',(#2786,#2787,#2788,#2789,#2790));
#643=EDGE_LOOP('',(#2791,#2792,#2793,#2794));
#644=EDGE_LOOP('',(#2795,#2796,#2797,#2798,#2799,#2800));
#645=EDGE_LOOP('',(#2801,#2802,#2803,#2804,#2805));
#646=EDGE_LOOP('',(#2806,#2807,#2808,#2809,#2810));
#647=EDGE_LOOP('',(#2811,#2812,#2813,#2814));
#648=EDGE_LOOP('',(#2815,#2816,#2817,#2818,#2819));
#649=EDGE_LOOP('',(#2820,#2821,#2822,#2823));
#650=EDGE_LOOP('',(#2824,#2825,#2826,#2827));
#651=EDGE_LOOP('',(#2828,#2829,#2830,#2831));
#652=EDGE_LOOP('',(#2832,#2833,#2834,#2835,#2836));
#653=EDGE_LOOP('',(#2837,#2838,#2839,#2840));
#654=EDGE_LOOP('',(#2841,#2842,#2843,#2844));
#655=EDGE_LOOP('',(#2845,#2846,#2847,#2848,#2849));
#656=EDGE_LOOP('',(#2850,#2851,#2852,#2853,#2854));
#657=EDGE_LOOP('',(#2855,#2856,#2857,#2858));
#658=EDGE_LOOP('',(#2859,#2860,#2861,#2862));
#659=EDGE_LOOP('',(#2863,#2864,#2865,#2866));
#660=EDGE_LOOP('',(#2867,#2868,#2869,#2870));
#661=EDGE_LOOP('',(#2871,#2872,#2873,#2874));
#662=EDGE_LOOP('',(#2875,#2876,#2877,#2878));
#663=EDGE_LOOP('',(#2879,#2880,#2881,#2882));
#664=EDGE_LOOP('',(#2883,#2884,#2885,#2886));
#665=EDGE_LOOP('',(#2887,#2888,#2889,#2890));
#666=EDGE_LOOP('',(#2891,#2892,#2893,#2894));
#667=EDGE_LOOP('',(#2895,#2896,#2897,#2898));
#668=EDGE_LOOP('',(#2899,#2900,#2901,#2902));
#669=EDGE_LOOP('',(#2903,#2904,#2905,#2906));
#670=EDGE_LOOP('',(#2907,#2908,#2909,#2910,#2911,#2912));
#671=EDGE_LOOP('',(#2913,#2914,#2915,#2916));
#672=EDGE_LOOP('',(#2917,#2918,#2919,#2920,#2921,#2922));
#673=EDGE_LOOP('',(#2923,#2924,#2925,#2926));
#674=EDGE_LOOP('',(#2927,#2928,#2929,#2930,#2931,#2932,#2933,#2934,#2935,
#2936,#2937,#2938,#2939,#2940,#2941,#2942,#2943,#2944,#2945,#2946));
#675=EDGE_LOOP('',(#2947,#2948,#2949,#2950));
#676=EDGE_LOOP('',(#2951,#2952,#2953,#2954));
#677=EDGE_LOOP('',(#2955,#2956,#2957,#2958));
#678=EDGE_LOOP('',(#2959,#2960,#2961,#2962));
#679=EDGE_LOOP('',(#2963,#2964,#2965,#2966));
#680=EDGE_LOOP('',(#2967,#2968,#2969,#2970));
#681=EDGE_LOOP('',(#2971,#2972,#2973,#2974));
#682=EDGE_LOOP('',(#2975,#2976,#2977,#2978));
#683=EDGE_LOOP('',(#2979,#2980,#2981,#2982));
#684=EDGE_LOOP('',(#2983,#2984,#2985,#2986,#2987,#2988,#2989,#2990));
#685=EDGE_LOOP('',(#2991,#2992,#2993,#2994,#2995));
#686=EDGE_LOOP('',(#2996,#2997,#2998,#2999,#3000));
#687=EDGE_LOOP('',(#3001,#3002,#3003,#3004,#3005));
#688=EDGE_LOOP('',(#3006,#3007,#3008,#3009));
#689=EDGE_LOOP('',(#3010,#3011,#3012,#3013,#3014));
#690=EDGE_LOOP('',(#3015,#3016,#3017,#3018,#3019));
#691=EDGE_LOOP('',(#3020,#3021,#3022,#3023,#3024));
#692=EDGE_LOOP('',(#3025,#3026,#3027,#3028,#3029));
#693=EDGE_LOOP('',(#3030,#3031,#3032,#3033,#3034,#3035));
#694=EDGE_LOOP('',(#3036,#3037,#3038,#3039,#3040));
#695=EDGE_LOOP('',(#3041,#3042,#3043,#3044,#3045,#3046));
#696=EDGE_LOOP('',(#3047,#3048,#3049,#3050));
#697=EDGE_LOOP('',(#3051,#3052,#3053,#3054,#3055,#3056,#3057,#3058,#3059,
#3060,#3061,#3062,#3063,#3064,#3065,#3066,#3067,#3068,#3069,#3070));
#698=EDGE_LOOP('',(#3071,#3072));
#699=EDGE_LOOP('',(#3073,#3074));
#700=EDGE_LOOP('',(#3075,#3076,#3077,#3078,#3079,#3080,#3081,#3082,#3083,
#3084,#3085,#3086,#3087,#3088,#3089,#3090,#3091,#3092,#3093,#3094));
#701=EDGE_LOOP('',(#3095,#3096));
#702=EDGE_LOOP('',(#3097,#3098));
#703=EDGE_LOOP('',(#3099));
#704=EDGE_LOOP('',(#3100));
#705=EDGE_LOOP('',(#3101));
#706=EDGE_LOOP('',(#3102));
#707=EDGE_LOOP('',(#3103));
#708=EDGE_LOOP('',(#3104));
#709=EDGE_LOOP('',(#3105));
#710=EDGE_LOOP('',(#3106));
#711=EDGE_LOOP('',(#3107));
#712=EDGE_LOOP('',(#3108));
#713=EDGE_LOOP('',(#3109,#3110,#3111,#3112));
#714=EDGE_LOOP('',(#3113,#3114,#3115,#3116));
#715=EDGE_LOOP('',(#3117,#3118,#3119,#3120,#3121,#3122,#3123,#3124,#3125));
#716=EDGE_LOOP('',(#3126,#3127,#3128,#3129));
#717=EDGE_LOOP('',(#3130,#3131));
#718=EDGE_LOOP('',(#3132,#3133));
#719=EDGE_LOOP('',(#3134,#3135,#3136,#3137,#3138,#3139,#3140,#3141,#3142));
#720=EDGE_LOOP('',(#3143,#3144,#3145,#3146));
#721=EDGE_LOOP('',(#3147,#3148,#3149,#3150));
#722=EDGE_LOOP('',(#3151,#3152));
#723=EDGE_LOOP('',(#3153,#3154));
#724=EDGE_LOOP('',(#3155,#3156,#3157,#3158));
#725=EDGE_LOOP('',(#3159,#3160,#3161,#3162));
#726=EDGE_LOOP('',(#3163,#3164,#3165,#3166));
#727=EDGE_LOOP('',(#3167,#3168,#3169,#3170));
#728=EDGE_LOOP('',(#3171,#3172,#3173,#3174));
#729=EDGE_LOOP('',(#3175,#3176,#3177,#3178));
#730=EDGE_LOOP('',(#3179));
#731=EDGE_LOOP('',(#3180));
#732=EDGE_LOOP('',(#3181));
#733=EDGE_LOOP('',(#3182));
#734=EDGE_LOOP('',(#3183));
#735=EDGE_LOOP('',(#3184));
#736=EDGE_LOOP('',(#3185));
#737=EDGE_LOOP('',(#3186));
#738=EDGE_LOOP('',(#3187,#3188,#3189,#3190,#3191));
#739=EDGE_LOOP('',(#3192,#3193,#3194,#3195,#3196));
#740=EDGE_LOOP('',(#3197,#3198,#3199,#3200,#3201));
#741=EDGE_LOOP('',(#3202,#3203,#3204,#3205));
#742=EDGE_LOOP('',(#3206,#3207,#3208,#3209));
#743=EDGE_LOOP('',(#3210,#3211,#3212,#3213,#3214,#3215,#3216,#3217,#3218,
#3219,#3220,#3221,#3222,#3223,#3224,#3225,#3226,#3227,#3228));
#744=EDGE_LOOP('',(#3229));
#745=EDGE_LOOP('',(#3230,#3231,#3232,#3233));
#746=EDGE_LOOP('',(#3234,#3235,#3236,#3237));
#747=EDGE_LOOP('',(#3238,#3239,#3240,#3241));
#748=EDGE_LOOP('',(#3242));
#749=EDGE_LOOP('',(#3243));
#750=EDGE_LOOP('',(#3244));
#751=EDGE_LOOP('',(#3245,#3246,#3247,#3248));
#752=EDGE_LOOP('',(#3249,#3250,#3251,#3252,#3253));
#753=EDGE_LOOP('',(#3254,#3255,#3256,#3257));
#754=EDGE_LOOP('',(#3258,#3259,#3260,#3261,#3262));
#755=EDGE_LOOP('',(#3263,#3264,#3265,#3266));
#756=EDGE_LOOP('',(#3267,#3268,#3269,#3270,#3271));
#757=EDGE_LOOP('',(#3272,#3273,#3274,#3275));
#758=EDGE_LOOP('',(#3276,#3277,#3278,#3279,#3280));
#759=EDGE_LOOP('',(#3281,#3282,#3283,#3284));
#760=EDGE_LOOP('',(#3285,#3286,#3287,#3288,#3289,#3290,#3291,#3292));
#761=EDGE_LOOP('',(#3293,#3294,#3295,#3296,#3297,#3298,#3299,#3300));
#762=EDGE_LOOP('',(#3301,#3302,#3303,#3304));
#763=EDGE_LOOP('',(#3305,#3306,#3307,#3308));
#764=EDGE_LOOP('',(#3309,#3310,#3311,#3312));
#765=EDGE_LOOP('',(#3313,#3314,#3315,#3316));
#766=EDGE_LOOP('',(#3317,#3318,#3319,#3320));
#767=EDGE_LOOP('',(#3321,#3322,#3323,#3324));
#768=EDGE_LOOP('',(#3325,#3326,#3327,#3328));
#769=EDGE_LOOP('',(#3329));
#770=EDGE_LOOP('',(#3330));
#771=EDGE_LOOP('',(#3331,#3332,#3333,#3334));
#772=EDGE_LOOP('',(#3335,#3336,#3337,#3338));
#773=EDGE_LOOP('',(#3339,#3340,#3341,#3342));
#774=EDGE_LOOP('',(#3343,#3344,#3345,#3346));
#775=EDGE_LOOP('',(#3347,#3348,#3349,#3350));
#776=EDGE_LOOP('',(#3351,#3352,#3353,#3354));
#777=EDGE_LOOP('',(#3355,#3356,#3357,#3358));
#778=EDGE_LOOP('',(#3359,#3360,#3361,#3362));
#779=EDGE_LOOP('',(#3363,#3364,#3365,#3366));
#780=EDGE_LOOP('',(#3367,#3368,#3369,#3370));
#781=EDGE_LOOP('',(#3371,#3372,#3373,#3374));
#782=EDGE_LOOP('',(#3375,#3376,#3377,#3378));
#783=EDGE_LOOP('',(#3379,#3380,#3381,#3382));
#784=EDGE_LOOP('',(#3383,#3384,#3385,#3386));
#785=EDGE_LOOP('',(#3387,#3388,#3389,#3390));
#786=EDGE_LOOP('',(#3391,#3392,#3393,#3394));
#787=EDGE_LOOP('',(#3395,#3396,#3397,#3398));
#788=EDGE_LOOP('',(#3399,#3400,#3401,#3402));
#789=EDGE_LOOP('',(#3403));
#790=EDGE_LOOP('',(#3404));
#791=EDGE_LOOP('',(#3405));
#792=EDGE_LOOP('',(#3406));
#793=EDGE_LOOP('',(#3407,#3408,#3409,#3410,#3411,#3412,#3413,#3414));
#794=EDGE_LOOP('',(#3415,#3416,#3417,#3418));
#795=EDGE_LOOP('',(#3419));
#796=EDGE_LOOP('',(#3420,#3421,#3422,#3423));
#797=EDGE_LOOP('',(#3424,#3425,#3426,#3427));
#798=EDGE_LOOP('',(#3428));
#799=EDGE_LOOP('',(#3429,#3430,#3431,#3432));
#800=EDGE_LOOP('',(#3433,#3434,#3435,#3436));
#801=EDGE_LOOP('',(#3437,#3438,#3439,#3440));
#802=EDGE_LOOP('',(#3441,#3442,#3443,#3444));
#803=EDGE_LOOP('',(#3445,#3446,#3447,#3448));
#804=EDGE_LOOP('',(#3449,#3450,#3451,#3452));
#805=EDGE_LOOP('',(#3453,#3454,#3455,#3456));
#806=EDGE_LOOP('',(#3457,#3458,#3459,#3460));
#807=EDGE_LOOP('',(#3461,#3462,#3463,#3464));
#808=EDGE_LOOP('',(#3465,#3466,#3467,#3468));
#809=EDGE_LOOP('',(#3469,#3470,#3471,#3472));
#810=EDGE_LOOP('',(#3473,#3474,#3475,#3476));
#811=EDGE_LOOP('',(#3477,#3478,#3479,#3480));
#812=EDGE_LOOP('',(#3481,#3482,#3483,#3484));
#813=EDGE_LOOP('',(#3485,#3486,#3487,#3488));
#814=EDGE_LOOP('',(#3489,#3490,#3491,#3492));
#815=EDGE_LOOP('',(#3493,#3494,#3495,#3496));
#816=EDGE_LOOP('',(#3497,#3498,#3499,#3500));
#817=EDGE_LOOP('',(#3501,#3502,#3503,#3504));
#818=EDGE_LOOP('',(#3505,#3506,#3507,#3508));
#819=EDGE_LOOP('',(#3509,#3510,#3511,#3512));
#820=EDGE_LOOP('',(#3513,#3514,#3515,#3516));
#821=EDGE_LOOP('',(#3517,#3518,#3519,#3520));
#822=EDGE_LOOP('',(#3521,#3522,#3523,#3524));
#823=EDGE_LOOP('',(#3525,#3526,#3527,#3528));
#824=EDGE_LOOP('',(#3529,#3530,#3531,#3532,#3533,#3534,#3535,#3536));
#825=EDGE_LOOP('',(#3537,#3538,#3539,#3540));
#826=EDGE_LOOP('',(#3541,#3542,#3543,#3544));
#827=EDGE_LOOP('',(#3545,#3546,#3547,#3548));
#828=EDGE_LOOP('',(#3549,#3550,#3551,#3552));
#829=EDGE_LOOP('',(#3553,#3554,#3555,#3556));
#830=EDGE_LOOP('',(#3557,#3558,#3559,#3560));
#831=EDGE_LOOP('',(#3561,#3562,#3563,#3564));
#832=EDGE_LOOP('',(#3565,#3566,#3567,#3568));
#833=EDGE_LOOP('',(#3569,#3570,#3571,#3572));
#834=EDGE_LOOP('',(#3573,#3574,#3575,#3576));
#835=EDGE_LOOP('',(#3577,#3578,#3579,#3580));
#836=EDGE_LOOP('',(#3581,#3582,#3583,#3584));
#837=EDGE_LOOP('',(#3585,#3586,#3587,#3588,#3589,#3590,#3591,#3592));
#838=EDGE_LOOP('',(#3593,#3594,#3595,#3596,#3597,#3598,#3599,#3600));
#839=EDGE_LOOP('',(#3601,#3602,#3603,#3604,#3605,#3606,#3607,#3608,#3609,
#3610,#3611,#3612));
#840=EDGE_LOOP('',(#3613));
#841=EDGE_LOOP('',(#3614));
#842=EDGE_LOOP('',(#3615));
#843=EDGE_LOOP('',(#3616));
#844=EDGE_LOOP('',(#3617,#3618,#3619,#3620,#3621,#3622,#3623,#3624));
#845=EDGE_LOOP('',(#3625,#3626,#3627,#3628));
#846=EDGE_LOOP('',(#3629,#3630,#3631,#3632));
#847=EDGE_LOOP('',(#3633,#3634,#3635,#3636));
#848=EDGE_LOOP('',(#3637,#3638,#3639,#3640));
#849=EDGE_LOOP('',(#3641,#3642,#3643,#3644));
#850=EDGE_LOOP('',(#3645,#3646,#3647,#3648));
#851=EDGE_LOOP('',(#3649,#3650,#3651,#3652));
#852=EDGE_LOOP('',(#3653,#3654,#3655,#3656));
#853=EDGE_LOOP('',(#3657,#3658,#3659,#3660));
#854=EDGE_LOOP('',(#3661,#3662,#3663,#3664));
#855=EDGE_LOOP('',(#3665,#3666,#3667,#3668));
#856=EDGE_LOOP('',(#3669,#3670,#3671,#3672));
#857=EDGE_LOOP('',(#3673,#3674,#3675,#3676,#3677,#3678,#3679,#3680,#3681,
#3682,#3683,#3684));
#858=EDGE_LOOP('',(#3685));
#859=EDGE_LOOP('',(#3686));
#860=EDGE_LOOP('',(#3687));
#861=EDGE_LOOP('',(#3688));
#862=LINE('',#5511,#1223);
#863=LINE('',#5642,#1224);
#864=LINE('',#5685,#1225);
#865=LINE('',#5691,#1226);
#866=LINE('',#5694,#1227);
#867=LINE('',#5735,#1228);
#868=LINE('',#5866,#1229);
#869=LINE('',#5909,#1230);
#870=LINE('',#5912,#1231);
#871=LINE('',#5915,#1232);
#872=LINE('',#5917,#1233);
#873=LINE('',#5919,#1234);
#874=LINE('',#5920,#1235);
#875=LINE('',#5923,#1236);
#876=LINE('',#5925,#1237);
#877=LINE('',#5926,#1238);
#878=LINE('',#5929,#1239);
#879=LINE('',#5931,#1240);
#880=LINE('',#5933,#1241);
#881=LINE('',#5937,#1242);
#882=LINE('',#5939,#1243);
#883=LINE('',#5941,#1244);
#884=LINE('',#5943,#1245);
#885=LINE('',#5947,#1246);
#886=LINE('',#5949,#1247);
#887=LINE('',#5951,#1248);
#888=LINE('',#5953,#1249);
#889=LINE('',#5959,#1250);
#890=LINE('',#5961,#1251);
#891=LINE('',#5965,#1252);
#892=LINE('',#5967,#1253);
#893=LINE('',#5969,#1254);
#894=LINE('',#5971,#1255);
#895=LINE('',#5977,#1256);
#896=LINE('',#5979,#1257);
#897=LINE('',#5983,#1258);
#898=LINE('',#5985,#1259);
#899=LINE('',#5989,#1260);
#900=LINE('',#5990,#1261);
#901=LINE('',#5992,#1262);
#902=LINE('',#5996,#1263);
#903=LINE('',#6000,#1264);
#904=LINE('',#6003,#1265);
#905=LINE('',#6006,#1266);
#906=LINE('',#6008,#1267);
#907=LINE('',#6010,#1268);
#908=LINE('',#6011,#1269);
#909=LINE('',#6014,#1270);
#910=LINE('',#6016,#1271);
#911=LINE('',#6018,#1272);
#912=LINE('',#6019,#1273);
#913=LINE('',#6024,#1274);
#914=LINE('',#6026,#1275);
#915=LINE('',#6028,#1276);
#916=LINE('',#6029,#1277);
#917=LINE('',#6034,#1278);
#918=LINE('',#6036,#1279);
#919=LINE('',#6038,#1280);
#920=LINE('',#6039,#1281);
#921=LINE('',#6042,#1282);
#922=LINE('',#6044,#1283);
#923=LINE('',#6046,#1284);
#924=LINE('',#6047,#1285);
#925=LINE('',#6061,#1286);
#926=LINE('',#6062,#1287);
#927=LINE('',#6077,#1288);
#928=LINE('',#6078,#1289);
#929=LINE('',#6079,#1290);
#930=LINE('',#6094,#1291);
#931=LINE('',#6096,#1292);
#932=LINE('',#6098,#1293);
#933=LINE('',#6099,#1294);
#934=LINE('',#6114,#1295);
#935=LINE('',#6116,#1296);
#936=LINE('',#6118,#1297);
#937=LINE('',#6119,#1298);
#938=LINE('',#6134,#1299);
#939=LINE('',#6135,#1300);
#940=LINE('',#6136,#1301);
#941=LINE('',#6151,#1302);
#942=LINE('',#6152,#1303);
#943=LINE('',#6153,#1304);
#944=LINE('',#6168,#1305);
#945=LINE('',#6169,#1306);
#946=LINE('',#6170,#1307);
#947=LINE('',#6184,#1308);
#948=LINE('',#6186,#1309);
#949=LINE('',#6187,#1310);
#950=LINE('',#6202,#1311);
#951=LINE('',#6203,#1312);
#952=LINE('',#6204,#1313);
#953=LINE('',#6208,#1314);
#954=LINE('',#6209,#1315);
#955=LINE('',#6210,#1316);
#956=LINE('',#6213,#1317);
#957=LINE('',#6214,#1318);
#958=LINE('',#6217,#1319);
#959=LINE('',#6218,#1320);
#960=LINE('',#6220,#1321);
#961=LINE('',#6224,#1322);
#962=LINE('',#6225,#1323);
#963=LINE('',#6226,#1324);
#964=LINE('',#6229,#1325);
#965=LINE('',#6230,#1326);
#966=LINE('',#6233,#1327);
#967=LINE('',#6234,#1328);
#968=LINE('',#6236,#1329);
#969=LINE('',#6240,#1330);
#970=LINE('',#6241,#1331);
#971=LINE('',#6242,#1332);
#972=LINE('',#6245,#1333);
#973=LINE('',#6246,#1334);
#974=LINE('',#6249,#1335);
#975=LINE('',#6250,#1336);
#976=LINE('',#6253,#1337);
#977=LINE('',#6254,#1338);
#978=LINE('',#6260,#1339);
#979=LINE('',#6262,#1340);
#980=LINE('',#6264,#1341);
#981=LINE('',#6265,#1342);
#982=LINE('',#6267,#1343);
#983=LINE('',#6268,#1344);
#984=LINE('',#6285,#1345);
#985=LINE('',#6287,#1346);
#986=LINE('',#6288,#1347);
#987=LINE('',#6291,#1348);
#988=LINE('',#6292,#1349);
#989=LINE('',#6294,#1350);
#990=LINE('',#6295,#1351);
#991=LINE('',#6310,#1352);
#992=LINE('',#6311,#1353);
#993=LINE('',#6312,#1354);
#994=LINE('',#6327,#1355);
#995=LINE('',#6329,#1356);
#996=LINE('',#6331,#1357);
#997=LINE('',#6332,#1358);
#998=LINE('',#6334,#1359);
#999=LINE('',#6335,#1360);
#1000=LINE('',#6349,#1361);
#1001=LINE('',#6351,#1362);
#1002=LINE('',#6352,#1363);
#1003=LINE('',#6355,#1364);
#1004=LINE('',#6356,#1365);
#1005=LINE('',#6360,#1366);
#1006=LINE('',#6362,#1367);
#1007=LINE('',#6376,#1368);
#1008=LINE('',#6378,#1369);
#1009=LINE('',#6379,#1370);
#1010=LINE('',#6382,#1371);
#1011=LINE('',#6383,#1372);
#1012=LINE('',#6385,#1373);
#1013=LINE('',#6399,#1374);
#1014=LINE('',#6400,#1375);
#1015=LINE('',#6414,#1376);
#1016=LINE('',#6416,#1377);
#1017=LINE('',#6417,#1378);
#1018=LINE('',#6420,#1379);
#1019=LINE('',#6421,#1380);
#1020=LINE('',#6423,#1381);
#1021=LINE('',#6426,#1382);
#1022=LINE('',#6427,#1383);
#1023=LINE('',#6429,#1384);
#1024=LINE('',#6433,#1385);
#1025=LINE('',#6434,#1386);
#1026=LINE('',#6435,#1387);
#1027=LINE('',#6438,#1388);
#1028=LINE('',#6439,#1389);
#1029=LINE('',#6442,#1390);
#1030=LINE('',#6443,#1391);
#1031=LINE('',#6446,#1392);
#1032=LINE('',#6447,#1393);
#1033=LINE('',#6453,#1394);
#1034=LINE('',#6454,#1395);
#1035=LINE('',#6455,#1396);
#1036=LINE('',#6459,#1397);
#1037=LINE('',#6462,#1398);
#1038=LINE('',#6463,#1399);
#1039=LINE('',#6467,#1400);
#1040=LINE('',#6470,#1401);
#1041=LINE('',#6472,#1402);
#1042=LINE('',#6473,#1403);
#1043=LINE('',#6479,#1404);
#1044=LINE('',#6482,#1405);
#1045=LINE('',#6483,#1406);
#1046=LINE('',#6484,#1407);
#1047=LINE('',#6517,#1408);
#1048=LINE('',#6519,#1409);
#1049=LINE('',#6521,#1410);
#1050=LINE('',#6522,#1411);
#1051=LINE('',#6538,#1412);
#1052=LINE('',#6542,#1413);
#1053=LINE('',#6564,#1414);
#1054=LINE('',#6568,#1415);
#1055=LINE('',#6572,#1416);
#1056=LINE('',#6573,#1417);
#1057=LINE('',#6577,#1418);
#1058=LINE('',#6581,#1419);
#1059=LINE('',#6582,#1420);
#1060=LINE('',#6586,#1421);
#1061=LINE('',#6590,#1422);
#1062=LINE('',#6594,#1423);
#1063=LINE('',#6597,#1424);
#1064=LINE('',#6599,#1425);
#1065=LINE('',#6600,#1426);
#1066=LINE('',#6603,#1427);
#1067=LINE('',#6604,#1428);
#1068=LINE('',#6607,#1429);
#1069=LINE('',#6608,#1430);
#1070=LINE('',#6610,#1431);
#1071=LINE('',#6619,#1432);
#1072=LINE('',#6627,#1433);
#1073=LINE('',#6635,#1434);
#1074=LINE('',#6641,#1435);
#1075=LINE('',#6646,#1436);
#1076=LINE('',#6648,#1437);
#1077=LINE('',#6650,#1438);
#1078=LINE('',#6651,#1439);
#1079=LINE('',#6653,#1440);
#1080=LINE('',#6656,#1441);
#1081=LINE('',#6658,#1442);
#1082=LINE('',#6661,#1443);
#1083=LINE('',#6663,#1444);
#1084=LINE('',#6666,#1445);
#1085=LINE('',#6668,#1446);
#1086=LINE('',#6671,#1447);
#1087=LINE('',#6676,#1448);
#1088=LINE('',#6678,#1449);
#1089=LINE('',#6680,#1450);
#1090=LINE('',#6681,#1451);
#1091=LINE('',#6691,#1452);
#1092=LINE('',#6693,#1453);
#1093=LINE('',#6695,#1454);
#1094=LINE('',#6696,#1455);
#1095=LINE('',#6703,#1456);
#1096=LINE('',#6708,#1457);
#1097=LINE('',#6716,#1458);
#1098=LINE('',#6724,#1459);
#1099=LINE('',#6732,#1460);
#1100=LINE('',#6741,#1461);
#1101=LINE('',#6745,#1462);
#1102=LINE('',#6749,#1463);
#1103=LINE('',#6752,#1464);
#1104=LINE('',#6757,#1465);
#1105=LINE('',#6761,#1466);
#1106=LINE('',#6765,#1467);
#1107=LINE('',#6768,#1468);
#1108=LINE('',#6772,#1469);
#1109=LINE('',#6774,#1470);
#1110=LINE('',#6776,#1471);
#1111=LINE('',#6777,#1472);
#1112=LINE('',#6787,#1473);
#1113=LINE('',#6789,#1474);
#1114=LINE('',#6790,#1475);
#1115=LINE('',#6794,#1476);
#1116=LINE('',#6797,#1477);
#1117=LINE('',#6798,#1478);
#1118=LINE('',#6802,#1479);
#1119=LINE('',#6805,#1480);
#1120=LINE('',#6806,#1481);
#1121=LINE('',#6810,#1482);
#1122=LINE('',#6813,#1483);
#1123=LINE('',#6814,#1484);
#1124=LINE('',#6820,#1485);
#1125=LINE('',#6823,#1486);
#1126=LINE('',#6825,#1487);
#1127=LINE('',#6826,#1488);
#1128=LINE('',#6829,#1489);
#1129=LINE('',#6830,#1490);
#1130=LINE('',#6833,#1491);
#1131=LINE('',#6834,#1492);
#1132=LINE('',#6836,#1493);
#1133=LINE('',#6838,#1494);
#1134=LINE('',#6839,#1495);
#1135=LINE('',#6841,#1496);
#1136=LINE('',#6842,#1497);
#1137=LINE('',#6846,#1498);
#1138=LINE('',#6848,#1499);
#1139=LINE('',#6850,#1500);
#1140=LINE('',#6851,#1501);
#1141=LINE('',#6854,#1502);
#1142=LINE('',#6856,#1503);
#1143=LINE('',#6857,#1504);
#1144=LINE('',#6860,#1505);
#1145=LINE('',#6861,#1506);
#1146=LINE('',#6864,#1507);
#1147=LINE('',#6865,#1508);
#1148=LINE('',#6867,#1509);
#1149=LINE('',#6874,#1510);
#1150=LINE('',#6876,#1511);
#1151=LINE('',#6878,#1512);
#1152=LINE('',#6879,#1513);
#1153=LINE('',#6882,#1514);
#1154=LINE('',#6884,#1515);
#1155=LINE('',#6885,#1516);
#1156=LINE('',#6888,#1517);
#1157=LINE('',#6890,#1518);
#1158=LINE('',#6891,#1519);
#1159=LINE('',#6901,#1520);
#1160=LINE('',#6907,#1521);
#1161=LINE('',#6913,#1522);
#1162=LINE('',#6919,#1523);
#1163=LINE('',#6926,#1524);
#1164=LINE('',#6929,#1525);
#1165=LINE('',#6948,#1526);
#1166=LINE('',#6949,#1527);
#1167=LINE('',#6968,#1528);
#1168=LINE('',#6969,#1529);
#1169=LINE('',#6988,#1530);
#1170=LINE('',#6989,#1531);
#1171=LINE('',#7003,#1532);
#1172=LINE('',#7006,#1533);
#1173=LINE('',#7009,#1534);
#1174=LINE('',#7010,#1535);
#1175=LINE('',#7013,#1536);
#1176=LINE('',#7017,#1537);
#1177=LINE('',#7018,#1538);
#1178=LINE('',#7022,#1539);
#1179=LINE('',#7023,#1540);
#1180=LINE('',#7027,#1541);
#1181=LINE('',#7030,#1542);
#1182=LINE('',#7031,#1543);
#1183=LINE('',#7037,#1544);
#1184=LINE('',#7039,#1545);
#1185=LINE('',#7041,#1546);
#1186=LINE('',#7042,#1547);
#1187=LINE('',#7048,#1548);
#1188=LINE('',#7051,#1549);
#1189=LINE('',#7053,#1550);
#1190=LINE('',#7054,#1551);
#1191=LINE('',#7060,#1552);
#1192=LINE('',#7063,#1553);
#1193=LINE('',#7065,#1554);
#1194=LINE('',#7066,#1555);
#1195=LINE('',#7072,#1556);
#1196=LINE('',#7075,#1557);
#1197=LINE('',#7077,#1558);
#1198=LINE('',#7078,#1559);
#1199=LINE('',#7086,#1560);
#1200=LINE('',#7090,#1561);
#1201=LINE('',#7092,#1562);
#1202=LINE('',#7098,#1563);
#1203=LINE('',#7102,#1564);
#1204=LINE('',#7106,#1565);
#1205=LINE('',#7110,#1566);
#1206=LINE('',#7113,#1567);
#1207=LINE('',#7116,#1568);
#1208=LINE('',#7117,#1569);
#1209=LINE('',#7120,#1570);
#1210=LINE('',#7121,#1571);
#1211=LINE('',#7125,#1572);
#1212=LINE('',#7129,#1573);
#1213=LINE('',#7132,#1574);
#1214=LINE('',#7133,#1575);
#1215=LINE('',#7137,#1576);
#1216=LINE('',#7140,#1577);
#1217=LINE('',#7141,#1578);
#1218=LINE('',#7145,#1579);
#1219=LINE('',#7148,#1580);
#1220=LINE('',#7149,#1581);
#1221=LINE('',#7153,#1582);
#1222=LINE('',#7155,#1583);
#1223=VECTOR('',#4372,1.6);
#1224=VECTOR('',#4375,1.6);
#1225=VECTOR('',#4380,10.);
#1226=VECTOR('',#4385,10.);
#1227=VECTOR('',#4388,10.);
#1228=VECTOR('',#4391,1.6);
#1229=VECTOR('',#4394,1.6);
#1230=VECTOR('',#4399,10.);
#1231=VECTOR('',#4402,10.);
#1232=VECTOR('',#4405,10.);
#1233=VECTOR('',#4406,10.);
#1234=VECTOR('',#4407,10.);
#1235=VECTOR('',#4408,10.);
#1236=VECTOR('',#4411,10.);
#1237=VECTOR('',#4412,10.);
#1238=VECTOR('',#4413,10.);
#1239=VECTOR('',#4416,10.);
#1240=VECTOR('',#4417,10.);
#1241=VECTOR('',#4418,10.);
#1242=VECTOR('',#4421,10.);
#1243=VECTOR('',#4422,10.);
#1244=VECTOR('',#4423,10.);
#1245=VECTOR('',#4424,10.);
#1246=VECTOR('',#4427,10.);
#1247=VECTOR('',#4428,10.);
#1248=VECTOR('',#4429,10.);
#1249=VECTOR('',#4430,10.);
#1250=VECTOR('',#4435,10.);
#1251=VECTOR('',#4436,10.);
#1252=VECTOR('',#4439,10.);
#1253=VECTOR('',#4440,10.);
#1254=VECTOR('',#4441,10.);
#1255=VECTOR('',#4442,10.);
#1256=VECTOR('',#4447,10.);
#1257=VECTOR('',#4448,10.);
#1258=VECTOR('',#4451,10.);
#1259=VECTOR('',#4452,10.);
#1260=VECTOR('',#4455,10.);
#1261=VECTOR('',#4456,10.);
#1262=VECTOR('',#4457,10.);
#1263=VECTOR('',#4460,10.);
#1264=VECTOR('',#4463,10.);
#1265=VECTOR('',#4466,10.);
#1266=VECTOR('',#4467,10.);
#1267=VECTOR('',#4468,10.);
#1268=VECTOR('',#4469,10.);
#1269=VECTOR('',#4470,10.);
#1270=VECTOR('',#4471,10.);
#1271=VECTOR('',#4472,10.);
#1272=VECTOR('',#4473,10.);
#1273=VECTOR('',#4474,10.);
#1274=VECTOR('',#4477,10.);
#1275=VECTOR('',#4478,10.);
#1276=VECTOR('',#4479,10.);
#1277=VECTOR('',#4480,10.);
#1278=VECTOR('',#4483,10.);
#1279=VECTOR('',#4484,10.);
#1280=VECTOR('',#4485,10.);
#1281=VECTOR('',#4486,10.);
#1282=VECTOR('',#4489,10.);
#1283=VECTOR('',#4490,10.);
#1284=VECTOR('',#4491,10.);
#1285=VECTOR('',#4492,10.);
#1286=VECTOR('',#4495,10.);
#1287=VECTOR('',#4496,10.);
#1288=VECTOR('',#4499,10.);
#1289=VECTOR('',#4500,10.);
#1290=VECTOR('',#4501,10.);
#1291=VECTOR('',#4504,10.);
#1292=VECTOR('',#4505,10.);
#1293=VECTOR('',#4506,10.);
#1294=VECTOR('',#4507,10.);
#1295=VECTOR('',#4510,10.);
#1296=VECTOR('',#4511,10.);
#1297=VECTOR('',#4512,10.);
#1298=VECTOR('',#4513,10.);
#1299=VECTOR('',#4516,10.);
#1300=VECTOR('',#4517,10.);
#1301=VECTOR('',#4518,10.);
#1302=VECTOR('',#4521,10.);
#1303=VECTOR('',#4522,10.);
#1304=VECTOR('',#4523,10.);
#1305=VECTOR('',#4526,10.);
#1306=VECTOR('',#4527,10.);
#1307=VECTOR('',#4528,10.);
#1308=VECTOR('',#4531,10.);
#1309=VECTOR('',#4532,10.);
#1310=VECTOR('',#4533,10.);
#1311=VECTOR('',#4536,10.);
#1312=VECTOR('',#4537,10.);
#1313=VECTOR('',#4538,10.);
#1314=VECTOR('',#4541,10.);
#1315=VECTOR('',#4542,10.);
#1316=VECTOR('',#4543,10.);
#1317=VECTOR('',#4546,10.);
#1318=VECTOR('',#4547,10.);
#1319=VECTOR('',#4550,10.);
#1320=VECTOR('',#4551,10.);
#1321=VECTOR('',#4554,10.);
#1322=VECTOR('',#4557,10.);
#1323=VECTOR('',#4558,10.);
#1324=VECTOR('',#4559,10.);
#1325=VECTOR('',#4562,10.);
#1326=VECTOR('',#4563,10.);
#1327=VECTOR('',#4566,10.);
#1328=VECTOR('',#4567,10.);
#1329=VECTOR('',#4570,10.);
#1330=VECTOR('',#4573,10.);
#1331=VECTOR('',#4574,10.);
#1332=VECTOR('',#4575,10.);
#1333=VECTOR('',#4578,10.);
#1334=VECTOR('',#4579,10.);
#1335=VECTOR('',#4582,10.);
#1336=VECTOR('',#4583,10.);
#1337=VECTOR('',#4586,10.);
#1338=VECTOR('',#4587,10.);
#1339=VECTOR('',#4594,10.);
#1340=VECTOR('',#4595,10.);
#1341=VECTOR('',#4596,10.);
#1342=VECTOR('',#4597,10.);
#1343=VECTOR('',#4600,10.);
#1344=VECTOR('',#4601,10.);
#1345=VECTOR('',#4610,10.);
#1346=VECTOR('',#4611,10.);
#1347=VECTOR('',#4612,10.);
#1348=VECTOR('',#4615,10.);
#1349=VECTOR('',#4616,10.);
#1350=VECTOR('',#4619,10.);
#1351=VECTOR('',#4620,10.);
#1352=VECTOR('',#4623,10.);
#1353=VECTOR('',#4624,10.);
#1354=VECTOR('',#4625,10.);
#1355=VECTOR('',#4628,10.);
#1356=VECTOR('',#4629,10.);
#1357=VECTOR('',#4630,10.);
#1358=VECTOR('',#4631,10.);
#1359=VECTOR('',#4634,10.);
#1360=VECTOR('',#4635,10.);
#1361=VECTOR('',#4638,10.);
#1362=VECTOR('',#4639,10.);
#1363=VECTOR('',#4640,10.);
#1364=VECTOR('',#4643,10.);
#1365=VECTOR('',#4644,10.);
#1366=VECTOR('',#4649,10.);
#1367=VECTOR('',#4652,10.);
#1368=VECTOR('',#4655,10.);
#1369=VECTOR('',#4656,10.);
#1370=VECTOR('',#4657,10.);
#1371=VECTOR('',#4660,10.);
#1372=VECTOR('',#4661,10.);
#1373=VECTOR('',#4664,10.);
#1374=VECTOR('',#4667,10.);
#1375=VECTOR('',#4668,10.);
#1376=VECTOR('',#4671,10.);
#1377=VECTOR('',#4672,10.);
#1378=VECTOR('',#4673,10.);
#1379=VECTOR('',#4676,10.);
#1380=VECTOR('',#4677,10.);
#1381=VECTOR('',#4680,10.);
#1382=VECTOR('',#4683,10.);
#1383=VECTOR('',#4684,10.);
#1384=VECTOR('',#4687,10.);
#1385=VECTOR('',#4690,10.);
#1386=VECTOR('',#4691,10.);
#1387=VECTOR('',#4692,10.);
#1388=VECTOR('',#4695,10.);
#1389=VECTOR('',#4696,10.);
#1390=VECTOR('',#4699,10.);
#1391=VECTOR('',#4700,10.);
#1392=VECTOR('',#4703,10.);
#1393=VECTOR('',#4704,10.);
#1394=VECTOR('',#4711,10.);
#1395=VECTOR('',#4712,10.);
#1396=VECTOR('',#4713,10.);
#1397=VECTOR('',#4718,10.);
#1398=VECTOR('',#4721,10.);
#1399=VECTOR('',#4722,10.);
#1400=VECTOR('',#4727,10.);
#1401=VECTOR('',#4730,10.);
#1402=VECTOR('',#4731,10.);
#1403=VECTOR('',#4732,10.);
#1404=VECTOR('',#4739,10.);
#1405=VECTOR('',#4742,10.);
#1406=VECTOR('',#4743,10.);
#1407=VECTOR('',#4744,10.);
#1408=VECTOR('',#4805,10.);
#1409=VECTOR('',#4806,10.);
#1410=VECTOR('',#4807,10.);
#1411=VECTOR('',#4808,10.);
#1412=VECTOR('',#4837,10.);
#1413=VECTOR('',#4842,10.);
#1414=VECTOR('',#4867,1.5);
#1415=VECTOR('',#4872,1.5);
#1416=VECTOR('',#4877,1.5);
#1417=VECTOR('',#4878,1.5);
#1418=VECTOR('',#4883,2.6);
#1419=VECTOR('',#4888,1.5);
#1420=VECTOR('',#4889,1.5);
#1421=VECTOR('',#4894,1.5);
#1422=VECTOR('',#4899,2.6);
#1423=VECTOR('',#4904,1.5);
#1424=VECTOR('',#4907,10.);
#1425=VECTOR('',#4908,10.);
#1426=VECTOR('',#4909,10.);
#1427=VECTOR('',#4912,10.);
#1428=VECTOR('',#4913,10.);
#1429=VECTOR('',#4916,10.);
#1430=VECTOR('',#4917,10.);
#1431=VECTOR('',#4920,10.);
#1432=VECTOR('',#4931,1.6);
#1433=VECTOR('',#4940,1.6);
#1434=VECTOR('',#4949,1.6);
#1435=VECTOR('',#4956,1.6);
#1436=VECTOR('',#4961,10.);
#1437=VECTOR('',#4962,10.);
#1438=VECTOR('',#4963,10.);
#1439=VECTOR('',#4964,10.);
#1440=VECTOR('',#4965,10.);
#1441=VECTOR('',#4968,10.);
#1442=VECTOR('',#4969,10.);
#1443=VECTOR('',#4972,10.);
#1444=VECTOR('',#4973,10.);
#1445=VECTOR('',#4976,10.);
#1446=VECTOR('',#4977,10.);
#1447=VECTOR('',#4980,10.);
#1448=VECTOR('',#4983,10.);
#1449=VECTOR('',#4984,10.);
#1450=VECTOR('',#4985,10.);
#1451=VECTOR('',#4986,10.);
#1452=VECTOR('',#4997,10.);
#1453=VECTOR('',#4998,10.);
#1454=VECTOR('',#4999,10.);
#1455=VECTOR('',#5000,10.);
#1456=VECTOR('',#5009,18.);
#1457=VECTOR('',#5014,10.);
#1458=VECTOR('',#5025,10.);
#1459=VECTOR('',#5036,10.);
#1460=VECTOR('',#5047,10.);
#1461=VECTOR('',#5058,10.);
#1462=VECTOR('',#5061,10.);
#1463=VECTOR('',#5064,10.);
#1464=VECTOR('',#5067,10.);
#1465=VECTOR('',#5072,10.);
#1466=VECTOR('',#5077,10.);
#1467=VECTOR('',#5082,10.);
#1468=VECTOR('',#5087,10.);
#1469=VECTOR('',#5090,10.);
#1470=VECTOR('',#5091,10.);
#1471=VECTOR('',#5092,10.);
#1472=VECTOR('',#5093,10.);
#1473=VECTOR('',#5106,10.);
#1474=VECTOR('',#5107,10.);
#1475=VECTOR('',#5108,10.);
#1476=VECTOR('',#5113,10.);
#1477=VECTOR('',#5116,10.);
#1478=VECTOR('',#5117,10.);
#1479=VECTOR('',#5122,10.);
#1480=VECTOR('',#5125,10.);
#1481=VECTOR('',#5126,10.);
#1482=VECTOR('',#5131,10.);
#1483=VECTOR('',#5134,10.);
#1484=VECTOR('',#5135,10.);
#1485=VECTOR('',#5144,3.4);
#1486=VECTOR('',#5147,10.);
#1487=VECTOR('',#5148,10.);
#1488=VECTOR('',#5149,10.);
#1489=VECTOR('',#5152,10.);
#1490=VECTOR('',#5153,10.);
#1491=VECTOR('',#5156,10.);
#1492=VECTOR('',#5157,10.);
#1493=VECTOR('',#5160,10.);
#1494=VECTOR('',#5163,10.);
#1495=VECTOR('',#5164,10.);
#1496=VECTOR('',#5167,10.);
#1497=VECTOR('',#5168,10.);
#1498=VECTOR('',#5171,10.);
#1499=VECTOR('',#5172,10.);
#1500=VECTOR('',#5173,10.);
#1501=VECTOR('',#5174,10.);
#1502=VECTOR('',#5177,10.);
#1503=VECTOR('',#5178,10.);
#1504=VECTOR('',#5179,10.);
#1505=VECTOR('',#5182,10.);
#1506=VECTOR('',#5183,10.);
#1507=VECTOR('',#5186,10.);
#1508=VECTOR('',#5187,10.);
#1509=VECTOR('',#5190,10.);
#1510=VECTOR('',#5199,10.);
#1511=VECTOR('',#5200,10.);
#1512=VECTOR('',#5201,10.);
#1513=VECTOR('',#5202,10.);
#1514=VECTOR('',#5205,10.);
#1515=VECTOR('',#5206,10.);
#1516=VECTOR('',#5207,10.);
#1517=VECTOR('',#5210,10.);
#1518=VECTOR('',#5211,10.);
#1519=VECTOR('',#5212,10.);
#1520=VECTOR('',#5227,1.6);
#1521=VECTOR('',#5234,1.6);
#1522=VECTOR('',#5241,1.6);
#1523=VECTOR('',#5248,1.6);
#1524=VECTOR('',#5255,10.);
#1525=VECTOR('',#5258,10.);
#1526=VECTOR('',#5269,10.);
#1527=VECTOR('',#5270,10.);
#1528=VECTOR('',#5281,10.);
#1529=VECTOR('',#5282,10.);
#1530=VECTOR('',#5293,10.);
#1531=VECTOR('',#5294,10.);
#1532=VECTOR('',#5301,10.);
#1533=VECTOR('',#5304,10.);
#1534=VECTOR('',#5307,10.);
#1535=VECTOR('',#5308,10.);
#1536=VECTOR('',#5311,10.);
#1537=VECTOR('',#5316,10.);
#1538=VECTOR('',#5317,10.);
#1539=VECTOR('',#5322,10.);
#1540=VECTOR('',#5323,10.);
#1541=VECTOR('',#5328,10.);
#1542=VECTOR('',#5331,10.);
#1543=VECTOR('',#5332,10.);
#1544=VECTOR('',#5339,10.);
#1545=VECTOR('',#5340,10.);
#1546=VECTOR('',#5341,10.);
#1547=VECTOR('',#5342,10.);
#1548=VECTOR('',#5349,10.);
#1549=VECTOR('',#5352,10.);
#1550=VECTOR('',#5353,10.);
#1551=VECTOR('',#5354,10.);
#1552=VECTOR('',#5361,10.);
#1553=VECTOR('',#5364,10.);
#1554=VECTOR('',#5365,10.);
#1555=VECTOR('',#5366,10.);
#1556=VECTOR('',#5373,10.);
#1557=VECTOR('',#5376,10.);
#1558=VECTOR('',#5377,10.);
#1559=VECTOR('',#5378,10.);
#1560=VECTOR('',#5389,10.);
#1561=VECTOR('',#5392,10.);
#1562=VECTOR('',#5393,10.);
#1563=VECTOR('',#5398,10.);
#1564=VECTOR('',#5401,10.);
#1565=VECTOR('',#5404,10.);
#1566=VECTOR('',#5409,10.);
#1567=VECTOR('',#5412,10.);
#1568=VECTOR('',#5415,10.);
#1569=VECTOR('',#5416,10.);
#1570=VECTOR('',#5419,10.);
#1571=VECTOR('',#5420,10.);
#1572=VECTOR('',#5425,10.);
#1573=VECTOR('',#5430,10.);
#1574=VECTOR('',#5433,10.);
#1575=VECTOR('',#5434,10.);
#1576=VECTOR('',#5439,10.);
#1577=VECTOR('',#5442,10.);
#1578=VECTOR('',#5443,10.);
#1579=VECTOR('',#5448,10.);
#1580=VECTOR('',#5451,10.);
#1581=VECTOR('',#5452,10.);
#1582=VECTOR('',#5457,10.);
#1583=VECTOR('',#5460,10.);
#1584=B_SPLINE_CURVE_WITH_KNOTS('',3,(#5474,#5475,#5476,#5477,#5478,#5479,
#5480,#5481,#5482,#5483),.UNSPECIFIED.,.F.,.F.,(4,2,2,2,4),(0.,0.0603905610312927,
0.120781122062585,0.181256435574082,0.241731749085579),.UNSPECIFIED.);
#1585=B_SPLINE_CURVE_WITH_KNOTS('',3,(#5484,#5485,#5486,#5487,#5488,#5489,
#5490,#5491,#5492,#5493,#5494,#5495,#5496,#5497,#5498,#5499,#5500,#5501,
#5502,#5503,#5504,#5505,#5506,#5507,#5508,#5509),.UNSPECIFIED.,.F.,.F.,
(4,2,2,2,2,2,2,2,2,2,2,2,4),(0.241731749085579,0.302047062165621,0.362362375245663,
0.422735149364173,0.483107923482684,0.543480697601195,0.603853471719705,
0.664168784799747,0.724484097879789,0.784959411391286,0.845434724902783,
0.905825285934075,0.966215846965368),.UNSPECIFIED.);
#1586=B_SPLINE_CURVE_WITH_KNOTS('',3,(#5513,#5514,#5515,#5516,#5517,#5518,
#5519,#5520,#5521,#5522),.UNSPECIFIED.,.F.,.F.,(4,2,2,2,4),(0.,0.0621066366992127,
0.124213273398425,0.185184429587654,0.246155585776883),.UNSPECIFIED.);
#1587=B_SPLINE_CURVE_WITH_KNOTS('',3,(#5523,#5524,#5525,#5526,#5527,#5528,
#5529,#5530,#5531,#5532,#5533,#5534,#5535,#5536,#5537,#5538,#5539,#5540,
#5541,#5542,#5543,#5544,#5545,#5546,#5547,#5548),.UNSPECIFIED.,.F.,.F.,
(4,2,2,2,2,2,2,2,2,2,2,2,4),(0.246155585776883,0.309949304126196,0.373743022475508,
0.436911954262992,0.500080886050475,0.563249817837959,0.626418749625442,
0.690212467974755,0.754006186324067,0.814977342513296,0.875948498702525,
0.938055135401738,1.00016177210095),.UNSPECIFIED.);
#1588=B_SPLINE_CURVE_WITH_KNOTS('',3,(#5551,#5552,#5553,#5554,#5555,#5556),
 .UNSPECIFIED.,.F.,.F.,(4,2,4),(0.,0.0614795205597317,0.116303089817781),
 .UNSPECIFIED.);
#1589=B_SPLINE_CURVE_WITH_KNOTS('',3,(#5558,#5559,#5560,#5561,#5562,#5563,
#5564,#5565,#5566,#5567,#5568,#5569,#5570,#5571,#5572,#5573,#5574,#5575,
#5576,#5577,#5578,#5579,#5580,#5581,#5582,#5583),.UNSPECIFIED.,.F.,.F.,
(4,2,2,2,2,2,2,2,2,2,2,2,4),(0.445477719983898,0.500301289241947,0.561780809801679,
0.623260330361411,0.684739850921144,0.739407151094603,0.791039182898561,
0.84267121470252,0.894303246506479,0.945935278310437,1.0006025784839,1.06208209904363,
1.12356161960336),.UNSPECIFIED.);
#1590=B_SPLINE_CURVE_WITH_KNOTS('',3,(#5584,#5585,#5586,#5587,#5588,#5589,
#5590,#5591,#5592,#5593,#5594,#5595,#5596,#5597,#5598,#5599,#5600,#5601),
 .UNSPECIFIED.,.F.,.F.,(4,2,2,2,2,2,2,2,4),(0.116303089817781,0.122959041119463,
0.177626341292922,0.229258373096881,0.280890404900839,0.332522436704798,
0.384154468508757,0.438821768682216,0.445477719983898),.UNSPECIFIED.);
#1591=B_SPLINE_CURVE_WITH_KNOTS('',3,(#5605,#5606,#5607,#5608,#5609,#5610,
#5611,#5612,#5613,#5614,#5615,#5616,#5617,#5618,#5619,#5620,#5621,#5622,
#5623,#5624,#5625,#5626,#5627,#5628,#5629,#5630),.UNSPECIFIED.,.F.,.F.,
(4,2,2,2,2,2,2,2,2,2,2,2,4),(0.,0.0621066366992127,0.124213273398425,0.185184429587654,
0.246155585776883,0.309949304126196,0.373743022475508,0.436911954262992,
0.500080886050475,0.563249817837959,0.626418749625443,0.690212467974755,
0.754006186324068),.UNSPECIFIED.);
#1592=B_SPLINE_CURVE_WITH_KNOTS('',3,(#5631,#5632,#5633,#5634,#5635,#5636,
#5637,#5638,#5639,#5640),.UNSPECIFIED.,.F.,.F.,(4,2,2,2,4),(0.754006186324068,
0.814977342513297,0.875948498702526,0.938055135401738,1.00016177210095),
 .UNSPECIFIED.);
#1593=B_SPLINE_CURVE_WITH_KNOTS('',3,(#5644,#5645,#5646,#5647,#5648,#5649,
#5650,#5651,#5652,#5653,#5654,#5655,#5656,#5657,#5658,#5659,#5660,#5661,
#5662,#5663,#5664,#5665,#5666,#5667,#5668,#5669),.UNSPECIFIED.,.F.,.F.,
(4,2,2,2,2,2,2,2,2,2,2,2,4),(0.,0.0603905610312926,0.120781122062585,0.181256435574082,
0.241731749085579,0.302047062165621,0.362362375245663,0.422735149364173,
0.483107923482684,0.543480697601195,0.603853471719706,0.664168784799748,
0.72448409787979),.UNSPECIFIED.);
#1594=B_SPLINE_CURVE_WITH_KNOTS('',3,(#5670,#5671,#5672,#5673,#5674,#5675,
#5676,#5677,#5678,#5679),.UNSPECIFIED.,.F.,.F.,(4,2,2,2,4),(0.72448409787979,
0.784959411391286,0.845434724902783,0.905825285934076,0.966215846965368),
 .UNSPECIFIED.);
#1595=B_SPLINE_CURVE_WITH_KNOTS('',3,(#5698,#5699,#5700,#5701,#5702,#5703,
#5704,#5705,#5706,#5707),.UNSPECIFIED.,.F.,.F.,(4,2,2,2,4),(0.,0.0603821906693503,
0.120764381338701,0.181145205066198,0.241526028793695),.UNSPECIFIED.);
#1596=B_SPLINE_CURVE_WITH_KNOTS('',3,(#5708,#5709,#5710,#5711,#5712,#5713,
#5714,#5715,#5716,#5717,#5718,#5719,#5720,#5721,#5722,#5723,#5724,#5725,
#5726,#5727,#5728,#5729,#5730,#5731,#5732,#5733),.UNSPECIFIED.,.F.,.F.,
(4,2,2,2,2,2,2,2,2,2,2,2,4),(0.241526028793695,0.301906852521191,0.362287676248688,
0.422669866918039,0.483052057587389,0.543434248256739,0.603816438926089,
0.664197262653586,0.724578086381083,0.78495891010858,0.845339733836077,
0.905721924505427,0.966104115174778),.UNSPECIFIED.);
#1597=B_SPLINE_CURVE_WITH_KNOTS('',3,(#5737,#5738,#5739,#5740,#5741,#5742,
#5743,#5744,#5745,#5746),.UNSPECIFIED.,.F.,.F.,(4,2,2,2,4),(0.,0.0625318825981353,
0.125063765196271,0.187138358494618,0.249212951792965),.UNSPECIFIED.);
#1598=B_SPLINE_CURVE_WITH_KNOTS('',3,(#5747,#5748,#5749,#5750,#5751,#5752,
#5753,#5754,#5755,#5756,#5757,#5758,#5759,#5760,#5761,#5762,#5763,#5764,
#5765,#5766,#5767,#5768,#5769,#5770,#5771,#5772),.UNSPECIFIED.,.F.,.F.,
(4,2,2,2,2,2,2,2,2,2,2,2,4),(0.249212951792965,0.311287545091312,0.37336213838966,
0.435894020987795,0.49842590358593,0.560957786184066,0.623489668782201,
0.685564262080548,0.747638855378895,0.809713448677243,0.87178804197559,
0.934319924573725,0.99685180717186),.UNSPECIFIED.);
#1599=B_SPLINE_CURVE_WITH_KNOTS('',3,(#5775,#5776,#5777,#5778,#5779,#5780),
 .UNSPECIFIED.,.F.,.F.,(4,2,4),(0.,0.0659835266461497,0.11531966851956),
 .UNSPECIFIED.);
#1600=B_SPLINE_CURVE_WITH_KNOTS('',3,(#5782,#5783,#5784,#5785,#5786,#5787,
#5788,#5789,#5790,#5791,#5792,#5793,#5794,#5795,#5796,#5797,#5798,#5799,
#5800,#5801,#5802,#5803,#5804,#5805,#5806,#5807),.UNSPECIFIED.,.F.,.F.,
(4,2,2,2,2,2,2,2,2,2,2,2,4),(0.493790681228772,0.543126823102182,0.609110349748332,
0.675093876394482,0.741077403040633,0.799896223660754,0.856780874141627,
0.913665524622499,0.970550175103372,1.02743482558424,1.08625364620437,1.15223717285052,
1.21822069949667),.UNSPECIFIED.);
#1601=B_SPLINE_CURVE_WITH_KNOTS('',3,(#5808,#5809,#5810,#5811,#5812,#5813,
#5814,#5815,#5816,#5817,#5818,#5819,#5820,#5821,#5822,#5823,#5824,#5825),
 .UNSPECIFIED.,.F.,.F.,(4,2,2,2,2,2,2,2,4),(0.11531966851956,0.131967053292299,
0.190785873912421,0.247670524393293,0.304555174874166,0.361439825355038,
0.418324475835911,0.477143296456032,0.493790681228772),.UNSPECIFIED.);
#1602=B_SPLINE_CURVE_WITH_KNOTS('',3,(#5829,#5830,#5831,#5832,#5833,#5834,
#5835,#5836,#5837,#5838,#5839,#5840,#5841,#5842,#5843,#5844,#5845,#5846,
#5847,#5848,#5849,#5850,#5851,#5852,#5853,#5854),.UNSPECIFIED.,.F.,.F.,
(4,2,2,2,2,2,2,2,2,2,2,2,4),(0.,0.0625318825981351,0.12506376519627,0.187138358494618,
0.249212951792965,0.311287545091313,0.37336213838966,0.435894020987795,
0.49842590358593,0.560957786184065,0.6234896687822,0.685564262080548,0.747638855378896),
 .UNSPECIFIED.);
#1603=B_SPLINE_CURVE_WITH_KNOTS('',3,(#5855,#5856,#5857,#5858,#5859,#5860,
#5861,#5862,#5863,#5864),.UNSPECIFIED.,.F.,.F.,(4,2,2,2,4),(0.747638855378896,
0.809713448677243,0.871788041975591,0.934319924573726,0.996851807171861),
 .UNSPECIFIED.);
#1604=B_SPLINE_CURVE_WITH_KNOTS('',3,(#5868,#5869,#5870,#5871,#5872,#5873,
#5874,#5875,#5876,#5877,#5878,#5879,#5880,#5881,#5882,#5883,#5884,#5885,
#5886,#5887,#5888,#5889,#5890,#5891,#5892,#5893),.UNSPECIFIED.,.F.,.F.,
(4,2,2,2,2,2,2,2,2,2,2,2,4),(0.,0.0603821906693502,0.1207643813387,0.181145205066197,
0.241526028793694,0.301906852521191,0.362287676248688,0.422669866918038,
0.483052057587389,0.543434248256739,0.60381643892609,0.664197262653587,
0.724578086381083),.UNSPECIFIED.);
#1605=B_SPLINE_CURVE_WITH_KNOTS('',3,(#5894,#5895,#5896,#5897,#5898,#5899,
#5900,#5901,#5902,#5903),.UNSPECIFIED.,.F.,.F.,(4,2,2,2,4),(0.724578086381083,
0.78495891010858,0.845339733836077,0.905721924505427,0.966104115174777),
 .UNSPECIFIED.);
#1606=B_SPLINE_CURVE_WITH_KNOTS('',3,(#6051,#6052,#6053,#6054,#6055,#6056,
#6057,#6058,#6059,#6060),.UNSPECIFIED.,.F.,.F.,(4,2,2,2,4),(0.444487126782207,
0.555729703952005,0.666936727137861,0.778054419978551,0.889071491149658),
 .UNSPECIFIED.);
#1607=B_SPLINE_CURVE_WITH_KNOTS('',3,(#6066,#6067,#6068,#6069,#6070,#6071,
#6072,#6073,#6074,#6075),.UNSPECIFIED.,.F.,.F.,(4,2,2,2,4),(0.444487126782207,
0.555729703952005,0.666936727137861,0.77805441997855,0.889071491149658),
 .UNSPECIFIED.);
#1608=B_SPLINE_CURVE_WITH_KNOTS('',3,(#6083,#6084,#6085,#6086,#6087,#6088,
#6089,#6090,#6091,#6092),.UNSPECIFIED.,.F.,.F.,(4,2,2,2,4),(0.444487126782207,
0.555729703952005,0.666936727137861,0.77805441997855,0.889071491149658),
 .UNSPECIFIED.);
#1609=B_SPLINE_CURVE_WITH_KNOTS('',3,(#6103,#6104,#6105,#6106,#6107,#6108,
#6109,#6110,#6111,#6112),.UNSPECIFIED.,.F.,.F.,(4,2,2,2,4),(0.444487126782207,
0.555729703952005,0.666936727137861,0.77805441997855,0.889071491149658),
 .UNSPECIFIED.);
#1610=B_SPLINE_CURVE_WITH_KNOTS('',3,(#6123,#6124,#6125,#6126,#6127,#6128,
#6129,#6130,#6131,#6132),.UNSPECIFIED.,.F.,.F.,(4,2,2,2,4),(0.444487126782207,
0.555729703952005,0.666936727137861,0.778054419978551,0.889071491149658),
 .UNSPECIFIED.);
#1611=B_SPLINE_CURVE_WITH_KNOTS('',3,(#6140,#6141,#6142,#6143,#6144,#6145,
#6146,#6147,#6148,#6149),.UNSPECIFIED.,.F.,.F.,(4,2,2,2,4),(0.444517651026917,
0.555786462348849,0.667014254661427,0.778138958450543,0.889147545918212),
 .UNSPECIFIED.);
#1612=B_SPLINE_CURVE_WITH_KNOTS('',3,(#6157,#6158,#6159,#6160,#6161,#6162,
#6163,#6164,#6165,#6166),.UNSPECIFIED.,.F.,.F.,(4,2,2,2,4),(0.444458794968522,
0.555677025557663,0.666864776194735,0.777975963836559,0.889000909183454),
 .UNSPECIFIED.);
#1613=B_SPLINE_CURVE_WITH_KNOTS('',3,(#6174,#6175,#6176,#6177,#6178,#6179,
#6180,#6181,#6182,#6183),.UNSPECIFIED.,.F.,.F.,(4,2,2,2,4),(0.889071491149658,
1.00008856232077,1.11120625516146,1.22241327834731,1.33365585551711),
 .UNSPECIFIED.);
#1614=B_SPLINE_CURVE_WITH_KNOTS('',3,(#6191,#6192,#6193,#6194,#6195,#6196,
#6197,#6198,#6199,#6200),.UNSPECIFIED.,.F.,.F.,(4,2,2,2,4),(0.444487126782207,
0.555729703952006,0.666936727137861,0.77805441997855,0.889071491149658),
 .UNSPECIFIED.);
#1615=B_SPLINE_CURVE_WITH_KNOTS('',3,(#6275,#6276,#6277,#6278,#6279,#6280,
#6281,#6282,#6283,#6284),.UNSPECIFIED.,.F.,.F.,(4,2,2,2,4),(0.889147545918212,
1.00015613338588,1.111280837175,1.22250862948758,1.33377744080951),
 .UNSPECIFIED.);
#1616=B_SPLINE_CURVE_WITH_KNOTS('',3,(#6299,#6300,#6301,#6302,#6303,#6304,
#6305,#6306,#6307,#6308),.UNSPECIFIED.,.F.,.F.,(4,2,2,2,4),(0.889071491149658,
1.00008856232077,1.11120625516146,1.22241327834731,1.33365585551711),
 .UNSPECIFIED.);
#1617=B_SPLINE_CURVE_WITH_KNOTS('',3,(#6316,#6317,#6318,#6319,#6320,#6321,
#6322,#6323,#6324,#6325),.UNSPECIFIED.,.F.,.F.,(4,2,2,2,4),(0.889071491149658,
1.00008856232077,1.11120625516146,1.22241327834731,1.33365585551711),
 .UNSPECIFIED.);
#1618=B_SPLINE_CURVE_WITH_KNOTS('',3,(#6339,#6340,#6341,#6342,#6343,#6344,
#6345,#6346,#6347,#6348),.UNSPECIFIED.,.F.,.F.,(4,2,2,2,4),(0.889071491149658,
1.00008856232077,1.11120625516146,1.22241327834731,1.33365585551711),
 .UNSPECIFIED.);
#1619=B_SPLINE_CURVE_WITH_KNOTS('',3,(#6366,#6367,#6368,#6369,#6370,#6371,
#6372,#6373,#6374,#6375),.UNSPECIFIED.,.F.,.F.,(4,2,2,2,4),(0.889071491149658,
1.00008856232077,1.11120625516146,1.22241327834731,1.33365585551711),
 .UNSPECIFIED.);
#1620=B_SPLINE_CURVE_WITH_KNOTS('',3,(#6389,#6390,#6391,#6392,#6393,#6394,
#6395,#6396,#6397,#6398),.UNSPECIFIED.,.F.,.F.,(4,2,2,2,4),(0.889071491149658,
1.00008856232077,1.11120625516146,1.22241327834731,1.33365585551711),
 .UNSPECIFIED.);
#1621=B_SPLINE_CURVE_WITH_KNOTS('',3,(#6404,#6405,#6406,#6407,#6408,#6409,
#6410,#6411,#6412,#6413),.UNSPECIFIED.,.F.,.F.,(4,2,2,2,4),(0.889000909183454,
1.00002585453035,1.11113704217217,1.22232479280925,1.33354302339839),
 .UNSPECIFIED.);
#1622=VERTEX_POINT('',#5472);
#1623=VERTEX_POINT('',#5473);
#1624=VERTEX_POINT('',#5510);
#1625=VERTEX_POINT('',#5512);
#1626=VERTEX_POINT('',#5549);
#1627=VERTEX_POINT('',#5550);
#1628=VERTEX_POINT('',#5557);
#1629=VERTEX_POINT('',#5603);
#1630=VERTEX_POINT('',#5604);
#1631=VERTEX_POINT('',#5641);
#1632=VERTEX_POINT('',#5643);
#1633=VERTEX_POINT('',#5681);
#1634=VERTEX_POINT('',#5682);
#1635=VERTEX_POINT('',#5684);
#1636=VERTEX_POINT('',#5686);
#1637=VERTEX_POINT('',#5688);
#1638=VERTEX_POINT('',#5690);
#1639=VERTEX_POINT('',#5692);
#1640=VERTEX_POINT('',#5696);
#1641=VERTEX_POINT('',#5697);
#1642=VERTEX_POINT('',#5734);
#1643=VERTEX_POINT('',#5736);
#1644=VERTEX_POINT('',#5773);
#1645=VERTEX_POINT('',#5774);
#1646=VERTEX_POINT('',#5781);
#1647=VERTEX_POINT('',#5827);
#1648=VERTEX_POINT('',#5828);
#1649=VERTEX_POINT('',#5865);
#1650=VERTEX_POINT('',#5867);
#1651=VERTEX_POINT('',#5905);
#1652=VERTEX_POINT('',#5906);
#1653=VERTEX_POINT('',#5908);
#1654=VERTEX_POINT('',#5910);
#1655=VERTEX_POINT('',#5914);
#1656=VERTEX_POINT('',#5916);
#1657=VERTEX_POINT('',#5918);
#1658=VERTEX_POINT('',#5922);
#1659=VERTEX_POINT('',#5924);
#1660=VERTEX_POINT('',#5928);
#1661=VERTEX_POINT('',#5930);
#1662=VERTEX_POINT('',#5932);
#1663=VERTEX_POINT('',#5934);
#1664=VERTEX_POINT('',#5936);
#1665=VERTEX_POINT('',#5938);
#1666=VERTEX_POINT('',#5940);
#1667=VERTEX_POINT('',#5942);
#1668=VERTEX_POINT('',#5944);
#1669=VERTEX_POINT('',#5946);
#1670=VERTEX_POINT('',#5948);
#1671=VERTEX_POINT('',#5950);
#1672=VERTEX_POINT('',#5952);
#1673=VERTEX_POINT('',#5954);
#1674=VERTEX_POINT('',#5956);
#1675=VERTEX_POINT('',#5958);
#1676=VERTEX_POINT('',#5960);
#1677=VERTEX_POINT('',#5962);
#1678=VERTEX_POINT('',#5964);
#1679=VERTEX_POINT('',#5966);
#1680=VERTEX_POINT('',#5968);
#1681=VERTEX_POINT('',#5970);
#1682=VERTEX_POINT('',#5972);
#1683=VERTEX_POINT('',#5974);
#1684=VERTEX_POINT('',#5976);
#1685=VERTEX_POINT('',#5978);
#1686=VERTEX_POINT('',#5980);
#1687=VERTEX_POINT('',#5982);
#1688=VERTEX_POINT('',#5984);
#1689=VERTEX_POINT('',#5986);
#1690=VERTEX_POINT('',#5988);
#1691=VERTEX_POINT('',#5991);
#1692=VERTEX_POINT('',#5993);
#1693=VERTEX_POINT('',#5995);
#1694=VERTEX_POINT('',#5997);
#1695=VERTEX_POINT('',#5999);
#1696=VERTEX_POINT('',#6001);
#1697=VERTEX_POINT('',#6004);
#1698=VERTEX_POINT('',#6005);
#1699=VERTEX_POINT('',#6007);
#1700=VERTEX_POINT('',#6009);
#1701=VERTEX_POINT('',#6012);
#1702=VERTEX_POINT('',#6013);
#1703=VERTEX_POINT('',#6015);
#1704=VERTEX_POINT('',#6017);
#1705=VERTEX_POINT('',#6020);
#1706=VERTEX_POINT('',#6021);
#1707=VERTEX_POINT('',#6023);
#1708=VERTEX_POINT('',#6025);
#1709=VERTEX_POINT('',#6027);
#1710=VERTEX_POINT('',#6030);
#1711=VERTEX_POINT('',#6031);
#1712=VERTEX_POINT('',#6033);
#1713=VERTEX_POINT('',#6035);
#1714=VERTEX_POINT('',#6037);
#1715=VERTEX_POINT('',#6041);
#1716=VERTEX_POINT('',#6043);
#1717=VERTEX_POINT('',#6045);
#1718=VERTEX_POINT('',#6049);
#1719=VERTEX_POINT('',#6050);
#1720=VERTEX_POINT('',#6064);
#1721=VERTEX_POINT('',#6065);
#1722=VERTEX_POINT('',#6076);
#1723=VERTEX_POINT('',#6081);
#1724=VERTEX_POINT('',#6082);
#1725=VERTEX_POINT('',#6093);
#1726=VERTEX_POINT('',#6095);
#1727=VERTEX_POINT('',#6097);
#1728=VERTEX_POINT('',#6101);
#1729=VERTEX_POINT('',#6102);
#1730=VERTEX_POINT('',#6113);
#1731=VERTEX_POINT('',#6115);
#1732=VERTEX_POINT('',#6117);
#1733=VERTEX_POINT('',#6121);
#1734=VERTEX_POINT('',#6122);
#1735=VERTEX_POINT('',#6133);
#1736=VERTEX_POINT('',#6138);
#1737=VERTEX_POINT('',#6139);
#1738=VERTEX_POINT('',#6150);
#1739=VERTEX_POINT('',#6155);
#1740=VERTEX_POINT('',#6156);
#1741=VERTEX_POINT('',#6167);
#1742=VERTEX_POINT('',#6172);
#1743=VERTEX_POINT('',#6173);
#1744=VERTEX_POINT('',#6185);
#1745=VERTEX_POINT('',#6189);
#1746=VERTEX_POINT('',#6190);
#1747=VERTEX_POINT('',#6201);
#1748=VERTEX_POINT('',#6206);
#1749=VERTEX_POINT('',#6207);
#1750=VERTEX_POINT('',#6212);
#1751=VERTEX_POINT('',#6216);
#1752=VERTEX_POINT('',#6222);
#1753=VERTEX_POINT('',#6223);
#1754=VERTEX_POINT('',#6228);
#1755=VERTEX_POINT('',#6232);
#1756=VERTEX_POINT('',#6238);
#1757=VERTEX_POINT('',#6239);
#1758=VERTEX_POINT('',#6244);
#1759=VERTEX_POINT('',#6248);
#1760=VERTEX_POINT('',#6252);
#1761=VERTEX_POINT('',#6258);
#1762=VERTEX_POINT('',#6259);
#1763=VERTEX_POINT('',#6261);
#1764=VERTEX_POINT('',#6263);
#1765=VERTEX_POINT('',#6273);
#1766=VERTEX_POINT('',#6274);
#1767=VERTEX_POINT('',#6286);
#1768=VERTEX_POINT('',#6290);
#1769=VERTEX_POINT('',#6297);
#1770=VERTEX_POINT('',#6298);
#1771=VERTEX_POINT('',#6309);
#1772=VERTEX_POINT('',#6314);
#1773=VERTEX_POINT('',#6315);
#1774=VERTEX_POINT('',#6326);
#1775=VERTEX_POINT('',#6328);
#1776=VERTEX_POINT('',#6330);
#1777=VERTEX_POINT('',#6337);
#1778=VERTEX_POINT('',#6338);
#1779=VERTEX_POINT('',#6350);
#1780=VERTEX_POINT('',#6354);
#1781=VERTEX_POINT('',#6358);
#1782=VERTEX_POINT('',#6364);
#1783=VERTEX_POINT('',#6365);
#1784=VERTEX_POINT('',#6377);
#1785=VERTEX_POINT('',#6381);
#1786=VERTEX_POINT('',#6387);
#1787=VERTEX_POINT('',#6388);
#1788=VERTEX_POINT('',#6402);
#1789=VERTEX_POINT('',#6403);
#1790=VERTEX_POINT('',#6415);
#1791=VERTEX_POINT('',#6419);
#1792=VERTEX_POINT('',#6425);
#1793=VERTEX_POINT('',#6431);
#1794=VERTEX_POINT('',#6432);
#1795=VERTEX_POINT('',#6437);
#1796=VERTEX_POINT('',#6441);
#1797=VERTEX_POINT('',#6445);
#1798=VERTEX_POINT('',#6451);
#1799=VERTEX_POINT('',#6452);
#1800=VERTEX_POINT('',#6457);
#1801=VERTEX_POINT('',#6461);
#1802=VERTEX_POINT('',#6465);
#1803=VERTEX_POINT('',#6469);
#1804=VERTEX_POINT('',#6471);
#1805=VERTEX_POINT('',#6475);
#1806=VERTEX_POINT('',#6477);
#1807=VERTEX_POINT('',#6481);
#1808=VERTEX_POINT('',#6515);
#1809=VERTEX_POINT('',#6516);
#1810=VERTEX_POINT('',#6518);
#1811=VERTEX_POINT('',#6520);
#1812=VERTEX_POINT('',#6536);
#1813=VERTEX_POINT('',#6540);
#1814=VERTEX_POINT('',#6544);
#1815=VERTEX_POINT('',#6546);
#1816=VERTEX_POINT('',#6548);
#1817=VERTEX_POINT('',#6550);
#1818=VERTEX_POINT('',#6553);
#1819=VERTEX_POINT('',#6555);
#1820=VERTEX_POINT('',#6557);
#1821=VERTEX_POINT('',#6559);
#1822=VERTEX_POINT('',#6562);
#1823=VERTEX_POINT('',#6566);
#1824=VERTEX_POINT('',#6570);
#1825=VERTEX_POINT('',#6575);
#1826=VERTEX_POINT('',#6579);
#1827=VERTEX_POINT('',#6584);
#1828=VERTEX_POINT('',#6588);
#1829=VERTEX_POINT('',#6592);
#1830=VERTEX_POINT('',#6596);
#1831=VERTEX_POINT('',#6598);
#1832=VERTEX_POINT('',#6602);
#1833=VERTEX_POINT('',#6606);
#1834=VERTEX_POINT('',#6614);
#1835=VERTEX_POINT('',#6615);
#1836=VERTEX_POINT('',#6618);
#1837=VERTEX_POINT('',#6622);
#1838=VERTEX_POINT('',#6623);
#1839=VERTEX_POINT('',#6626);
#1840=VERTEX_POINT('',#6630);
#1841=VERTEX_POINT('',#6631);
#1842=VERTEX_POINT('',#6634);
#1843=VERTEX_POINT('',#6638);
#1844=VERTEX_POINT('',#6640);
#1845=VERTEX_POINT('',#6644);
#1846=VERTEX_POINT('',#6645);
#1847=VERTEX_POINT('',#6647);
#1848=VERTEX_POINT('',#6649);
#1849=VERTEX_POINT('',#6652);
#1850=VERTEX_POINT('',#6654);
#1851=VERTEX_POINT('',#6657);
#1852=VERTEX_POINT('',#6659);
#1853=VERTEX_POINT('',#6662);
#1854=VERTEX_POINT('',#6664);
#1855=VERTEX_POINT('',#6667);
#1856=VERTEX_POINT('',#6669);
#1857=VERTEX_POINT('',#6672);
#1858=VERTEX_POINT('',#6674);
#1859=VERTEX_POINT('',#6675);
#1860=VERTEX_POINT('',#6677);
#1861=VERTEX_POINT('',#6679);
#1862=VERTEX_POINT('',#6683);
#1863=VERTEX_POINT('',#6685);
#1864=VERTEX_POINT('',#6689);
#1865=VERTEX_POINT('',#6690);
#1866=VERTEX_POINT('',#6692);
#1867=VERTEX_POINT('',#6694);
#1868=VERTEX_POINT('',#6698);
#1869=VERTEX_POINT('',#6701);
#1870=VERTEX_POINT('',#6705);
#1871=VERTEX_POINT('',#6707);
#1872=VERTEX_POINT('',#6711);
#1873=VERTEX_POINT('',#6715);
#1874=VERTEX_POINT('',#6719);
#1875=VERTEX_POINT('',#6723);
#1876=VERTEX_POINT('',#6727);
#1877=VERTEX_POINT('',#6731);
#1878=VERTEX_POINT('',#6737);
#1879=VERTEX_POINT('',#6738);
#1880=VERTEX_POINT('',#6740);
#1881=VERTEX_POINT('',#6742);
#1882=VERTEX_POINT('',#6744);
#1883=VERTEX_POINT('',#6746);
#1884=VERTEX_POINT('',#6748);
#1885=VERTEX_POINT('',#6750);
#1886=VERTEX_POINT('',#6754);
#1887=VERTEX_POINT('',#6756);
#1888=VERTEX_POINT('',#6760);
#1889=VERTEX_POINT('',#6764);
#1890=VERTEX_POINT('',#6770);
#1891=VERTEX_POINT('',#6771);
#1892=VERTEX_POINT('',#6773);
#1893=VERTEX_POINT('',#6775);
#1894=VERTEX_POINT('',#6779);
#1895=VERTEX_POINT('',#6783);
#1896=VERTEX_POINT('',#6786);
#1897=VERTEX_POINT('',#6788);
#1898=VERTEX_POINT('',#6792);
#1899=VERTEX_POINT('',#6796);
#1900=VERTEX_POINT('',#6800);
#1901=VERTEX_POINT('',#6804);
#1902=VERTEX_POINT('',#6808);
#1903=VERTEX_POINT('',#6812);
#1904=VERTEX_POINT('',#6818);
#1905=VERTEX_POINT('',#6822);
#1906=VERTEX_POINT('',#6824);
#1907=VERTEX_POINT('',#6828);
#1908=VERTEX_POINT('',#6832);
#1909=VERTEX_POINT('',#6844);
#1910=VERTEX_POINT('',#6845);
#1911=VERTEX_POINT('',#6847);
#1912=VERTEX_POINT('',#6849);
#1913=VERTEX_POINT('',#6853);
#1914=VERTEX_POINT('',#6855);
#1915=VERTEX_POINT('',#6859);
#1916=VERTEX_POINT('',#6863);
#1917=VERTEX_POINT('',#6872);
#1918=VERTEX_POINT('',#6873);
#1919=VERTEX_POINT('',#6875);
#1920=VERTEX_POINT('',#6877);
#1921=VERTEX_POINT('',#6881);
#1922=VERTEX_POINT('',#6883);
#1923=VERTEX_POINT('',#6887);
#1924=VERTEX_POINT('',#6889);
#1925=VERTEX_POINT('',#6898);
#1926=VERTEX_POINT('',#6900);
#1927=VERTEX_POINT('',#6904);
#1928=VERTEX_POINT('',#6906);
#1929=VERTEX_POINT('',#6910);
#1930=VERTEX_POINT('',#6912);
#1931=VERTEX_POINT('',#6916);
#1932=VERTEX_POINT('',#6918);
#1933=VERTEX_POINT('',#6922);
#1934=VERTEX_POINT('',#6923);
#1935=VERTEX_POINT('',#6925);
#1936=VERTEX_POINT('',#6927);
#1937=VERTEX_POINT('',#6939);
#1938=VERTEX_POINT('',#6940);
#1939=VERTEX_POINT('',#6945);
#1940=VERTEX_POINT('',#6946);
#1941=VERTEX_POINT('',#6959);
#1942=VERTEX_POINT('',#6960);
#1943=VERTEX_POINT('',#6965);
#1944=VERTEX_POINT('',#6966);
#1945=VERTEX_POINT('',#6979);
#1946=VERTEX_POINT('',#6980);
#1947=VERTEX_POINT('',#6985);
#1948=VERTEX_POINT('',#6986);
#1949=VERTEX_POINT('',#7002);
#1950=VERTEX_POINT('',#7004);
#1951=VERTEX_POINT('',#7008);
#1952=VERTEX_POINT('',#7012);
#1953=VERTEX_POINT('',#7016);
#1954=VERTEX_POINT('',#7021);
#1955=VERTEX_POINT('',#7025);
#1956=VERTEX_POINT('',#7029);
#1957=VERTEX_POINT('',#7035);
#1958=VERTEX_POINT('',#7036);
#1959=VERTEX_POINT('',#7038);
#1960=VERTEX_POINT('',#7040);
#1961=VERTEX_POINT('',#7044);
#1962=VERTEX_POINT('',#7046);
#1963=VERTEX_POINT('',#7050);
#1964=VERTEX_POINT('',#7052);
#1965=VERTEX_POINT('',#7056);
#1966=VERTEX_POINT('',#7058);
#1967=VERTEX_POINT('',#7062);
#1968=VERTEX_POINT('',#7064);
#1969=VERTEX_POINT('',#7068);
#1970=VERTEX_POINT('',#7070);
#1971=VERTEX_POINT('',#7074);
#1972=VERTEX_POINT('',#7076);
#1973=VERTEX_POINT('',#7084);
#1974=VERTEX_POINT('',#7085);
#1975=VERTEX_POINT('',#7087);
#1976=VERTEX_POINT('',#7089);
#1977=VERTEX_POINT('',#7091);
#1978=VERTEX_POINT('',#7093);
#1979=VERTEX_POINT('',#7095);
#1980=VERTEX_POINT('',#7097);
#1981=VERTEX_POINT('',#7099);
#1982=VERTEX_POINT('',#7101);
#1983=VERTEX_POINT('',#7103);
#1984=VERTEX_POINT('',#7105);
#1985=VERTEX_POINT('',#7109);
#1986=VERTEX_POINT('',#7111);
#1987=VERTEX_POINT('',#7115);
#1988=VERTEX_POINT('',#7119);
#1989=VERTEX_POINT('',#7123);
#1990=VERTEX_POINT('',#7127);
#1991=VERTEX_POINT('',#7131);
#1992=VERTEX_POINT('',#7135);
#1993=VERTEX_POINT('',#7139);
#1994=VERTEX_POINT('',#7143);
#1995=VERTEX_POINT('',#7147);
#1996=VERTEX_POINT('',#7151);
#1997=EDGE_CURVE('',#1622,#1623,#1584,.T.);
#1998=EDGE_CURVE('',#1623,#1622,#1585,.T.);
#1999=EDGE_CURVE('',#1623,#1624,#862,.T.);
#2000=EDGE_CURVE('',#1625,#1624,#1586,.T.);
#2001=EDGE_CURVE('',#1624,#1625,#1587,.T.);
#2002=EDGE_CURVE('',#1626,#1627,#1588,.T.);
#2003=EDGE_CURVE('',#1628,#1626,#1589,.T.);
#2004=EDGE_CURVE('',#1627,#1628,#1590,.T.);
#2005=EDGE_CURVE('',#1629,#1630,#1591,.T.);
#2006=EDGE_CURVE('',#1630,#1629,#1592,.T.);
#2007=EDGE_CURVE('',#1630,#1631,#863,.T.);
#2008=EDGE_CURVE('',#1632,#1631,#1593,.T.);
#2009=EDGE_CURVE('',#1631,#1632,#1594,.T.);
#2010=EDGE_CURVE('',#1633,#1634,#330,.T.);
#2011=EDGE_CURVE('',#1635,#1633,#864,.T.);
#2012=EDGE_CURVE('',#1636,#1635,#331,.T.);
#2013=EDGE_CURVE('',#1637,#1636,#332,.T.);
#2014=EDGE_CURVE('',#1638,#1637,#865,.T.);
#2015=EDGE_CURVE('',#1639,#1638,#333,.T.);
#2016=EDGE_CURVE('',#1634,#1639,#866,.T.);
#2017=EDGE_CURVE('',#1640,#1641,#1595,.T.);
#2018=EDGE_CURVE('',#1641,#1640,#1596,.T.);
#2019=EDGE_CURVE('',#1641,#1642,#867,.T.);
#2020=EDGE_CURVE('',#1643,#1642,#1597,.T.);
#2021=EDGE_CURVE('',#1642,#1643,#1598,.T.);
#2022=EDGE_CURVE('',#1644,#1645,#1599,.T.);
#2023=EDGE_CURVE('',#1646,#1644,#1600,.T.);
#2024=EDGE_CURVE('',#1645,#1646,#1601,.T.);
#2025=EDGE_CURVE('',#1647,#1648,#1602,.T.);
#2026=EDGE_CURVE('',#1648,#1647,#1603,.T.);
#2027=EDGE_CURVE('',#1648,#1649,#868,.T.);
#2028=EDGE_CURVE('',#1650,#1649,#1604,.T.);
#2029=EDGE_CURVE('',#1649,#1650,#1605,.T.);
#2030=EDGE_CURVE('',#1651,#1652,#334,.T.);
#2031=EDGE_CURVE('',#1653,#1651,#869,.T.);
#2032=EDGE_CURVE('',#1654,#1653,#335,.T.);
#2033=EDGE_CURVE('',#1652,#1654,#870,.T.);
#2034=EDGE_CURVE('',#1655,#1636,#871,.T.);
#2035=EDGE_CURVE('',#1656,#1655,#872,.T.);
#2036=EDGE_CURVE('',#1656,#1657,#873,.T.);
#2037=EDGE_CURVE('',#1637,#1657,#874,.T.);
#2038=EDGE_CURVE('',#1658,#1635,#875,.T.);
#2039=EDGE_CURVE('',#1659,#1658,#876,.T.);
#2040=EDGE_CURVE('',#1655,#1659,#877,.T.);
#2041=EDGE_CURVE('',#1639,#1660,#878,.T.);
#2042=EDGE_CURVE('',#1660,#1661,#879,.T.);
#2043=EDGE_CURVE('',#1661,#1662,#880,.T.);
#2044=EDGE_CURVE('',#1663,#1662,#55,.T.);
#2045=EDGE_CURVE('',#1663,#1664,#881,.T.);
#2046=EDGE_CURVE('',#1664,#1665,#882,.T.);
#2047=EDGE_CURVE('',#1665,#1666,#883,.T.);
#2048=EDGE_CURVE('',#1666,#1667,#884,.T.);
#2049=EDGE_CURVE('',#1668,#1667,#56,.T.);
#2050=EDGE_CURVE('',#1668,#1669,#885,.T.);
#2051=EDGE_CURVE('',#1669,#1670,#886,.T.);
#2052=EDGE_CURVE('',#1670,#1671,#887,.T.);
#2053=EDGE_CURVE('',#1671,#1672,#888,.T.);
#2054=EDGE_CURVE('',#1673,#1672,#57,.T.);
#2055=EDGE_CURVE('',#1674,#1673,#58,.T.);
#2056=EDGE_CURVE('',#1674,#1675,#889,.T.);
#2057=EDGE_CURVE('',#1675,#1676,#890,.T.);
#2058=EDGE_CURVE('',#1677,#1676,#59,.T.);
#2059=EDGE_CURVE('',#1677,#1678,#891,.T.);
#2060=EDGE_CURVE('',#1678,#1679,#892,.T.);
#2061=EDGE_CURVE('',#1679,#1680,#893,.T.);
#2062=EDGE_CURVE('',#1680,#1681,#894,.T.);
#2063=EDGE_CURVE('',#1682,#1681,#60,.T.);
#2064=EDGE_CURVE('',#1683,#1682,#61,.T.);
#2065=EDGE_CURVE('',#1683,#1684,#895,.T.);
#2066=EDGE_CURVE('',#1684,#1685,#896,.T.);
#2067=EDGE_CURVE('',#1685,#1686,#62,.T.);
#2068=EDGE_CURVE('',#1686,#1687,#897,.T.);
#2069=EDGE_CURVE('',#1687,#1688,#898,.T.);
#2070=EDGE_CURVE('',#1689,#1688,#63,.T.);
#2071=EDGE_CURVE('',#1689,#1690,#899,.T.);
#2072=EDGE_CURVE('',#1690,#1653,#900,.T.);
#2073=EDGE_CURVE('',#1651,#1691,#901,.T.);
#2074=EDGE_CURVE('',#1691,#1692,#64,.T.);
#2075=EDGE_CURVE('',#1692,#1693,#902,.T.);
#2076=EDGE_CURVE('',#1693,#1694,#65,.T.);
#2077=EDGE_CURVE('',#1694,#1695,#903,.T.);
#2078=EDGE_CURVE('',#1695,#1696,#66,.T.);
#2079=EDGE_CURVE('',#1696,#1634,#904,.T.);
#2080=EDGE_CURVE('',#1697,#1698,#905,.T.);
#2081=EDGE_CURVE('',#1698,#1699,#906,.T.);
#2082=EDGE_CURVE('',#1699,#1700,#907,.T.);
#2083=EDGE_CURVE('',#1700,#1697,#908,.T.);
#2084=EDGE_CURVE('',#1701,#1702,#909,.T.);
#2085=EDGE_CURVE('',#1702,#1703,#910,.T.);
#2086=EDGE_CURVE('',#1703,#1704,#911,.T.);
#2087=EDGE_CURVE('',#1704,#1701,#912,.T.);
#2088=EDGE_CURVE('',#1705,#1706,#67,.T.);
#2089=EDGE_CURVE('',#1706,#1707,#913,.T.);
#2090=EDGE_CURVE('',#1707,#1708,#914,.T.);
#2091=EDGE_CURVE('',#1708,#1709,#915,.T.);
#2092=EDGE_CURVE('',#1709,#1705,#916,.T.);
#2093=EDGE_CURVE('',#1710,#1711,#68,.T.);
#2094=EDGE_CURVE('',#1711,#1712,#917,.T.);
#2095=EDGE_CURVE('',#1712,#1713,#918,.T.);
#2096=EDGE_CURVE('',#1713,#1714,#919,.T.);
#2097=EDGE_CURVE('',#1714,#1710,#920,.T.);
#2098=EDGE_CURVE('',#1715,#1690,#921,.T.);
#2099=EDGE_CURVE('',#1716,#1715,#922,.T.);
#2100=EDGE_CURVE('',#1716,#1717,#923,.T.);
#2101=EDGE_CURVE('',#1654,#1717,#924,.T.);
#2102=EDGE_CURVE('',#1718,#1719,#1606,.T.);
#2103=EDGE_CURVE('',#1715,#1718,#925,.T.);
#2104=EDGE_CURVE('',#1719,#1689,#926,.T.);
#2105=EDGE_CURVE('',#1720,#1721,#1607,.T.);
#2106=EDGE_CURVE('',#1722,#1720,#927,.T.);
#2107=EDGE_CURVE('',#1722,#1684,#928,.T.);
#2108=EDGE_CURVE('',#1721,#1683,#929,.T.);
#2109=EDGE_CURVE('',#1723,#1724,#1608,.T.);
#2110=EDGE_CURVE('',#1725,#1723,#930,.T.);
#2111=EDGE_CURVE('',#1725,#1726,#931,.T.);
#2112=EDGE_CURVE('',#1727,#1726,#932,.T.);
#2113=EDGE_CURVE('',#1724,#1727,#933,.T.);
#2114=EDGE_CURVE('',#1728,#1729,#1609,.T.);
#2115=EDGE_CURVE('',#1730,#1728,#934,.T.);
#2116=EDGE_CURVE('',#1730,#1731,#935,.T.);
#2117=EDGE_CURVE('',#1732,#1731,#936,.T.);
#2118=EDGE_CURVE('',#1729,#1732,#937,.T.);
#2119=EDGE_CURVE('',#1733,#1734,#1610,.T.);
#2120=EDGE_CURVE('',#1735,#1733,#938,.T.);
#2121=EDGE_CURVE('',#1735,#1678,#939,.T.);
#2122=EDGE_CURVE('',#1734,#1677,#940,.T.);
#2123=EDGE_CURVE('',#1736,#1737,#1611,.T.);
#2124=EDGE_CURVE('',#1738,#1736,#941,.T.);
#2125=EDGE_CURVE('',#1738,#1675,#942,.T.);
#2126=EDGE_CURVE('',#1737,#1674,#943,.T.);
#2127=EDGE_CURVE('',#1739,#1740,#1612,.T.);
#2128=EDGE_CURVE('',#1741,#1739,#944,.T.);
#2129=EDGE_CURVE('',#1741,#1664,#945,.T.);
#2130=EDGE_CURVE('',#1740,#1663,#946,.T.);
#2131=EDGE_CURVE('',#1742,#1743,#1613,.T.);
#2132=EDGE_CURVE('',#1667,#1742,#947,.T.);
#2133=EDGE_CURVE('',#1744,#1666,#948,.T.);
#2134=EDGE_CURVE('',#1743,#1744,#949,.T.);
#2135=EDGE_CURVE('',#1745,#1746,#1614,.T.);
#2136=EDGE_CURVE('',#1747,#1745,#950,.T.);
#2137=EDGE_CURVE('',#1747,#1669,#951,.T.);
#2138=EDGE_CURVE('',#1746,#1668,#952,.T.);
#2139=EDGE_CURVE('',#1748,#1749,#953,.T.);
#2140=EDGE_CURVE('',#1748,#1697,#954,.T.);
#2141=EDGE_CURVE('',#1749,#1700,#955,.T.);
#2142=EDGE_CURVE('',#1749,#1750,#956,.T.);
#2143=EDGE_CURVE('',#1750,#1699,#957,.T.);
#2144=EDGE_CURVE('',#1750,#1751,#958,.T.);
#2145=EDGE_CURVE('',#1751,#1698,#959,.T.);
#2146=EDGE_CURVE('',#1751,#1748,#960,.T.);
#2147=EDGE_CURVE('',#1752,#1753,#961,.T.);
#2148=EDGE_CURVE('',#1752,#1701,#962,.T.);
#2149=EDGE_CURVE('',#1753,#1704,#963,.T.);
#2150=EDGE_CURVE('',#1753,#1754,#964,.T.);
#2151=EDGE_CURVE('',#1754,#1703,#965,.T.);
#2152=EDGE_CURVE('',#1754,#1755,#966,.T.);
#2153=EDGE_CURVE('',#1755,#1702,#967,.T.);
#2154=EDGE_CURVE('',#1755,#1752,#968,.T.);
#2155=EDGE_CURVE('',#1756,#1757,#969,.T.);
#2156=EDGE_CURVE('',#1756,#1705,#970,.T.);
#2157=EDGE_CURVE('',#1757,#1709,#971,.T.);
#2158=EDGE_CURVE('',#1757,#1758,#972,.T.);
#2159=EDGE_CURVE('',#1758,#1708,#973,.T.);
#2160=EDGE_CURVE('',#1758,#1759,#974,.T.);
#2161=EDGE_CURVE('',#1759,#1707,#975,.T.);
#2162=EDGE_CURVE('',#1759,#1760,#976,.T.);
#2163=EDGE_CURVE('',#1760,#1706,#977,.T.);
#2164=EDGE_CURVE('',#1760,#1756,#69,.T.);
#2165=EDGE_CURVE('',#1761,#1762,#978,.T.);
#2166=EDGE_CURVE('',#1761,#1763,#979,.T.);
#2167=EDGE_CURVE('',#1764,#1763,#980,.T.);
#2168=EDGE_CURVE('',#1762,#1764,#981,.T.);
#2169=EDGE_CURVE('',#1762,#1656,#982,.T.);
#2170=EDGE_CURVE('',#1657,#1764,#983,.T.);
#2171=EDGE_CURVE('',#1659,#1761,#70,.T.);
#2172=EDGE_CURVE('',#1763,#1658,#71,.T.);
#2173=EDGE_CURVE('',#1765,#1766,#1615,.T.);
#2174=EDGE_CURVE('',#1662,#1765,#984,.T.);
#2175=EDGE_CURVE('',#1767,#1661,#985,.T.);
#2176=EDGE_CURVE('',#1766,#1767,#986,.T.);
#2177=EDGE_CURVE('',#1767,#1768,#987,.T.);
#2178=EDGE_CURVE('',#1768,#1660,#988,.T.);
#2179=EDGE_CURVE('',#1731,#1638,#989,.T.);
#2180=EDGE_CURVE('',#1768,#1730,#990,.T.);
#2181=EDGE_CURVE('',#1769,#1770,#1616,.T.);
#2182=EDGE_CURVE('',#1771,#1769,#991,.T.);
#2183=EDGE_CURVE('',#1726,#1771,#992,.T.);
#2184=EDGE_CURVE('',#1770,#1725,#993,.T.);
#2185=EDGE_CURVE('',#1772,#1773,#1617,.T.);
#2186=EDGE_CURVE('',#1774,#1772,#994,.T.);
#2187=EDGE_CURVE('',#1775,#1774,#995,.T.);
#2188=EDGE_CURVE('',#1776,#1775,#996,.T.);
#2189=EDGE_CURVE('',#1773,#1776,#997,.T.);
#2190=EDGE_CURVE('',#1776,#1716,#998,.T.);
#2191=EDGE_CURVE('',#1717,#1775,#999,.T.);
#2192=EDGE_CURVE('',#1777,#1778,#1618,.T.);
#2193=EDGE_CURVE('',#1688,#1777,#1000,.T.);
#2194=EDGE_CURVE('',#1779,#1687,#1001,.T.);
#2195=EDGE_CURVE('',#1778,#1779,#1002,.T.);
#2196=EDGE_CURVE('',#1779,#1780,#1003,.T.);
#2197=EDGE_CURVE('',#1780,#1686,#1004,.T.);
#2198=EDGE_CURVE('',#1780,#1781,#72,.T.);
#2199=EDGE_CURVE('',#1781,#1685,#1005,.T.);
#2200=EDGE_CURVE('',#1781,#1722,#1006,.T.);
#2201=EDGE_CURVE('',#1782,#1783,#1619,.T.);
#2202=EDGE_CURVE('',#1681,#1782,#1007,.T.);
#2203=EDGE_CURVE('',#1784,#1680,#1008,.T.);
#2204=EDGE_CURVE('',#1783,#1784,#1009,.T.);
#2205=EDGE_CURVE('',#1784,#1785,#1010,.T.);
#2206=EDGE_CURVE('',#1785,#1679,#1011,.T.);
#2207=EDGE_CURVE('',#1785,#1735,#1012,.T.);
#2208=EDGE_CURVE('',#1786,#1787,#1620,.T.);
#2209=EDGE_CURVE('',#1676,#1786,#1013,.T.);
#2210=EDGE_CURVE('',#1787,#1738,#1014,.T.);
#2211=EDGE_CURVE('',#1788,#1789,#1621,.T.);
#2212=EDGE_CURVE('',#1672,#1788,#1015,.T.);
#2213=EDGE_CURVE('',#1790,#1671,#1016,.T.);
#2214=EDGE_CURVE('',#1789,#1790,#1017,.T.);
#2215=EDGE_CURVE('',#1790,#1791,#1018,.T.);
#2216=EDGE_CURVE('',#1791,#1670,#1019,.T.);
#2217=EDGE_CURVE('',#1791,#1747,#1020,.T.);
#2218=EDGE_CURVE('',#1744,#1792,#1021,.T.);
#2219=EDGE_CURVE('',#1792,#1665,#1022,.T.);
#2220=EDGE_CURVE('',#1792,#1741,#1023,.T.);
#2221=EDGE_CURVE('',#1793,#1794,#1024,.T.);
#2222=EDGE_CURVE('',#1793,#1710,#1025,.T.);
#2223=EDGE_CURVE('',#1794,#1714,#1026,.T.);
#2224=EDGE_CURVE('',#1794,#1795,#1027,.T.);
#2225=EDGE_CURVE('',#1795,#1713,#1028,.T.);
#2226=EDGE_CURVE('',#1795,#1796,#1029,.T.);
#2227=EDGE_CURVE('',#1796,#1712,#1030,.T.);
#2228=EDGE_CURVE('',#1796,#1797,#1031,.T.);
#2229=EDGE_CURVE('',#1797,#1711,#1032,.T.);
#2230=EDGE_CURVE('',#1797,#1793,#73,.T.);
#2231=EDGE_CURVE('',#1798,#1799,#1033,.T.);
#2232=EDGE_CURVE('',#1798,#1695,#1034,.T.);
#2233=EDGE_CURVE('',#1799,#1694,#1035,.T.);
#2234=EDGE_CURVE('',#1799,#1800,#74,.T.);
#2235=EDGE_CURVE('',#1800,#1693,#1036,.T.);
#2236=EDGE_CURVE('',#1800,#1801,#1037,.T.);
#2237=EDGE_CURVE('',#1801,#1692,#1038,.T.);
#2238=EDGE_CURVE('',#1801,#1802,#75,.T.);
#2239=EDGE_CURVE('',#1802,#1691,#1039,.T.);
#2240=EDGE_CURVE('',#1803,#1652,#1040,.T.);
#2241=EDGE_CURVE('',#1804,#1803,#1041,.T.);
#2242=EDGE_CURVE('',#1802,#1804,#1042,.T.);
#2243=EDGE_CURVE('',#1804,#1805,#76,.T.);
#2244=EDGE_CURVE('',#1806,#1803,#77,.T.);
#2245=EDGE_CURVE('',#1805,#1806,#1043,.T.);
#2246=EDGE_CURVE('',#1807,#1696,#1044,.T.);
#2247=EDGE_CURVE('',#1805,#1807,#1045,.T.);
#2248=EDGE_CURVE('',#1633,#1806,#1046,.T.);
#2249=EDGE_CURVE('',#1807,#1798,#78,.T.);
#2250=EDGE_CURVE('',#1727,#1774,#79,.T.);
#2251=EDGE_CURVE('',#1732,#1771,#80,.T.);
#2252=EDGE_CURVE('',#1783,#1733,#81,.T.);
#2253=EDGE_CURVE('',#1734,#1782,#82,.T.);
#2254=EDGE_CURVE('',#1724,#1786,#83,.T.);
#2255=EDGE_CURVE('',#1787,#1723,#84,.T.);
#2256=EDGE_CURVE('',#1719,#1772,#85,.T.);
#2257=EDGE_CURVE('',#1773,#1718,#86,.T.);
#2258=EDGE_CURVE('',#1778,#1720,#87,.T.);
#2259=EDGE_CURVE('',#1721,#1777,#88,.T.);
#2260=EDGE_CURVE('',#1789,#1745,#89,.T.);
#2261=EDGE_CURVE('',#1746,#1788,#90,.T.);
#2262=EDGE_CURVE('',#1740,#1742,#91,.T.);
#2263=EDGE_CURVE('',#1743,#1739,#92,.T.);
#2264=EDGE_CURVE('',#1729,#1765,#93,.T.);
#2265=EDGE_CURVE('',#1766,#1728,#94,.T.);
#2266=EDGE_CURVE('',#1770,#1736,#95,.T.);
#2267=EDGE_CURVE('',#1737,#1769,#96,.T.);
#2268=EDGE_CURVE('',#1808,#1809,#1047,.T.);
#2269=EDGE_CURVE('',#1809,#1810,#1048,.T.);
#2270=EDGE_CURVE('',#1810,#1811,#1049,.T.);
#2271=EDGE_CURVE('',#1811,#1808,#1050,.T.);
#2272=EDGE_CURVE('',#1812,#1812,#97,.T.);
#2273=EDGE_CURVE('',#1812,#1673,#1051,.T.);
#2274=EDGE_CURVE('',#1813,#1813,#98,.T.);
#2275=EDGE_CURVE('',#1813,#1682,#1052,.T.);
#2276=EDGE_CURVE('',#1814,#1814,#99,.T.);
#2277=EDGE_CURVE('',#1815,#1815,#100,.T.);
#2278=EDGE_CURVE('',#1816,#1816,#101,.T.);
#2279=EDGE_CURVE('',#1817,#1817,#102,.T.);
#2280=EDGE_CURVE('',#1818,#1818,#103,.T.);
#2281=EDGE_CURVE('',#1819,#1819,#104,.T.);
#2282=EDGE_CURVE('',#1820,#1820,#105,.T.);
#2283=EDGE_CURVE('',#1821,#1821,#106,.T.);
#2284=EDGE_CURVE('',#1822,#1822,#107,.T.);
#2285=EDGE_CURVE('',#1822,#1821,#1053,.T.);
#2286=EDGE_CURVE('',#1823,#1823,#108,.T.);
#2287=EDGE_CURVE('',#1823,#1815,#1054,.T.);
#2288=EDGE_CURVE('',#1824,#1824,#109,.T.);
#2289=EDGE_CURVE('',#1824,#1645,#1055,.T.);
#2290=EDGE_CURVE('',#1646,#1820,#1056,.T.);
#2291=EDGE_CURVE('',#1825,#1825,#110,.T.);
#2292=EDGE_CURVE('',#1825,#1819,#1057,.T.);
#2293=EDGE_CURVE('',#1826,#1826,#111,.T.);
#2294=EDGE_CURVE('',#1826,#1627,#1058,.T.);
#2295=EDGE_CURVE('',#1628,#1814,#1059,.T.);
#2296=EDGE_CURVE('',#1827,#1827,#112,.T.);
#2297=EDGE_CURVE('',#1827,#1818,#1060,.T.);
#2298=EDGE_CURVE('',#1828,#1828,#113,.T.);
#2299=EDGE_CURVE('',#1828,#1816,#1061,.T.);
#2300=EDGE_CURVE('',#1829,#1829,#114,.T.);
#2301=EDGE_CURVE('',#1829,#1817,#1062,.T.);
#2302=EDGE_CURVE('',#1809,#1830,#1063,.T.);
#2303=EDGE_CURVE('',#1831,#1830,#1064,.T.);
#2304=EDGE_CURVE('',#1810,#1831,#1065,.T.);
#2305=EDGE_CURVE('',#1832,#1831,#1066,.T.);
#2306=EDGE_CURVE('',#1811,#1832,#1067,.T.);
#2307=EDGE_CURVE('',#1833,#1832,#1068,.T.);
#2308=EDGE_CURVE('',#1808,#1833,#1069,.T.);
#2309=EDGE_CURVE('',#1830,#1833,#1070,.T.);
#2310=EDGE_CURVE('',#1834,#1835,#115,.T.);
#2311=EDGE_CURVE('',#1835,#1834,#116,.T.);
#2312=EDGE_CURVE('',#1835,#1836,#1071,.T.);
#2313=EDGE_CURVE('',#1836,#1836,#117,.T.);
#2314=EDGE_CURVE('',#1837,#1838,#118,.T.);
#2315=EDGE_CURVE('',#1838,#1837,#119,.T.);
#2316=EDGE_CURVE('',#1838,#1839,#1072,.T.);
#2317=EDGE_CURVE('',#1839,#1839,#120,.T.);
#2318=EDGE_CURVE('',#1840,#1841,#121,.T.);
#2319=EDGE_CURVE('',#1841,#1840,#122,.T.);
#2320=EDGE_CURVE('',#1841,#1842,#1073,.T.);
#2321=EDGE_CURVE('',#1842,#1842,#123,.T.);
#2322=EDGE_CURVE('',#1843,#1843,#124,.T.);
#2323=EDGE_CURVE('',#1843,#1844,#1074,.T.);
#2324=EDGE_CURVE('',#1844,#1844,#125,.T.);
#2325=EDGE_CURVE('',#1845,#1846,#1075,.T.);
#2326=EDGE_CURVE('',#1845,#1847,#1076,.T.);
#2327=EDGE_CURVE('',#1848,#1847,#1077,.T.);
#2328=EDGE_CURVE('',#1846,#1848,#1078,.T.);
#2329=EDGE_CURVE('',#1849,#1840,#1079,.T.);
#2330=EDGE_CURVE('',#1850,#1849,#126,.T.);
#2331=EDGE_CURVE('',#1834,#1850,#1080,.T.);
#2332=EDGE_CURVE('',#1851,#1834,#1081,.T.);
#2333=EDGE_CURVE('',#1852,#1851,#127,.T.);
#2334=EDGE_CURVE('',#1843,#1852,#1082,.T.);
#2335=EDGE_CURVE('',#1853,#1843,#1083,.T.);
#2336=EDGE_CURVE('',#1854,#1853,#128,.T.);
#2337=EDGE_CURVE('',#1837,#1854,#1084,.T.);
#2338=EDGE_CURVE('',#1855,#1837,#1085,.T.);
#2339=EDGE_CURVE('',#1856,#1855,#129,.T.);
#2340=EDGE_CURVE('',#1840,#1856,#1086,.T.);
#2341=EDGE_CURVE('',#1857,#1857,#130,.T.);
#2342=EDGE_CURVE('',#1858,#1859,#1087,.T.);
#2343=EDGE_CURVE('',#1860,#1858,#1088,.T.);
#2344=EDGE_CURVE('',#1861,#1860,#1089,.T.);
#2345=EDGE_CURVE('',#1859,#1861,#1090,.T.);
#2346=EDGE_CURVE('',#1862,#1862,#131,.T.);
#2347=EDGE_CURVE('',#1862,#1863,#132,.T.);
#2348=EDGE_CURVE('',#1863,#1863,#133,.T.);
#2349=EDGE_CURVE('',#1864,#1865,#1091,.T.);
#2350=EDGE_CURVE('',#1864,#1866,#1092,.T.);
#2351=EDGE_CURVE('',#1867,#1866,#1093,.T.);
#2352=EDGE_CURVE('',#1865,#1867,#1094,.T.);
#2353=EDGE_CURVE('',#1868,#1868,#134,.T.);
#2354=EDGE_CURVE('',#1869,#1869,#135,.T.);
#2355=EDGE_CURVE('',#1869,#1868,#1095,.T.);
#2356=EDGE_CURVE('',#1856,#1870,#136,.T.);
#2357=EDGE_CURVE('',#1871,#1870,#1096,.T.);
#2358=EDGE_CURVE('',#1871,#1849,#137,.T.);
#2359=EDGE_CURVE('',#1872,#1871,#138,.T.);
#2360=EDGE_CURVE('',#1872,#1850,#139,.T.);
#2361=EDGE_CURVE('',#1873,#1872,#1097,.T.);
#2362=EDGE_CURVE('',#1873,#1851,#140,.T.);
#2363=EDGE_CURVE('',#1874,#1873,#141,.T.);
#2364=EDGE_CURVE('',#1874,#1852,#142,.T.);
#2365=EDGE_CURVE('',#1875,#1874,#1098,.T.);
#2366=EDGE_CURVE('',#1875,#1853,#143,.T.);
#2367=EDGE_CURVE('',#1876,#1875,#144,.T.);
#2368=EDGE_CURVE('',#1876,#1854,#145,.T.);
#2369=EDGE_CURVE('',#1877,#1876,#1099,.T.);
#2370=EDGE_CURVE('',#1877,#1855,#146,.T.);
#2371=EDGE_CURVE('',#1870,#1877,#147,.T.);
#2372=EDGE_CURVE('',#1878,#1879,#148,.T.);
#2373=EDGE_CURVE('',#1879,#1880,#1100,.T.);
#2374=EDGE_CURVE('',#1880,#1881,#149,.T.);
#2375=EDGE_CURVE('',#1881,#1882,#1101,.T.);
#2376=EDGE_CURVE('',#1882,#1883,#150,.T.);
#2377=EDGE_CURVE('',#1883,#1884,#1102,.T.);
#2378=EDGE_CURVE('',#1884,#1885,#151,.T.);
#2379=EDGE_CURVE('',#1885,#1878,#1103,.T.);
#2380=EDGE_CURVE('',#1859,#1886,#336,.T.);
#2381=EDGE_CURVE('',#1887,#1886,#1104,.T.);
#2382=EDGE_CURVE('',#1887,#1858,#337,.T.);
#2383=EDGE_CURVE('',#1886,#1888,#1105,.T.);
#2384=EDGE_CURVE('',#1888,#1861,#338,.T.);
#2385=EDGE_CURVE('',#1889,#1887,#1106,.T.);
#2386=EDGE_CURVE('',#1889,#1860,#339,.T.);
#2387=EDGE_CURVE('',#1888,#1889,#1107,.T.);
#2388=EDGE_CURVE('',#1890,#1891,#1108,.T.);
#2389=EDGE_CURVE('',#1891,#1892,#1109,.T.);
#2390=EDGE_CURVE('',#1892,#1893,#1110,.T.);
#2391=EDGE_CURVE('',#1893,#1890,#1111,.T.);
#2392=EDGE_CURVE('',#1894,#1894,#152,.T.);
#2393=EDGE_CURVE('',#1894,#1857,#153,.T.);
#2394=EDGE_CURVE('',#1895,#1895,#154,.T.);
#2395=EDGE_CURVE('',#1896,#1883,#1112,.T.);
#2396=EDGE_CURVE('',#1897,#1896,#1113,.T.);
#2397=EDGE_CURVE('',#1897,#1884,#1114,.T.);
#2398=EDGE_CURVE('',#1898,#1897,#155,.T.);
#2399=EDGE_CURVE('',#1898,#1885,#1115,.T.);
#2400=EDGE_CURVE('',#1899,#1898,#1116,.T.);
#2401=EDGE_CURVE('',#1899,#1878,#1117,.T.);
#2402=EDGE_CURVE('',#1900,#1899,#156,.T.);
#2403=EDGE_CURVE('',#1900,#1879,#1118,.T.);
#2404=EDGE_CURVE('',#1901,#1900,#1119,.T.);
#2405=EDGE_CURVE('',#1901,#1880,#1120,.T.);
#2406=EDGE_CURVE('',#1902,#1901,#157,.T.);
#2407=EDGE_CURVE('',#1902,#1881,#1121,.T.);
#2408=EDGE_CURVE('',#1903,#1902,#1122,.T.);
#2409=EDGE_CURVE('',#1903,#1882,#1123,.T.);
#2410=EDGE_CURVE('',#1896,#1903,#158,.T.);
#2411=EDGE_CURVE('',#1904,#1904,#159,.T.);
#2412=EDGE_CURVE('',#1904,#1895,#1124,.T.);
#2413=EDGE_CURVE('',#1905,#1893,#1125,.T.);
#2414=EDGE_CURVE('',#1906,#1905,#1126,.T.);
#2415=EDGE_CURVE('',#1906,#1890,#1127,.T.);
#2416=EDGE_CURVE('',#1907,#1906,#1128,.T.);
#2417=EDGE_CURVE('',#1907,#1891,#1129,.T.);
#2418=EDGE_CURVE('',#1908,#1907,#1130,.T.);
#2419=EDGE_CURVE('',#1908,#1892,#1131,.T.);
#2420=EDGE_CURVE('',#1905,#1908,#1132,.T.);
#2421=EDGE_CURVE('',#1865,#1845,#1133,.T.);
#2422=EDGE_CURVE('',#1847,#1867,#1134,.T.);
#2423=EDGE_CURVE('',#1846,#1864,#1135,.T.);
#2424=EDGE_CURVE('',#1866,#1848,#1136,.T.);
#2425=EDGE_CURVE('',#1909,#1910,#1137,.T.);
#2426=EDGE_CURVE('',#1910,#1911,#1138,.T.);
#2427=EDGE_CURVE('',#1911,#1912,#1139,.T.);
#2428=EDGE_CURVE('',#1912,#1909,#1140,.T.);
#2429=EDGE_CURVE('',#1913,#1910,#1141,.T.);
#2430=EDGE_CURVE('',#1914,#1913,#1142,.T.);
#2431=EDGE_CURVE('',#1911,#1914,#1143,.T.);
#2432=EDGE_CURVE('',#1915,#1914,#1144,.T.);
#2433=EDGE_CURVE('',#1912,#1915,#1145,.T.);
#2434=EDGE_CURVE('',#1916,#1915,#1146,.T.);
#2435=EDGE_CURVE('',#1909,#1916,#1147,.T.);
#2436=EDGE_CURVE('',#1913,#1916,#1148,.T.);
#2437=EDGE_CURVE('',#1917,#1918,#1149,.T.);
#2438=EDGE_CURVE('',#1917,#1919,#1150,.T.);
#2439=EDGE_CURVE('',#1920,#1919,#1151,.T.);
#2440=EDGE_CURVE('',#1918,#1920,#1152,.T.);
#2441=EDGE_CURVE('',#1918,#1921,#1153,.T.);
#2442=EDGE_CURVE('',#1922,#1920,#1154,.T.);
#2443=EDGE_CURVE('',#1921,#1922,#1155,.T.);
#2444=EDGE_CURVE('',#1921,#1923,#1156,.T.);
#2445=EDGE_CURVE('',#1924,#1922,#1157,.T.);
#2446=EDGE_CURVE('',#1923,#1924,#1158,.T.);
#2447=EDGE_CURVE('',#1917,#1923,#160,.T.);
#2448=EDGE_CURVE('',#1919,#1924,#161,.T.);
#2449=EDGE_CURVE('',#1925,#1925,#162,.T.);
#2450=EDGE_CURVE('',#1925,#1926,#1159,.T.);
#2451=EDGE_CURVE('',#1926,#1926,#163,.T.);
#2452=EDGE_CURVE('',#1927,#1927,#164,.T.);
#2453=EDGE_CURVE('',#1927,#1928,#1160,.T.);
#2454=EDGE_CURVE('',#1928,#1928,#165,.T.);
#2455=EDGE_CURVE('',#1929,#1929,#166,.T.);
#2456=EDGE_CURVE('',#1929,#1930,#1161,.T.);
#2457=EDGE_CURVE('',#1930,#1930,#167,.T.);
#2458=EDGE_CURVE('',#1931,#1931,#168,.T.);
#2459=EDGE_CURVE('',#1931,#1932,#1162,.T.);
#2460=EDGE_CURVE('',#1932,#1932,#169,.T.);
#2461=EDGE_CURVE('',#1933,#1934,#170,.T.);
#2462=EDGE_CURVE('',#1934,#1935,#1163,.T.);
#2463=EDGE_CURVE('',#1935,#1936,#171,.T.);
#2464=EDGE_CURVE('',#1936,#1933,#1164,.T.);
#2465=EDGE_CURVE('',#1937,#1938,#172,.T.);
#2466=EDGE_CURVE('',#1938,#1936,#173,.T.);
#2467=EDGE_CURVE('',#1935,#1937,#174,.T.);
#2468=EDGE_CURVE('',#1939,#1940,#175,.T.);
#2469=EDGE_CURVE('',#1940,#1938,#1165,.T.);
#2470=EDGE_CURVE('',#1937,#1939,#1166,.T.);
#2471=EDGE_CURVE('',#1941,#1942,#176,.T.);
#2472=EDGE_CURVE('',#1942,#1940,#177,.T.);
#2473=EDGE_CURVE('',#1939,#1941,#178,.T.);
#2474=EDGE_CURVE('',#1943,#1944,#179,.T.);
#2475=EDGE_CURVE('',#1944,#1942,#1167,.T.);
#2476=EDGE_CURVE('',#1941,#1943,#1168,.T.);
#2477=EDGE_CURVE('',#1945,#1946,#180,.T.);
#2478=EDGE_CURVE('',#1946,#1944,#181,.T.);
#2479=EDGE_CURVE('',#1943,#1945,#182,.T.);
#2480=EDGE_CURVE('',#1947,#1948,#183,.T.);
#2481=EDGE_CURVE('',#1948,#1946,#1169,.T.);
#2482=EDGE_CURVE('',#1945,#1947,#1170,.T.);
#2483=EDGE_CURVE('',#1933,#1948,#184,.T.);
#2484=EDGE_CURVE('',#1947,#1934,#185,.T.);
#2485=EDGE_CURVE('',#1939,#1949,#1171,.T.);
#2486=EDGE_CURVE('',#1950,#1949,#186,.T.);
#2487=EDGE_CURVE('',#1941,#1950,#1172,.T.);
#2488=EDGE_CURVE('',#1937,#1951,#1173,.T.);
#2489=EDGE_CURVE('',#1949,#1951,#1174,.T.);
#2490=EDGE_CURVE('',#1935,#1952,#1175,.T.);
#2491=EDGE_CURVE('',#1951,#1952,#187,.T.);
#2492=EDGE_CURVE('',#1934,#1953,#1176,.T.);
#2493=EDGE_CURVE('',#1952,#1953,#1177,.T.);
#2494=EDGE_CURVE('',#1954,#1950,#1178,.T.);
#2495=EDGE_CURVE('',#1943,#1954,#1179,.T.);
#2496=EDGE_CURVE('',#1955,#1954,#188,.T.);
#2497=EDGE_CURVE('',#1945,#1955,#1180,.T.);
#2498=EDGE_CURVE('',#1956,#1955,#1181,.T.);
#2499=EDGE_CURVE('',#1947,#1956,#1182,.T.);
#2500=EDGE_CURVE('',#1953,#1956,#189,.T.);
#2501=EDGE_CURVE('',#1957,#1958,#1183,.T.);
#2502=EDGE_CURVE('',#1957,#1959,#1184,.T.);
#2503=EDGE_CURVE('',#1960,#1959,#1185,.T.);
#2504=EDGE_CURVE('',#1958,#1960,#1186,.T.);
#2505=EDGE_CURVE('',#1958,#1961,#190,.T.);
#2506=EDGE_CURVE('',#1962,#1960,#191,.T.);
#2507=EDGE_CURVE('',#1961,#1962,#1187,.T.);
#2508=EDGE_CURVE('',#1961,#1963,#1188,.T.);
#2509=EDGE_CURVE('',#1964,#1962,#1189,.T.);
#2510=EDGE_CURVE('',#1963,#1964,#1190,.T.);
#2511=EDGE_CURVE('',#1963,#1965,#192,.T.);
#2512=EDGE_CURVE('',#1966,#1964,#193,.T.);
#2513=EDGE_CURVE('',#1965,#1966,#1191,.T.);
#2514=EDGE_CURVE('',#1965,#1967,#1192,.T.);
#2515=EDGE_CURVE('',#1968,#1966,#1193,.T.);
#2516=EDGE_CURVE('',#1967,#1968,#1194,.T.);
#2517=EDGE_CURVE('',#1967,#1969,#194,.T.);
#2518=EDGE_CURVE('',#1970,#1968,#195,.T.);
#2519=EDGE_CURVE('',#1969,#1970,#1195,.T.);
#2520=EDGE_CURVE('',#1969,#1971,#1196,.T.);
#2521=EDGE_CURVE('',#1972,#1970,#1197,.T.);
#2522=EDGE_CURVE('',#1971,#1972,#1198,.T.);
#2523=EDGE_CURVE('',#1971,#1957,#196,.T.);
#2524=EDGE_CURVE('',#1959,#1972,#197,.T.);
#2525=EDGE_CURVE('',#1973,#1974,#1199,.T.);
#2526=EDGE_CURVE('',#1973,#1975,#198,.T.);
#2527=EDGE_CURVE('',#1976,#1975,#1200,.T.);
#2528=EDGE_CURVE('',#1976,#1977,#1201,.T.);
#2529=EDGE_CURVE('',#1977,#1978,#199,.T.);
#2530=EDGE_CURVE('',#1979,#1978,#200,.T.);
#2531=EDGE_CURVE('',#1979,#1980,#1202,.T.);
#2532=EDGE_CURVE('',#1981,#1980,#201,.T.);
#2533=EDGE_CURVE('',#1981,#1982,#1203,.T.);
#2534=EDGE_CURVE('',#1983,#1982,#202,.T.);
#2535=EDGE_CURVE('',#1983,#1984,#1204,.T.);
#2536=EDGE_CURVE('',#1974,#1984,#203,.T.);
#2537=EDGE_CURVE('',#1973,#1985,#1205,.T.);
#2538=EDGE_CURVE('',#1986,#1985,#204,.T.);
#2539=EDGE_CURVE('',#1975,#1986,#1206,.T.);
#2540=EDGE_CURVE('',#1987,#1986,#1207,.T.);
#2541=EDGE_CURVE('',#1976,#1987,#1208,.T.);
#2542=EDGE_CURVE('',#1988,#1987,#1209,.T.);
#2543=EDGE_CURVE('',#1977,#1988,#1210,.T.);
#2544=EDGE_CURVE('',#1989,#1988,#205,.T.);
#2545=EDGE_CURVE('',#1978,#1989,#1211,.T.);
#2546=EDGE_CURVE('',#1990,#1989,#206,.T.);
#2547=EDGE_CURVE('',#1979,#1990,#1212,.T.);
#2548=EDGE_CURVE('',#1991,#1990,#1213,.T.);
#2549=EDGE_CURVE('',#1980,#1991,#1214,.T.);
#2550=EDGE_CURVE('',#1992,#1991,#207,.T.);
#2551=EDGE_CURVE('',#1981,#1992,#1215,.T.);
#2552=EDGE_CURVE('',#1993,#1992,#1216,.T.);
#2553=EDGE_CURVE('',#1982,#1993,#1217,.T.);
#2554=EDGE_CURVE('',#1994,#1993,#208,.T.);
#2555=EDGE_CURVE('',#1983,#1994,#1218,.T.);
#2556=EDGE_CURVE('',#1995,#1994,#1219,.T.);
#2557=EDGE_CURVE('',#1984,#1995,#1220,.T.);
#2558=EDGE_CURVE('',#1996,#1995,#209,.T.);
#2559=EDGE_CURVE('',#1974,#1996,#1221,.T.);
#2560=EDGE_CURVE('',#1985,#1996,#1222,.T.);
#2561=ORIENTED_EDGE('',*,*,#1997,.F.);
#2562=ORIENTED_EDGE('',*,*,#1998,.F.);
#2563=ORIENTED_EDGE('',*,*,#1999,.T.);
#2564=ORIENTED_EDGE('',*,*,#2000,.F.);
#2565=ORIENTED_EDGE('',*,*,#2001,.F.);
#2566=ORIENTED_EDGE('',*,*,#1999,.F.);
#2567=ORIENTED_EDGE('',*,*,#2002,.F.);
#2568=ORIENTED_EDGE('',*,*,#2003,.F.);
#2569=ORIENTED_EDGE('',*,*,#2004,.F.);
#2570=ORIENTED_EDGE('',*,*,#2005,.F.);
#2571=ORIENTED_EDGE('',*,*,#2006,.F.);
#2572=ORIENTED_EDGE('',*,*,#2007,.T.);
#2573=ORIENTED_EDGE('',*,*,#2008,.F.);
#2574=ORIENTED_EDGE('',*,*,#2009,.F.);
#2575=ORIENTED_EDGE('',*,*,#2007,.F.);
#2576=ORIENTED_EDGE('',*,*,#2010,.F.);
#2577=ORIENTED_EDGE('',*,*,#2011,.F.);
#2578=ORIENTED_EDGE('',*,*,#2012,.F.);
#2579=ORIENTED_EDGE('',*,*,#2013,.F.);
#2580=ORIENTED_EDGE('',*,*,#2014,.F.);
#2581=ORIENTED_EDGE('',*,*,#2015,.F.);
#2582=ORIENTED_EDGE('',*,*,#2016,.F.);
#2583=ORIENTED_EDGE('',*,*,#2017,.F.);
#2584=ORIENTED_EDGE('',*,*,#2018,.F.);
#2585=ORIENTED_EDGE('',*,*,#2019,.T.);
#2586=ORIENTED_EDGE('',*,*,#2020,.F.);
#2587=ORIENTED_EDGE('',*,*,#2021,.F.);
#2588=ORIENTED_EDGE('',*,*,#2019,.F.);
#2589=ORIENTED_EDGE('',*,*,#2022,.F.);
#2590=ORIENTED_EDGE('',*,*,#2023,.F.);
#2591=ORIENTED_EDGE('',*,*,#2024,.F.);
#2592=ORIENTED_EDGE('',*,*,#2025,.F.);
#2593=ORIENTED_EDGE('',*,*,#2026,.F.);
#2594=ORIENTED_EDGE('',*,*,#2027,.T.);
#2595=ORIENTED_EDGE('',*,*,#2028,.F.);
#2596=ORIENTED_EDGE('',*,*,#2029,.F.);
#2597=ORIENTED_EDGE('',*,*,#2027,.F.);
#2598=ORIENTED_EDGE('',*,*,#2030,.F.);
#2599=ORIENTED_EDGE('',*,*,#2031,.F.);
#2600=ORIENTED_EDGE('',*,*,#2032,.F.);
#2601=ORIENTED_EDGE('',*,*,#2033,.F.);
#2602=ORIENTED_EDGE('',*,*,#2013,.T.);
#2603=ORIENTED_EDGE('',*,*,#2034,.F.);
#2604=ORIENTED_EDGE('',*,*,#2035,.F.);
#2605=ORIENTED_EDGE('',*,*,#2036,.T.);
#2606=ORIENTED_EDGE('',*,*,#2037,.F.);
#2607=ORIENTED_EDGE('',*,*,#2012,.T.);
#2608=ORIENTED_EDGE('',*,*,#2038,.F.);
#2609=ORIENTED_EDGE('',*,*,#2039,.F.);
#2610=ORIENTED_EDGE('',*,*,#2040,.F.);
#2611=ORIENTED_EDGE('',*,*,#2034,.T.);
#2612=ORIENTED_EDGE('',*,*,#2016,.T.);
#2613=ORIENTED_EDGE('',*,*,#2041,.T.);
#2614=ORIENTED_EDGE('',*,*,#2042,.T.);
#2615=ORIENTED_EDGE('',*,*,#2043,.T.);
#2616=ORIENTED_EDGE('',*,*,#2044,.F.);
#2617=ORIENTED_EDGE('',*,*,#2045,.T.);
#2618=ORIENTED_EDGE('',*,*,#2046,.T.);
#2619=ORIENTED_EDGE('',*,*,#2047,.T.);
#2620=ORIENTED_EDGE('',*,*,#2048,.T.);
#2621=ORIENTED_EDGE('',*,*,#2049,.F.);
#2622=ORIENTED_EDGE('',*,*,#2050,.T.);
#2623=ORIENTED_EDGE('',*,*,#2051,.T.);
#2624=ORIENTED_EDGE('',*,*,#2052,.T.);
#2625=ORIENTED_EDGE('',*,*,#2053,.T.);
#2626=ORIENTED_EDGE('',*,*,#2054,.F.);
#2627=ORIENTED_EDGE('',*,*,#2055,.F.);
#2628=ORIENTED_EDGE('',*,*,#2056,.T.);
#2629=ORIENTED_EDGE('',*,*,#2057,.T.);
#2630=ORIENTED_EDGE('',*,*,#2058,.F.);
#2631=ORIENTED_EDGE('',*,*,#2059,.T.);
#2632=ORIENTED_EDGE('',*,*,#2060,.T.);
#2633=ORIENTED_EDGE('',*,*,#2061,.T.);
#2634=ORIENTED_EDGE('',*,*,#2062,.T.);
#2635=ORIENTED_EDGE('',*,*,#2063,.F.);
#2636=ORIENTED_EDGE('',*,*,#2064,.F.);
#2637=ORIENTED_EDGE('',*,*,#2065,.T.);
#2638=ORIENTED_EDGE('',*,*,#2066,.T.);
#2639=ORIENTED_EDGE('',*,*,#2067,.T.);
#2640=ORIENTED_EDGE('',*,*,#2068,.T.);
#2641=ORIENTED_EDGE('',*,*,#2069,.T.);
#2642=ORIENTED_EDGE('',*,*,#2070,.F.);
#2643=ORIENTED_EDGE('',*,*,#2071,.T.);
#2644=ORIENTED_EDGE('',*,*,#2072,.T.);
#2645=ORIENTED_EDGE('',*,*,#2031,.T.);
#2646=ORIENTED_EDGE('',*,*,#2073,.T.);
#2647=ORIENTED_EDGE('',*,*,#2074,.T.);
#2648=ORIENTED_EDGE('',*,*,#2075,.T.);
#2649=ORIENTED_EDGE('',*,*,#2076,.T.);
#2650=ORIENTED_EDGE('',*,*,#2077,.T.);
#2651=ORIENTED_EDGE('',*,*,#2078,.T.);
#2652=ORIENTED_EDGE('',*,*,#2079,.T.);
#2653=ORIENTED_EDGE('',*,*,#2080,.T.);
#2654=ORIENTED_EDGE('',*,*,#2081,.T.);
#2655=ORIENTED_EDGE('',*,*,#2082,.T.);
#2656=ORIENTED_EDGE('',*,*,#2083,.T.);
#2657=ORIENTED_EDGE('',*,*,#2084,.T.);
#2658=ORIENTED_EDGE('',*,*,#2085,.T.);
#2659=ORIENTED_EDGE('',*,*,#2086,.T.);
#2660=ORIENTED_EDGE('',*,*,#2087,.T.);
#2661=ORIENTED_EDGE('',*,*,#2088,.T.);
#2662=ORIENTED_EDGE('',*,*,#2089,.T.);
#2663=ORIENTED_EDGE('',*,*,#2090,.T.);
#2664=ORIENTED_EDGE('',*,*,#2091,.T.);
#2665=ORIENTED_EDGE('',*,*,#2092,.T.);
#2666=ORIENTED_EDGE('',*,*,#2093,.T.);
#2667=ORIENTED_EDGE('',*,*,#2094,.T.);
#2668=ORIENTED_EDGE('',*,*,#2095,.T.);
#2669=ORIENTED_EDGE('',*,*,#2096,.T.);
#2670=ORIENTED_EDGE('',*,*,#2097,.T.);
#2671=ORIENTED_EDGE('',*,*,#2032,.T.);
#2672=ORIENTED_EDGE('',*,*,#2072,.F.);
#2673=ORIENTED_EDGE('',*,*,#2098,.F.);
#2674=ORIENTED_EDGE('',*,*,#2099,.F.);
#2675=ORIENTED_EDGE('',*,*,#2100,.T.);
#2676=ORIENTED_EDGE('',*,*,#2101,.F.);
#2677=ORIENTED_EDGE('',*,*,#2102,.F.);
#2678=ORIENTED_EDGE('',*,*,#2103,.F.);
#2679=ORIENTED_EDGE('',*,*,#2098,.T.);
#2680=ORIENTED_EDGE('',*,*,#2071,.F.);
#2681=ORIENTED_EDGE('',*,*,#2104,.F.);
#2682=ORIENTED_EDGE('',*,*,#2105,.F.);
#2683=ORIENTED_EDGE('',*,*,#2106,.F.);
#2684=ORIENTED_EDGE('',*,*,#2107,.T.);
#2685=ORIENTED_EDGE('',*,*,#2065,.F.);
#2686=ORIENTED_EDGE('',*,*,#2108,.F.);
#2687=ORIENTED_EDGE('',*,*,#2109,.F.);
#2688=ORIENTED_EDGE('',*,*,#2110,.F.);
#2689=ORIENTED_EDGE('',*,*,#2111,.T.);
#2690=ORIENTED_EDGE('',*,*,#2112,.F.);
#2691=ORIENTED_EDGE('',*,*,#2113,.F.);
#2692=ORIENTED_EDGE('',*,*,#2114,.F.);
#2693=ORIENTED_EDGE('',*,*,#2115,.F.);
#2694=ORIENTED_EDGE('',*,*,#2116,.T.);
#2695=ORIENTED_EDGE('',*,*,#2117,.F.);
#2696=ORIENTED_EDGE('',*,*,#2118,.F.);
#2697=ORIENTED_EDGE('',*,*,#2119,.F.);
#2698=ORIENTED_EDGE('',*,*,#2120,.F.);
#2699=ORIENTED_EDGE('',*,*,#2121,.T.);
#2700=ORIENTED_EDGE('',*,*,#2059,.F.);
#2701=ORIENTED_EDGE('',*,*,#2122,.F.);
#2702=ORIENTED_EDGE('',*,*,#2123,.F.);
#2703=ORIENTED_EDGE('',*,*,#2124,.F.);
#2704=ORIENTED_EDGE('',*,*,#2125,.T.);
#2705=ORIENTED_EDGE('',*,*,#2056,.F.);
#2706=ORIENTED_EDGE('',*,*,#2126,.F.);
#2707=ORIENTED_EDGE('',*,*,#2127,.F.);
#2708=ORIENTED_EDGE('',*,*,#2128,.F.);
#2709=ORIENTED_EDGE('',*,*,#2129,.T.);
#2710=ORIENTED_EDGE('',*,*,#2045,.F.);
#2711=ORIENTED_EDGE('',*,*,#2130,.F.);
#2712=ORIENTED_EDGE('',*,*,#2131,.F.);
#2713=ORIENTED_EDGE('',*,*,#2132,.F.);
#2714=ORIENTED_EDGE('',*,*,#2048,.F.);
#2715=ORIENTED_EDGE('',*,*,#2133,.F.);
#2716=ORIENTED_EDGE('',*,*,#2134,.F.);
#2717=ORIENTED_EDGE('',*,*,#2135,.F.);
#2718=ORIENTED_EDGE('',*,*,#2136,.F.);
#2719=ORIENTED_EDGE('',*,*,#2137,.T.);
#2720=ORIENTED_EDGE('',*,*,#2050,.F.);
#2721=ORIENTED_EDGE('',*,*,#2138,.F.);
#2722=ORIENTED_EDGE('',*,*,#2139,.F.);
#2723=ORIENTED_EDGE('',*,*,#2140,.T.);
#2724=ORIENTED_EDGE('',*,*,#2083,.F.);
#2725=ORIENTED_EDGE('',*,*,#2141,.F.);
#2726=ORIENTED_EDGE('',*,*,#2142,.F.);
#2727=ORIENTED_EDGE('',*,*,#2141,.T.);
#2728=ORIENTED_EDGE('',*,*,#2082,.F.);
#2729=ORIENTED_EDGE('',*,*,#2143,.F.);
#2730=ORIENTED_EDGE('',*,*,#2144,.F.);
#2731=ORIENTED_EDGE('',*,*,#2143,.T.);
#2732=ORIENTED_EDGE('',*,*,#2081,.F.);
#2733=ORIENTED_EDGE('',*,*,#2145,.F.);
#2734=ORIENTED_EDGE('',*,*,#2146,.F.);
#2735=ORIENTED_EDGE('',*,*,#2145,.T.);
#2736=ORIENTED_EDGE('',*,*,#2080,.F.);
#2737=ORIENTED_EDGE('',*,*,#2140,.F.);
#2738=ORIENTED_EDGE('',*,*,#2147,.F.);
#2739=ORIENTED_EDGE('',*,*,#2148,.T.);
#2740=ORIENTED_EDGE('',*,*,#2087,.F.);
#2741=ORIENTED_EDGE('',*,*,#2149,.F.);
#2742=ORIENTED_EDGE('',*,*,#2150,.F.);
#2743=ORIENTED_EDGE('',*,*,#2149,.T.);
#2744=ORIENTED_EDGE('',*,*,#2086,.F.);
#2745=ORIENTED_EDGE('',*,*,#2151,.F.);
#2746=ORIENTED_EDGE('',*,*,#2152,.F.);
#2747=ORIENTED_EDGE('',*,*,#2151,.T.);
#2748=ORIENTED_EDGE('',*,*,#2085,.F.);
#2749=ORIENTED_EDGE('',*,*,#2153,.F.);
#2750=ORIENTED_EDGE('',*,*,#2154,.F.);
#2751=ORIENTED_EDGE('',*,*,#2153,.T.);
#2752=ORIENTED_EDGE('',*,*,#2084,.F.);
#2753=ORIENTED_EDGE('',*,*,#2148,.F.);
#2754=ORIENTED_EDGE('',*,*,#2155,.F.);
#2755=ORIENTED_EDGE('',*,*,#2156,.T.);
#2756=ORIENTED_EDGE('',*,*,#2092,.F.);
#2757=ORIENTED_EDGE('',*,*,#2157,.F.);
#2758=ORIENTED_EDGE('',*,*,#2158,.F.);
#2759=ORIENTED_EDGE('',*,*,#2157,.T.);
#2760=ORIENTED_EDGE('',*,*,#2091,.F.);
#2761=ORIENTED_EDGE('',*,*,#2159,.F.);
#2762=ORIENTED_EDGE('',*,*,#2160,.F.);
#2763=ORIENTED_EDGE('',*,*,#2159,.T.);
#2764=ORIENTED_EDGE('',*,*,#2090,.F.);
#2765=ORIENTED_EDGE('',*,*,#2161,.F.);
#2766=ORIENTED_EDGE('',*,*,#2162,.F.);
#2767=ORIENTED_EDGE('',*,*,#2161,.T.);
#2768=ORIENTED_EDGE('',*,*,#2089,.F.);
#2769=ORIENTED_EDGE('',*,*,#2163,.F.);
#2770=ORIENTED_EDGE('',*,*,#2164,.F.);
#2771=ORIENTED_EDGE('',*,*,#2163,.T.);
#2772=ORIENTED_EDGE('',*,*,#2088,.F.);
#2773=ORIENTED_EDGE('',*,*,#2156,.F.);
#2774=ORIENTED_EDGE('',*,*,#2165,.F.);
#2775=ORIENTED_EDGE('',*,*,#2166,.T.);
#2776=ORIENTED_EDGE('',*,*,#2167,.F.);
#2777=ORIENTED_EDGE('',*,*,#2168,.F.);
#2778=ORIENTED_EDGE('',*,*,#2169,.F.);
#2779=ORIENTED_EDGE('',*,*,#2168,.T.);
#2780=ORIENTED_EDGE('',*,*,#2170,.F.);
#2781=ORIENTED_EDGE('',*,*,#2036,.F.);
#2782=ORIENTED_EDGE('',*,*,#2171,.F.);
#2783=ORIENTED_EDGE('',*,*,#2039,.T.);
#2784=ORIENTED_EDGE('',*,*,#2172,.F.);
#2785=ORIENTED_EDGE('',*,*,#2166,.F.);
#2786=ORIENTED_EDGE('',*,*,#2173,.F.);
#2787=ORIENTED_EDGE('',*,*,#2174,.F.);
#2788=ORIENTED_EDGE('',*,*,#2043,.F.);
#2789=ORIENTED_EDGE('',*,*,#2175,.F.);
#2790=ORIENTED_EDGE('',*,*,#2176,.F.);
#2791=ORIENTED_EDGE('',*,*,#2177,.F.);
#2792=ORIENTED_EDGE('',*,*,#2175,.T.);
#2793=ORIENTED_EDGE('',*,*,#2042,.F.);
#2794=ORIENTED_EDGE('',*,*,#2178,.F.);
#2795=ORIENTED_EDGE('',*,*,#2015,.T.);
#2796=ORIENTED_EDGE('',*,*,#2179,.F.);
#2797=ORIENTED_EDGE('',*,*,#2116,.F.);
#2798=ORIENTED_EDGE('',*,*,#2180,.F.);
#2799=ORIENTED_EDGE('',*,*,#2178,.T.);
#2800=ORIENTED_EDGE('',*,*,#2041,.F.);
#2801=ORIENTED_EDGE('',*,*,#2181,.F.);
#2802=ORIENTED_EDGE('',*,*,#2182,.F.);
#2803=ORIENTED_EDGE('',*,*,#2183,.F.);
#2804=ORIENTED_EDGE('',*,*,#2111,.F.);
#2805=ORIENTED_EDGE('',*,*,#2184,.F.);
#2806=ORIENTED_EDGE('',*,*,#2185,.F.);
#2807=ORIENTED_EDGE('',*,*,#2186,.F.);
#2808=ORIENTED_EDGE('',*,*,#2187,.F.);
#2809=ORIENTED_EDGE('',*,*,#2188,.F.);
#2810=ORIENTED_EDGE('',*,*,#2189,.F.);
#2811=ORIENTED_EDGE('',*,*,#2190,.F.);
#2812=ORIENTED_EDGE('',*,*,#2188,.T.);
#2813=ORIENTED_EDGE('',*,*,#2191,.F.);
#2814=ORIENTED_EDGE('',*,*,#2100,.F.);
#2815=ORIENTED_EDGE('',*,*,#2192,.F.);
#2816=ORIENTED_EDGE('',*,*,#2193,.F.);
#2817=ORIENTED_EDGE('',*,*,#2069,.F.);
#2818=ORIENTED_EDGE('',*,*,#2194,.F.);
#2819=ORIENTED_EDGE('',*,*,#2195,.F.);
#2820=ORIENTED_EDGE('',*,*,#2196,.F.);
#2821=ORIENTED_EDGE('',*,*,#2194,.T.);
#2822=ORIENTED_EDGE('',*,*,#2068,.F.);
#2823=ORIENTED_EDGE('',*,*,#2197,.F.);
#2824=ORIENTED_EDGE('',*,*,#2198,.F.);
#2825=ORIENTED_EDGE('',*,*,#2197,.T.);
#2826=ORIENTED_EDGE('',*,*,#2067,.F.);
#2827=ORIENTED_EDGE('',*,*,#2199,.F.);
#2828=ORIENTED_EDGE('',*,*,#2200,.F.);
#2829=ORIENTED_EDGE('',*,*,#2199,.T.);
#2830=ORIENTED_EDGE('',*,*,#2066,.F.);
#2831=ORIENTED_EDGE('',*,*,#2107,.F.);
#2832=ORIENTED_EDGE('',*,*,#2201,.F.);
#2833=ORIENTED_EDGE('',*,*,#2202,.F.);
#2834=ORIENTED_EDGE('',*,*,#2062,.F.);
#2835=ORIENTED_EDGE('',*,*,#2203,.F.);
#2836=ORIENTED_EDGE('',*,*,#2204,.F.);
#2837=ORIENTED_EDGE('',*,*,#2205,.F.);
#2838=ORIENTED_EDGE('',*,*,#2203,.T.);
#2839=ORIENTED_EDGE('',*,*,#2061,.F.);
#2840=ORIENTED_EDGE('',*,*,#2206,.F.);
#2841=ORIENTED_EDGE('',*,*,#2207,.F.);
#2842=ORIENTED_EDGE('',*,*,#2206,.T.);
#2843=ORIENTED_EDGE('',*,*,#2060,.F.);
#2844=ORIENTED_EDGE('',*,*,#2121,.F.);
#2845=ORIENTED_EDGE('',*,*,#2208,.F.);
#2846=ORIENTED_EDGE('',*,*,#2209,.F.);
#2847=ORIENTED_EDGE('',*,*,#2057,.F.);
#2848=ORIENTED_EDGE('',*,*,#2125,.F.);
#2849=ORIENTED_EDGE('',*,*,#2210,.F.);
#2850=ORIENTED_EDGE('',*,*,#2211,.F.);
#2851=ORIENTED_EDGE('',*,*,#2212,.F.);
#2852=ORIENTED_EDGE('',*,*,#2053,.F.);
#2853=ORIENTED_EDGE('',*,*,#2213,.F.);
#2854=ORIENTED_EDGE('',*,*,#2214,.F.);
#2855=ORIENTED_EDGE('',*,*,#2215,.F.);
#2856=ORIENTED_EDGE('',*,*,#2213,.T.);
#2857=ORIENTED_EDGE('',*,*,#2052,.F.);
#2858=ORIENTED_EDGE('',*,*,#2216,.F.);
#2859=ORIENTED_EDGE('',*,*,#2217,.F.);
#2860=ORIENTED_EDGE('',*,*,#2216,.T.);
#2861=ORIENTED_EDGE('',*,*,#2051,.F.);
#2862=ORIENTED_EDGE('',*,*,#2137,.F.);
#2863=ORIENTED_EDGE('',*,*,#2218,.F.);
#2864=ORIENTED_EDGE('',*,*,#2133,.T.);
#2865=ORIENTED_EDGE('',*,*,#2047,.F.);
#2866=ORIENTED_EDGE('',*,*,#2219,.F.);
#2867=ORIENTED_EDGE('',*,*,#2220,.F.);
#2868=ORIENTED_EDGE('',*,*,#2219,.T.);
#2869=ORIENTED_EDGE('',*,*,#2046,.F.);
#2870=ORIENTED_EDGE('',*,*,#2129,.F.);
#2871=ORIENTED_EDGE('',*,*,#2221,.F.);
#2872=ORIENTED_EDGE('',*,*,#2222,.T.);
#2873=ORIENTED_EDGE('',*,*,#2097,.F.);
#2874=ORIENTED_EDGE('',*,*,#2223,.F.);
#2875=ORIENTED_EDGE('',*,*,#2224,.F.);
#2876=ORIENTED_EDGE('',*,*,#2223,.T.);
#2877=ORIENTED_EDGE('',*,*,#2096,.F.);
#2878=ORIENTED_EDGE('',*,*,#2225,.F.);
#2879=ORIENTED_EDGE('',*,*,#2226,.F.);
#2880=ORIENTED_EDGE('',*,*,#2225,.T.);
#2881=ORIENTED_EDGE('',*,*,#2095,.F.);
#2882=ORIENTED_EDGE('',*,*,#2227,.F.);
#2883=ORIENTED_EDGE('',*,*,#2228,.F.);
#2884=ORIENTED_EDGE('',*,*,#2227,.T.);
#2885=ORIENTED_EDGE('',*,*,#2094,.F.);
#2886=ORIENTED_EDGE('',*,*,#2229,.F.);
#2887=ORIENTED_EDGE('',*,*,#2230,.F.);
#2888=ORIENTED_EDGE('',*,*,#2229,.T.);
#2889=ORIENTED_EDGE('',*,*,#2093,.F.);
#2890=ORIENTED_EDGE('',*,*,#2222,.F.);
#2891=ORIENTED_EDGE('',*,*,#2231,.F.);
#2892=ORIENTED_EDGE('',*,*,#2232,.T.);
#2893=ORIENTED_EDGE('',*,*,#2077,.F.);
#2894=ORIENTED_EDGE('',*,*,#2233,.F.);
#2895=ORIENTED_EDGE('',*,*,#2234,.F.);
#2896=ORIENTED_EDGE('',*,*,#2233,.T.);
#2897=ORIENTED_EDGE('',*,*,#2076,.F.);
#2898=ORIENTED_EDGE('',*,*,#2235,.F.);
#2899=ORIENTED_EDGE('',*,*,#2236,.F.);
#2900=ORIENTED_EDGE('',*,*,#2235,.T.);
#2901=ORIENTED_EDGE('',*,*,#2075,.F.);
#2902=ORIENTED_EDGE('',*,*,#2237,.F.);
#2903=ORIENTED_EDGE('',*,*,#2238,.F.);
#2904=ORIENTED_EDGE('',*,*,#2237,.T.);
#2905=ORIENTED_EDGE('',*,*,#2074,.F.);
#2906=ORIENTED_EDGE('',*,*,#2239,.F.);
#2907=ORIENTED_EDGE('',*,*,#2030,.T.);
#2908=ORIENTED_EDGE('',*,*,#2240,.F.);
#2909=ORIENTED_EDGE('',*,*,#2241,.F.);
#2910=ORIENTED_EDGE('',*,*,#2242,.F.);
#2911=ORIENTED_EDGE('',*,*,#2239,.T.);
#2912=ORIENTED_EDGE('',*,*,#2073,.F.);
#2913=ORIENTED_EDGE('',*,*,#2243,.F.);
#2914=ORIENTED_EDGE('',*,*,#2241,.T.);
#2915=ORIENTED_EDGE('',*,*,#2244,.F.);
#2916=ORIENTED_EDGE('',*,*,#2245,.F.);
#2917=ORIENTED_EDGE('',*,*,#2010,.T.);
#2918=ORIENTED_EDGE('',*,*,#2079,.F.);
#2919=ORIENTED_EDGE('',*,*,#2246,.F.);
#2920=ORIENTED_EDGE('',*,*,#2247,.F.);
#2921=ORIENTED_EDGE('',*,*,#2245,.T.);
#2922=ORIENTED_EDGE('',*,*,#2248,.F.);
#2923=ORIENTED_EDGE('',*,*,#2249,.F.);
#2924=ORIENTED_EDGE('',*,*,#2246,.T.);
#2925=ORIENTED_EDGE('',*,*,#2078,.F.);
#2926=ORIENTED_EDGE('',*,*,#2232,.F.);
#2927=ORIENTED_EDGE('',*,*,#2014,.T.);
#2928=ORIENTED_EDGE('',*,*,#2037,.T.);
#2929=ORIENTED_EDGE('',*,*,#2170,.T.);
#2930=ORIENTED_EDGE('',*,*,#2167,.T.);
#2931=ORIENTED_EDGE('',*,*,#2172,.T.);
#2932=ORIENTED_EDGE('',*,*,#2038,.T.);
#2933=ORIENTED_EDGE('',*,*,#2011,.T.);
#2934=ORIENTED_EDGE('',*,*,#2248,.T.);
#2935=ORIENTED_EDGE('',*,*,#2244,.T.);
#2936=ORIENTED_EDGE('',*,*,#2240,.T.);
#2937=ORIENTED_EDGE('',*,*,#2033,.T.);
#2938=ORIENTED_EDGE('',*,*,#2101,.T.);
#2939=ORIENTED_EDGE('',*,*,#2191,.T.);
#2940=ORIENTED_EDGE('',*,*,#2187,.T.);
#2941=ORIENTED_EDGE('',*,*,#2250,.F.);
#2942=ORIENTED_EDGE('',*,*,#2112,.T.);
#2943=ORIENTED_EDGE('',*,*,#2183,.T.);
#2944=ORIENTED_EDGE('',*,*,#2251,.F.);
#2945=ORIENTED_EDGE('',*,*,#2117,.T.);
#2946=ORIENTED_EDGE('',*,*,#2179,.T.);
#2947=ORIENTED_EDGE('',*,*,#2201,.T.);
#2948=ORIENTED_EDGE('',*,*,#2252,.T.);
#2949=ORIENTED_EDGE('',*,*,#2119,.T.);
#2950=ORIENTED_EDGE('',*,*,#2253,.T.);
#2951=ORIENTED_EDGE('',*,*,#2109,.T.);
#2952=ORIENTED_EDGE('',*,*,#2254,.T.);
#2953=ORIENTED_EDGE('',*,*,#2208,.T.);
#2954=ORIENTED_EDGE('',*,*,#2255,.T.);
#2955=ORIENTED_EDGE('',*,*,#2102,.T.);
#2956=ORIENTED_EDGE('',*,*,#2256,.T.);
#2957=ORIENTED_EDGE('',*,*,#2185,.T.);
#2958=ORIENTED_EDGE('',*,*,#2257,.T.);
#2959=ORIENTED_EDGE('',*,*,#2192,.T.);
#2960=ORIENTED_EDGE('',*,*,#2258,.T.);
#2961=ORIENTED_EDGE('',*,*,#2105,.T.);
#2962=ORIENTED_EDGE('',*,*,#2259,.T.);
#2963=ORIENTED_EDGE('',*,*,#2211,.T.);
#2964=ORIENTED_EDGE('',*,*,#2260,.T.);
#2965=ORIENTED_EDGE('',*,*,#2135,.T.);
#2966=ORIENTED_EDGE('',*,*,#2261,.T.);
#2967=ORIENTED_EDGE('',*,*,#2127,.T.);
#2968=ORIENTED_EDGE('',*,*,#2262,.T.);
#2969=ORIENTED_EDGE('',*,*,#2131,.T.);
#2970=ORIENTED_EDGE('',*,*,#2263,.T.);
#2971=ORIENTED_EDGE('',*,*,#2114,.T.);
#2972=ORIENTED_EDGE('',*,*,#2264,.T.);
#2973=ORIENTED_EDGE('',*,*,#2173,.T.);
#2974=ORIENTED_EDGE('',*,*,#2265,.T.);
#2975=ORIENTED_EDGE('',*,*,#2181,.T.);
#2976=ORIENTED_EDGE('',*,*,#2266,.T.);
#2977=ORIENTED_EDGE('',*,*,#2123,.T.);
#2978=ORIENTED_EDGE('',*,*,#2267,.T.);
#2979=ORIENTED_EDGE('',*,*,#2268,.T.);
#2980=ORIENTED_EDGE('',*,*,#2269,.T.);
#2981=ORIENTED_EDGE('',*,*,#2270,.T.);
#2982=ORIENTED_EDGE('',*,*,#2271,.T.);
#2983=ORIENTED_EDGE('',*,*,#2231,.T.);
#2984=ORIENTED_EDGE('',*,*,#2234,.T.);
#2985=ORIENTED_EDGE('',*,*,#2236,.T.);
#2986=ORIENTED_EDGE('',*,*,#2238,.T.);
#2987=ORIENTED_EDGE('',*,*,#2242,.T.);
#2988=ORIENTED_EDGE('',*,*,#2243,.T.);
#2989=ORIENTED_EDGE('',*,*,#2247,.T.);
#2990=ORIENTED_EDGE('',*,*,#2249,.T.);
#2991=ORIENTED_EDGE('',*,*,#2221,.T.);
#2992=ORIENTED_EDGE('',*,*,#2224,.T.);
#2993=ORIENTED_EDGE('',*,*,#2226,.T.);
#2994=ORIENTED_EDGE('',*,*,#2228,.T.);
#2995=ORIENTED_EDGE('',*,*,#2230,.T.);
#2996=ORIENTED_EDGE('',*,*,#2165,.T.);
#2997=ORIENTED_EDGE('',*,*,#2169,.T.);
#2998=ORIENTED_EDGE('',*,*,#2035,.T.);
#2999=ORIENTED_EDGE('',*,*,#2040,.T.);
#3000=ORIENTED_EDGE('',*,*,#2171,.T.);
#3001=ORIENTED_EDGE('',*,*,#2155,.T.);
#3002=ORIENTED_EDGE('',*,*,#2158,.T.);
#3003=ORIENTED_EDGE('',*,*,#2160,.T.);
#3004=ORIENTED_EDGE('',*,*,#2162,.T.);
#3005=ORIENTED_EDGE('',*,*,#2164,.T.);
#3006=ORIENTED_EDGE('',*,*,#2147,.T.);
#3007=ORIENTED_EDGE('',*,*,#2150,.T.);
#3008=ORIENTED_EDGE('',*,*,#2152,.T.);
#3009=ORIENTED_EDGE('',*,*,#2154,.T.);
#3010=ORIENTED_EDGE('',*,*,#2204,.T.);
#3011=ORIENTED_EDGE('',*,*,#2205,.T.);
#3012=ORIENTED_EDGE('',*,*,#2207,.T.);
#3013=ORIENTED_EDGE('',*,*,#2120,.T.);
#3014=ORIENTED_EDGE('',*,*,#2252,.F.);
#3015=ORIENTED_EDGE('',*,*,#2214,.T.);
#3016=ORIENTED_EDGE('',*,*,#2215,.T.);
#3017=ORIENTED_EDGE('',*,*,#2217,.T.);
#3018=ORIENTED_EDGE('',*,*,#2136,.T.);
#3019=ORIENTED_EDGE('',*,*,#2260,.F.);
#3020=ORIENTED_EDGE('',*,*,#2128,.T.);
#3021=ORIENTED_EDGE('',*,*,#2263,.F.);
#3022=ORIENTED_EDGE('',*,*,#2134,.T.);
#3023=ORIENTED_EDGE('',*,*,#2218,.T.);
#3024=ORIENTED_EDGE('',*,*,#2220,.T.);
#3025=ORIENTED_EDGE('',*,*,#2115,.T.);
#3026=ORIENTED_EDGE('',*,*,#2265,.F.);
#3027=ORIENTED_EDGE('',*,*,#2176,.T.);
#3028=ORIENTED_EDGE('',*,*,#2177,.T.);
#3029=ORIENTED_EDGE('',*,*,#2180,.T.);
#3030=ORIENTED_EDGE('',*,*,#2110,.T.);
#3031=ORIENTED_EDGE('',*,*,#2255,.F.);
#3032=ORIENTED_EDGE('',*,*,#2210,.T.);
#3033=ORIENTED_EDGE('',*,*,#2124,.T.);
#3034=ORIENTED_EDGE('',*,*,#2266,.F.);
#3035=ORIENTED_EDGE('',*,*,#2184,.T.);
#3036=ORIENTED_EDGE('',*,*,#2103,.T.);
#3037=ORIENTED_EDGE('',*,*,#2257,.F.);
#3038=ORIENTED_EDGE('',*,*,#2189,.T.);
#3039=ORIENTED_EDGE('',*,*,#2190,.T.);
#3040=ORIENTED_EDGE('',*,*,#2099,.T.);
#3041=ORIENTED_EDGE('',*,*,#2195,.T.);
#3042=ORIENTED_EDGE('',*,*,#2196,.T.);
#3043=ORIENTED_EDGE('',*,*,#2198,.T.);
#3044=ORIENTED_EDGE('',*,*,#2200,.T.);
#3045=ORIENTED_EDGE('',*,*,#2106,.T.);
#3046=ORIENTED_EDGE('',*,*,#2258,.F.);
#3047=ORIENTED_EDGE('',*,*,#2139,.T.);
#3048=ORIENTED_EDGE('',*,*,#2142,.T.);
#3049=ORIENTED_EDGE('',*,*,#2144,.T.);
#3050=ORIENTED_EDGE('',*,*,#2146,.T.);
#3051=ORIENTED_EDGE('',*,*,#2272,.F.);
#3052=ORIENTED_EDGE('',*,*,#2273,.T.);
#3053=ORIENTED_EDGE('',*,*,#2054,.T.);
#3054=ORIENTED_EDGE('',*,*,#2212,.T.);
#3055=ORIENTED_EDGE('',*,*,#2261,.F.);
#3056=ORIENTED_EDGE('',*,*,#2138,.T.);
#3057=ORIENTED_EDGE('',*,*,#2049,.T.);
#3058=ORIENTED_EDGE('',*,*,#2132,.T.);
#3059=ORIENTED_EDGE('',*,*,#2262,.F.);
#3060=ORIENTED_EDGE('',*,*,#2130,.T.);
#3061=ORIENTED_EDGE('',*,*,#2044,.T.);
#3062=ORIENTED_EDGE('',*,*,#2174,.T.);
#3063=ORIENTED_EDGE('',*,*,#2264,.F.);
#3064=ORIENTED_EDGE('',*,*,#2118,.T.);
#3065=ORIENTED_EDGE('',*,*,#2251,.T.);
#3066=ORIENTED_EDGE('',*,*,#2182,.T.);
#3067=ORIENTED_EDGE('',*,*,#2267,.F.);
#3068=ORIENTED_EDGE('',*,*,#2126,.T.);
#3069=ORIENTED_EDGE('',*,*,#2055,.T.);
#3070=ORIENTED_EDGE('',*,*,#2273,.F.);
#3071=ORIENTED_EDGE('',*,*,#2008,.T.);
#3072=ORIENTED_EDGE('',*,*,#2009,.T.);
#3073=ORIENTED_EDGE('',*,*,#1997,.T.);
#3074=ORIENTED_EDGE('',*,*,#1998,.T.);
#3075=ORIENTED_EDGE('',*,*,#2274,.F.);
#3076=ORIENTED_EDGE('',*,*,#2275,.T.);
#3077=ORIENTED_EDGE('',*,*,#2063,.T.);
#3078=ORIENTED_EDGE('',*,*,#2202,.T.);
#3079=ORIENTED_EDGE('',*,*,#2253,.F.);
#3080=ORIENTED_EDGE('',*,*,#2122,.T.);
#3081=ORIENTED_EDGE('',*,*,#2058,.T.);
#3082=ORIENTED_EDGE('',*,*,#2209,.T.);
#3083=ORIENTED_EDGE('',*,*,#2254,.F.);
#3084=ORIENTED_EDGE('',*,*,#2113,.T.);
#3085=ORIENTED_EDGE('',*,*,#2250,.T.);
#3086=ORIENTED_EDGE('',*,*,#2186,.T.);
#3087=ORIENTED_EDGE('',*,*,#2256,.F.);
#3088=ORIENTED_EDGE('',*,*,#2104,.T.);
#3089=ORIENTED_EDGE('',*,*,#2070,.T.);
#3090=ORIENTED_EDGE('',*,*,#2193,.T.);
#3091=ORIENTED_EDGE('',*,*,#2259,.F.);
#3092=ORIENTED_EDGE('',*,*,#2108,.T.);
#3093=ORIENTED_EDGE('',*,*,#2064,.T.);
#3094=ORIENTED_EDGE('',*,*,#2275,.F.);
#3095=ORIENTED_EDGE('',*,*,#2028,.T.);
#3096=ORIENTED_EDGE('',*,*,#2029,.T.);
#3097=ORIENTED_EDGE('',*,*,#2017,.T.);
#3098=ORIENTED_EDGE('',*,*,#2018,.T.);
#3099=ORIENTED_EDGE('',*,*,#2272,.T.);
#3100=ORIENTED_EDGE('',*,*,#2276,.T.);
#3101=ORIENTED_EDGE('',*,*,#2277,.T.);
#3102=ORIENTED_EDGE('',*,*,#2278,.T.);
#3103=ORIENTED_EDGE('',*,*,#2279,.T.);
#3104=ORIENTED_EDGE('',*,*,#2274,.T.);
#3105=ORIENTED_EDGE('',*,*,#2280,.T.);
#3106=ORIENTED_EDGE('',*,*,#2281,.T.);
#3107=ORIENTED_EDGE('',*,*,#2282,.T.);
#3108=ORIENTED_EDGE('',*,*,#2283,.T.);
#3109=ORIENTED_EDGE('',*,*,#2284,.F.);
#3110=ORIENTED_EDGE('',*,*,#2285,.T.);
#3111=ORIENTED_EDGE('',*,*,#2283,.F.);
#3112=ORIENTED_EDGE('',*,*,#2285,.F.);
#3113=ORIENTED_EDGE('',*,*,#2286,.F.);
#3114=ORIENTED_EDGE('',*,*,#2287,.T.);
#3115=ORIENTED_EDGE('',*,*,#2277,.F.);
#3116=ORIENTED_EDGE('',*,*,#2287,.F.);
#3117=ORIENTED_EDGE('',*,*,#2288,.F.);
#3118=ORIENTED_EDGE('',*,*,#2289,.T.);
#3119=ORIENTED_EDGE('',*,*,#2024,.T.);
#3120=ORIENTED_EDGE('',*,*,#2290,.T.);
#3121=ORIENTED_EDGE('',*,*,#2282,.F.);
#3122=ORIENTED_EDGE('',*,*,#2290,.F.);
#3123=ORIENTED_EDGE('',*,*,#2023,.T.);
#3124=ORIENTED_EDGE('',*,*,#2022,.T.);
#3125=ORIENTED_EDGE('',*,*,#2289,.F.);
#3126=ORIENTED_EDGE('',*,*,#2291,.F.);
#3127=ORIENTED_EDGE('',*,*,#2292,.T.);
#3128=ORIENTED_EDGE('',*,*,#2281,.F.);
#3129=ORIENTED_EDGE('',*,*,#2292,.F.);
#3130=ORIENTED_EDGE('',*,*,#2025,.T.);
#3131=ORIENTED_EDGE('',*,*,#2026,.T.);
#3132=ORIENTED_EDGE('',*,*,#2020,.T.);
#3133=ORIENTED_EDGE('',*,*,#2021,.T.);
#3134=ORIENTED_EDGE('',*,*,#2293,.F.);
#3135=ORIENTED_EDGE('',*,*,#2294,.T.);
#3136=ORIENTED_EDGE('',*,*,#2004,.T.);
#3137=ORIENTED_EDGE('',*,*,#2295,.T.);
#3138=ORIENTED_EDGE('',*,*,#2276,.F.);
#3139=ORIENTED_EDGE('',*,*,#2295,.F.);
#3140=ORIENTED_EDGE('',*,*,#2003,.T.);
#3141=ORIENTED_EDGE('',*,*,#2002,.T.);
#3142=ORIENTED_EDGE('',*,*,#2294,.F.);
#3143=ORIENTED_EDGE('',*,*,#2296,.F.);
#3144=ORIENTED_EDGE('',*,*,#2297,.T.);
#3145=ORIENTED_EDGE('',*,*,#2280,.F.);
#3146=ORIENTED_EDGE('',*,*,#2297,.F.);
#3147=ORIENTED_EDGE('',*,*,#2298,.F.);
#3148=ORIENTED_EDGE('',*,*,#2299,.T.);
#3149=ORIENTED_EDGE('',*,*,#2278,.F.);
#3150=ORIENTED_EDGE('',*,*,#2299,.F.);
#3151=ORIENTED_EDGE('',*,*,#2005,.T.);
#3152=ORIENTED_EDGE('',*,*,#2006,.T.);
#3153=ORIENTED_EDGE('',*,*,#2000,.T.);
#3154=ORIENTED_EDGE('',*,*,#2001,.T.);
#3155=ORIENTED_EDGE('',*,*,#2300,.F.);
#3156=ORIENTED_EDGE('',*,*,#2301,.T.);
#3157=ORIENTED_EDGE('',*,*,#2279,.F.);
#3158=ORIENTED_EDGE('',*,*,#2301,.F.);
#3159=ORIENTED_EDGE('',*,*,#2269,.F.);
#3160=ORIENTED_EDGE('',*,*,#2302,.T.);
#3161=ORIENTED_EDGE('',*,*,#2303,.F.);
#3162=ORIENTED_EDGE('',*,*,#2304,.F.);
#3163=ORIENTED_EDGE('',*,*,#2270,.F.);
#3164=ORIENTED_EDGE('',*,*,#2304,.T.);
#3165=ORIENTED_EDGE('',*,*,#2305,.F.);
#3166=ORIENTED_EDGE('',*,*,#2306,.F.);
#3167=ORIENTED_EDGE('',*,*,#2271,.F.);
#3168=ORIENTED_EDGE('',*,*,#2306,.T.);
#3169=ORIENTED_EDGE('',*,*,#2307,.F.);
#3170=ORIENTED_EDGE('',*,*,#2308,.F.);
#3171=ORIENTED_EDGE('',*,*,#2268,.F.);
#3172=ORIENTED_EDGE('',*,*,#2308,.T.);
#3173=ORIENTED_EDGE('',*,*,#2309,.F.);
#3174=ORIENTED_EDGE('',*,*,#2302,.F.);
#3175=ORIENTED_EDGE('',*,*,#2309,.T.);
#3176=ORIENTED_EDGE('',*,*,#2307,.T.);
#3177=ORIENTED_EDGE('',*,*,#2305,.T.);
#3178=ORIENTED_EDGE('',*,*,#2303,.T.);
#3179=ORIENTED_EDGE('',*,*,#2300,.T.);
#3180=ORIENTED_EDGE('',*,*,#2298,.T.);
#3181=ORIENTED_EDGE('',*,*,#2296,.T.);
#3182=ORIENTED_EDGE('',*,*,#2293,.T.);
#3183=ORIENTED_EDGE('',*,*,#2291,.T.);
#3184=ORIENTED_EDGE('',*,*,#2288,.T.);
#3185=ORIENTED_EDGE('',*,*,#2286,.T.);
#3186=ORIENTED_EDGE('',*,*,#2284,.T.);
#3187=ORIENTED_EDGE('',*,*,#2310,.F.);
#3188=ORIENTED_EDGE('',*,*,#2311,.F.);
#3189=ORIENTED_EDGE('',*,*,#2312,.T.);
#3190=ORIENTED_EDGE('',*,*,#2313,.F.);
#3191=ORIENTED_EDGE('',*,*,#2312,.F.);
#3192=ORIENTED_EDGE('',*,*,#2314,.F.);
#3193=ORIENTED_EDGE('',*,*,#2315,.F.);
#3194=ORIENTED_EDGE('',*,*,#2316,.T.);
#3195=ORIENTED_EDGE('',*,*,#2317,.F.);
#3196=ORIENTED_EDGE('',*,*,#2316,.F.);
#3197=ORIENTED_EDGE('',*,*,#2318,.F.);
#3198=ORIENTED_EDGE('',*,*,#2319,.F.);
#3199=ORIENTED_EDGE('',*,*,#2320,.T.);
#3200=ORIENTED_EDGE('',*,*,#2321,.F.);
#3201=ORIENTED_EDGE('',*,*,#2320,.F.);
#3202=ORIENTED_EDGE('',*,*,#2322,.F.);
#3203=ORIENTED_EDGE('',*,*,#2323,.T.);
#3204=ORIENTED_EDGE('',*,*,#2324,.F.);
#3205=ORIENTED_EDGE('',*,*,#2323,.F.);
#3206=ORIENTED_EDGE('',*,*,#2325,.F.);
#3207=ORIENTED_EDGE('',*,*,#2326,.T.);
#3208=ORIENTED_EDGE('',*,*,#2327,.F.);
#3209=ORIENTED_EDGE('',*,*,#2328,.F.);
#3210=ORIENTED_EDGE('',*,*,#2329,.F.);
#3211=ORIENTED_EDGE('',*,*,#2330,.F.);
#3212=ORIENTED_EDGE('',*,*,#2331,.F.);
#3213=ORIENTED_EDGE('',*,*,#2310,.T.);
#3214=ORIENTED_EDGE('',*,*,#2311,.T.);
#3215=ORIENTED_EDGE('',*,*,#2332,.F.);
#3216=ORIENTED_EDGE('',*,*,#2333,.F.);
#3217=ORIENTED_EDGE('',*,*,#2334,.F.);
#3218=ORIENTED_EDGE('',*,*,#2322,.T.);
#3219=ORIENTED_EDGE('',*,*,#2335,.F.);
#3220=ORIENTED_EDGE('',*,*,#2336,.F.);
#3221=ORIENTED_EDGE('',*,*,#2337,.F.);
#3222=ORIENTED_EDGE('',*,*,#2314,.T.);
#3223=ORIENTED_EDGE('',*,*,#2315,.T.);
#3224=ORIENTED_EDGE('',*,*,#2338,.F.);
#3225=ORIENTED_EDGE('',*,*,#2339,.F.);
#3226=ORIENTED_EDGE('',*,*,#2340,.F.);
#3227=ORIENTED_EDGE('',*,*,#2318,.T.);
#3228=ORIENTED_EDGE('',*,*,#2319,.T.);
#3229=ORIENTED_EDGE('',*,*,#2341,.F.);
#3230=ORIENTED_EDGE('',*,*,#2342,.F.);
#3231=ORIENTED_EDGE('',*,*,#2343,.F.);
#3232=ORIENTED_EDGE('',*,*,#2344,.F.);
#3233=ORIENTED_EDGE('',*,*,#2345,.F.);
#3234=ORIENTED_EDGE('',*,*,#2346,.F.);
#3235=ORIENTED_EDGE('',*,*,#2347,.T.);
#3236=ORIENTED_EDGE('',*,*,#2348,.T.);
#3237=ORIENTED_EDGE('',*,*,#2347,.F.);
#3238=ORIENTED_EDGE('',*,*,#2349,.F.);
#3239=ORIENTED_EDGE('',*,*,#2350,.T.);
#3240=ORIENTED_EDGE('',*,*,#2351,.F.);
#3241=ORIENTED_EDGE('',*,*,#2352,.F.);
#3242=ORIENTED_EDGE('',*,*,#2348,.F.);
#3243=ORIENTED_EDGE('',*,*,#2346,.T.);
#3244=ORIENTED_EDGE('',*,*,#2353,.T.);
#3245=ORIENTED_EDGE('',*,*,#2354,.F.);
#3246=ORIENTED_EDGE('',*,*,#2355,.T.);
#3247=ORIENTED_EDGE('',*,*,#2353,.F.);
#3248=ORIENTED_EDGE('',*,*,#2355,.F.);
#3249=ORIENTED_EDGE('',*,*,#2356,.T.);
#3250=ORIENTED_EDGE('',*,*,#2357,.F.);
#3251=ORIENTED_EDGE('',*,*,#2358,.T.);
#3252=ORIENTED_EDGE('',*,*,#2329,.T.);
#3253=ORIENTED_EDGE('',*,*,#2340,.T.);
#3254=ORIENTED_EDGE('',*,*,#2358,.F.);
#3255=ORIENTED_EDGE('',*,*,#2359,.F.);
#3256=ORIENTED_EDGE('',*,*,#2360,.T.);
#3257=ORIENTED_EDGE('',*,*,#2330,.T.);
#3258=ORIENTED_EDGE('',*,*,#2360,.F.);
#3259=ORIENTED_EDGE('',*,*,#2361,.F.);
#3260=ORIENTED_EDGE('',*,*,#2362,.T.);
#3261=ORIENTED_EDGE('',*,*,#2332,.T.);
#3262=ORIENTED_EDGE('',*,*,#2331,.T.);
#3263=ORIENTED_EDGE('',*,*,#2362,.F.);
#3264=ORIENTED_EDGE('',*,*,#2363,.F.);
#3265=ORIENTED_EDGE('',*,*,#2364,.T.);
#3266=ORIENTED_EDGE('',*,*,#2333,.T.);
#3267=ORIENTED_EDGE('',*,*,#2364,.F.);
#3268=ORIENTED_EDGE('',*,*,#2365,.F.);
#3269=ORIENTED_EDGE('',*,*,#2366,.T.);
#3270=ORIENTED_EDGE('',*,*,#2335,.T.);
#3271=ORIENTED_EDGE('',*,*,#2334,.T.);
#3272=ORIENTED_EDGE('',*,*,#2366,.F.);
#3273=ORIENTED_EDGE('',*,*,#2367,.F.);
#3274=ORIENTED_EDGE('',*,*,#2368,.T.);
#3275=ORIENTED_EDGE('',*,*,#2336,.T.);
#3276=ORIENTED_EDGE('',*,*,#2368,.F.);
#3277=ORIENTED_EDGE('',*,*,#2369,.F.);
#3278=ORIENTED_EDGE('',*,*,#2370,.T.);
#3279=ORIENTED_EDGE('',*,*,#2338,.T.);
#3280=ORIENTED_EDGE('',*,*,#2337,.T.);
#3281=ORIENTED_EDGE('',*,*,#2370,.F.);
#3282=ORIENTED_EDGE('',*,*,#2371,.F.);
#3283=ORIENTED_EDGE('',*,*,#2356,.F.);
#3284=ORIENTED_EDGE('',*,*,#2339,.T.);
#3285=ORIENTED_EDGE('',*,*,#2371,.T.);
#3286=ORIENTED_EDGE('',*,*,#2369,.T.);
#3287=ORIENTED_EDGE('',*,*,#2367,.T.);
#3288=ORIENTED_EDGE('',*,*,#2365,.T.);
#3289=ORIENTED_EDGE('',*,*,#2363,.T.);
#3290=ORIENTED_EDGE('',*,*,#2361,.T.);
#3291=ORIENTED_EDGE('',*,*,#2359,.T.);
#3292=ORIENTED_EDGE('',*,*,#2357,.T.);
#3293=ORIENTED_EDGE('',*,*,#2372,.T.);
#3294=ORIENTED_EDGE('',*,*,#2373,.T.);
#3295=ORIENTED_EDGE('',*,*,#2374,.T.);
#3296=ORIENTED_EDGE('',*,*,#2375,.T.);
#3297=ORIENTED_EDGE('',*,*,#2376,.T.);
#3298=ORIENTED_EDGE('',*,*,#2377,.T.);
#3299=ORIENTED_EDGE('',*,*,#2378,.T.);
#3300=ORIENTED_EDGE('',*,*,#2379,.T.);
#3301=ORIENTED_EDGE('',*,*,#2342,.T.);
#3302=ORIENTED_EDGE('',*,*,#2380,.T.);
#3303=ORIENTED_EDGE('',*,*,#2381,.F.);
#3304=ORIENTED_EDGE('',*,*,#2382,.T.);
#3305=ORIENTED_EDGE('',*,*,#2383,.F.);
#3306=ORIENTED_EDGE('',*,*,#2380,.F.);
#3307=ORIENTED_EDGE('',*,*,#2345,.T.);
#3308=ORIENTED_EDGE('',*,*,#2384,.F.);
#3309=ORIENTED_EDGE('',*,*,#2343,.T.);
#3310=ORIENTED_EDGE('',*,*,#2382,.F.);
#3311=ORIENTED_EDGE('',*,*,#2385,.F.);
#3312=ORIENTED_EDGE('',*,*,#2386,.T.);
#3313=ORIENTED_EDGE('',*,*,#2344,.T.);
#3314=ORIENTED_EDGE('',*,*,#2386,.F.);
#3315=ORIENTED_EDGE('',*,*,#2387,.F.);
#3316=ORIENTED_EDGE('',*,*,#2384,.T.);
#3317=ORIENTED_EDGE('',*,*,#2383,.T.);
#3318=ORIENTED_EDGE('',*,*,#2387,.T.);
#3319=ORIENTED_EDGE('',*,*,#2385,.T.);
#3320=ORIENTED_EDGE('',*,*,#2381,.T.);
#3321=ORIENTED_EDGE('',*,*,#2388,.T.);
#3322=ORIENTED_EDGE('',*,*,#2389,.T.);
#3323=ORIENTED_EDGE('',*,*,#2390,.T.);
#3324=ORIENTED_EDGE('',*,*,#2391,.T.);
#3325=ORIENTED_EDGE('',*,*,#2392,.F.);
#3326=ORIENTED_EDGE('',*,*,#2393,.T.);
#3327=ORIENTED_EDGE('',*,*,#2341,.T.);
#3328=ORIENTED_EDGE('',*,*,#2393,.F.);
#3329=ORIENTED_EDGE('',*,*,#2392,.T.);
#3330=ORIENTED_EDGE('',*,*,#2394,.T.);
#3331=ORIENTED_EDGE('',*,*,#2395,.F.);
#3332=ORIENTED_EDGE('',*,*,#2396,.F.);
#3333=ORIENTED_EDGE('',*,*,#2397,.T.);
#3334=ORIENTED_EDGE('',*,*,#2377,.F.);
#3335=ORIENTED_EDGE('',*,*,#2397,.F.);
#3336=ORIENTED_EDGE('',*,*,#2398,.F.);
#3337=ORIENTED_EDGE('',*,*,#2399,.T.);
#3338=ORIENTED_EDGE('',*,*,#2378,.F.);
#3339=ORIENTED_EDGE('',*,*,#2399,.F.);
#3340=ORIENTED_EDGE('',*,*,#2400,.F.);
#3341=ORIENTED_EDGE('',*,*,#2401,.T.);
#3342=ORIENTED_EDGE('',*,*,#2379,.F.);
#3343=ORIENTED_EDGE('',*,*,#2401,.F.);
#3344=ORIENTED_EDGE('',*,*,#2402,.F.);
#3345=ORIENTED_EDGE('',*,*,#2403,.T.);
#3346=ORIENTED_EDGE('',*,*,#2372,.F.);
#3347=ORIENTED_EDGE('',*,*,#2403,.F.);
#3348=ORIENTED_EDGE('',*,*,#2404,.F.);
#3349=ORIENTED_EDGE('',*,*,#2405,.T.);
#3350=ORIENTED_EDGE('',*,*,#2373,.F.);
#3351=ORIENTED_EDGE('',*,*,#2405,.F.);
#3352=ORIENTED_EDGE('',*,*,#2406,.F.);
#3353=ORIENTED_EDGE('',*,*,#2407,.T.);
#3354=ORIENTED_EDGE('',*,*,#2374,.F.);
#3355=ORIENTED_EDGE('',*,*,#2407,.F.);
#3356=ORIENTED_EDGE('',*,*,#2408,.F.);
#3357=ORIENTED_EDGE('',*,*,#2409,.T.);
#3358=ORIENTED_EDGE('',*,*,#2375,.F.);
#3359=ORIENTED_EDGE('',*,*,#2409,.F.);
#3360=ORIENTED_EDGE('',*,*,#2410,.F.);
#3361=ORIENTED_EDGE('',*,*,#2395,.T.);
#3362=ORIENTED_EDGE('',*,*,#2376,.F.);
#3363=ORIENTED_EDGE('',*,*,#2411,.F.);
#3364=ORIENTED_EDGE('',*,*,#2412,.T.);
#3365=ORIENTED_EDGE('',*,*,#2394,.F.);
#3366=ORIENTED_EDGE('',*,*,#2412,.F.);
#3367=ORIENTED_EDGE('',*,*,#2413,.F.);
#3368=ORIENTED_EDGE('',*,*,#2414,.F.);
#3369=ORIENTED_EDGE('',*,*,#2415,.T.);
#3370=ORIENTED_EDGE('',*,*,#2391,.F.);
#3371=ORIENTED_EDGE('',*,*,#2415,.F.);
#3372=ORIENTED_EDGE('',*,*,#2416,.F.);
#3373=ORIENTED_EDGE('',*,*,#2417,.T.);
#3374=ORIENTED_EDGE('',*,*,#2388,.F.);
#3375=ORIENTED_EDGE('',*,*,#2417,.F.);
#3376=ORIENTED_EDGE('',*,*,#2418,.F.);
#3377=ORIENTED_EDGE('',*,*,#2419,.T.);
#3378=ORIENTED_EDGE('',*,*,#2389,.F.);
#3379=ORIENTED_EDGE('',*,*,#2419,.F.);
#3380=ORIENTED_EDGE('',*,*,#2420,.F.);
#3381=ORIENTED_EDGE('',*,*,#2413,.T.);
#3382=ORIENTED_EDGE('',*,*,#2390,.F.);
#3383=ORIENTED_EDGE('',*,*,#2421,.F.);
#3384=ORIENTED_EDGE('',*,*,#2352,.T.);
#3385=ORIENTED_EDGE('',*,*,#2422,.F.);
#3386=ORIENTED_EDGE('',*,*,#2326,.F.);
#3387=ORIENTED_EDGE('',*,*,#2423,.F.);
#3388=ORIENTED_EDGE('',*,*,#2328,.T.);
#3389=ORIENTED_EDGE('',*,*,#2424,.F.);
#3390=ORIENTED_EDGE('',*,*,#2350,.F.);
#3391=ORIENTED_EDGE('',*,*,#2425,.T.);
#3392=ORIENTED_EDGE('',*,*,#2426,.T.);
#3393=ORIENTED_EDGE('',*,*,#2427,.T.);
#3394=ORIENTED_EDGE('',*,*,#2428,.T.);
#3395=ORIENTED_EDGE('',*,*,#2351,.T.);
#3396=ORIENTED_EDGE('',*,*,#2424,.T.);
#3397=ORIENTED_EDGE('',*,*,#2327,.T.);
#3398=ORIENTED_EDGE('',*,*,#2422,.T.);
#3399=ORIENTED_EDGE('',*,*,#2429,.F.);
#3400=ORIENTED_EDGE('',*,*,#2430,.F.);
#3401=ORIENTED_EDGE('',*,*,#2431,.F.);
#3402=ORIENTED_EDGE('',*,*,#2426,.F.);
#3403=ORIENTED_EDGE('',*,*,#2313,.T.);
#3404=ORIENTED_EDGE('',*,*,#2317,.T.);
#3405=ORIENTED_EDGE('',*,*,#2321,.T.);
#3406=ORIENTED_EDGE('',*,*,#2324,.T.);
#3407=ORIENTED_EDGE('',*,*,#2404,.T.);
#3408=ORIENTED_EDGE('',*,*,#2402,.T.);
#3409=ORIENTED_EDGE('',*,*,#2400,.T.);
#3410=ORIENTED_EDGE('',*,*,#2398,.T.);
#3411=ORIENTED_EDGE('',*,*,#2396,.T.);
#3412=ORIENTED_EDGE('',*,*,#2410,.T.);
#3413=ORIENTED_EDGE('',*,*,#2408,.T.);
#3414=ORIENTED_EDGE('',*,*,#2406,.T.);
#3415=ORIENTED_EDGE('',*,*,#2418,.T.);
#3416=ORIENTED_EDGE('',*,*,#2416,.T.);
#3417=ORIENTED_EDGE('',*,*,#2414,.T.);
#3418=ORIENTED_EDGE('',*,*,#2420,.T.);
#3419=ORIENTED_EDGE('',*,*,#2411,.T.);
#3420=ORIENTED_EDGE('',*,*,#2431,.T.);
#3421=ORIENTED_EDGE('',*,*,#2432,.F.);
#3422=ORIENTED_EDGE('',*,*,#2433,.F.);
#3423=ORIENTED_EDGE('',*,*,#2427,.F.);
#3424=ORIENTED_EDGE('',*,*,#2433,.T.);
#3425=ORIENTED_EDGE('',*,*,#2434,.F.);
#3426=ORIENTED_EDGE('',*,*,#2435,.F.);
#3427=ORIENTED_EDGE('',*,*,#2428,.F.);
#3428=ORIENTED_EDGE('',*,*,#2354,.T.);
#3429=ORIENTED_EDGE('',*,*,#2435,.T.);
#3430=ORIENTED_EDGE('',*,*,#2436,.F.);
#3431=ORIENTED_EDGE('',*,*,#2429,.T.);
#3432=ORIENTED_EDGE('',*,*,#2425,.F.);
#3433=ORIENTED_EDGE('',*,*,#2436,.T.);
#3434=ORIENTED_EDGE('',*,*,#2434,.T.);
#3435=ORIENTED_EDGE('',*,*,#2432,.T.);
#3436=ORIENTED_EDGE('',*,*,#2430,.T.);
#3437=ORIENTED_EDGE('',*,*,#2421,.T.);
#3438=ORIENTED_EDGE('',*,*,#2325,.T.);
#3439=ORIENTED_EDGE('',*,*,#2423,.T.);
#3440=ORIENTED_EDGE('',*,*,#2349,.T.);
#3441=ORIENTED_EDGE('',*,*,#2437,.F.);
#3442=ORIENTED_EDGE('',*,*,#2438,.T.);
#3443=ORIENTED_EDGE('',*,*,#2439,.F.);
#3444=ORIENTED_EDGE('',*,*,#2440,.F.);
#3445=ORIENTED_EDGE('',*,*,#2441,.F.);
#3446=ORIENTED_EDGE('',*,*,#2440,.T.);
#3447=ORIENTED_EDGE('',*,*,#2442,.F.);
#3448=ORIENTED_EDGE('',*,*,#2443,.F.);
#3449=ORIENTED_EDGE('',*,*,#2444,.F.);
#3450=ORIENTED_EDGE('',*,*,#2443,.T.);
#3451=ORIENTED_EDGE('',*,*,#2445,.F.);
#3452=ORIENTED_EDGE('',*,*,#2446,.F.);
#3453=ORIENTED_EDGE('',*,*,#2447,.T.);
#3454=ORIENTED_EDGE('',*,*,#2446,.T.);
#3455=ORIENTED_EDGE('',*,*,#2448,.F.);
#3456=ORIENTED_EDGE('',*,*,#2438,.F.);
#3457=ORIENTED_EDGE('',*,*,#2448,.T.);
#3458=ORIENTED_EDGE('',*,*,#2445,.T.);
#3459=ORIENTED_EDGE('',*,*,#2442,.T.);
#3460=ORIENTED_EDGE('',*,*,#2439,.T.);
#3461=ORIENTED_EDGE('',*,*,#2447,.F.);
#3462=ORIENTED_EDGE('',*,*,#2437,.T.);
#3463=ORIENTED_EDGE('',*,*,#2441,.T.);
#3464=ORIENTED_EDGE('',*,*,#2444,.T.);
#3465=ORIENTED_EDGE('',*,*,#2449,.F.);
#3466=ORIENTED_EDGE('',*,*,#2450,.T.);
#3467=ORIENTED_EDGE('',*,*,#2451,.F.);
#3468=ORIENTED_EDGE('',*,*,#2450,.F.);
#3469=ORIENTED_EDGE('',*,*,#2452,.F.);
#3470=ORIENTED_EDGE('',*,*,#2453,.T.);
#3471=ORIENTED_EDGE('',*,*,#2454,.F.);
#3472=ORIENTED_EDGE('',*,*,#2453,.F.);
#3473=ORIENTED_EDGE('',*,*,#2455,.F.);
#3474=ORIENTED_EDGE('',*,*,#2456,.T.);
#3475=ORIENTED_EDGE('',*,*,#2457,.F.);
#3476=ORIENTED_EDGE('',*,*,#2456,.F.);
#3477=ORIENTED_EDGE('',*,*,#2458,.F.);
#3478=ORIENTED_EDGE('',*,*,#2459,.T.);
#3479=ORIENTED_EDGE('',*,*,#2460,.F.);
#3480=ORIENTED_EDGE('',*,*,#2459,.F.);
#3481=ORIENTED_EDGE('',*,*,#2461,.T.);
#3482=ORIENTED_EDGE('',*,*,#2462,.T.);
#3483=ORIENTED_EDGE('',*,*,#2463,.T.);
#3484=ORIENTED_EDGE('',*,*,#2464,.T.);
#3485=ORIENTED_EDGE('',*,*,#2465,.T.);
#3486=ORIENTED_EDGE('',*,*,#2466,.T.);
#3487=ORIENTED_EDGE('',*,*,#2463,.F.);
#3488=ORIENTED_EDGE('',*,*,#2467,.T.);
#3489=ORIENTED_EDGE('',*,*,#2468,.T.);
#3490=ORIENTED_EDGE('',*,*,#2469,.T.);
#3491=ORIENTED_EDGE('',*,*,#2465,.F.);
#3492=ORIENTED_EDGE('',*,*,#2470,.T.);
#3493=ORIENTED_EDGE('',*,*,#2471,.T.);
#3494=ORIENTED_EDGE('',*,*,#2472,.T.);
#3495=ORIENTED_EDGE('',*,*,#2468,.F.);
#3496=ORIENTED_EDGE('',*,*,#2473,.T.);
#3497=ORIENTED_EDGE('',*,*,#2474,.T.);
#3498=ORIENTED_EDGE('',*,*,#2475,.T.);
#3499=ORIENTED_EDGE('',*,*,#2471,.F.);
#3500=ORIENTED_EDGE('',*,*,#2476,.T.);
#3501=ORIENTED_EDGE('',*,*,#2477,.T.);
#3502=ORIENTED_EDGE('',*,*,#2478,.T.);
#3503=ORIENTED_EDGE('',*,*,#2474,.F.);
#3504=ORIENTED_EDGE('',*,*,#2479,.T.);
#3505=ORIENTED_EDGE('',*,*,#2480,.T.);
#3506=ORIENTED_EDGE('',*,*,#2481,.T.);
#3507=ORIENTED_EDGE('',*,*,#2477,.F.);
#3508=ORIENTED_EDGE('',*,*,#2482,.T.);
#3509=ORIENTED_EDGE('',*,*,#2461,.F.);
#3510=ORIENTED_EDGE('',*,*,#2483,.T.);
#3511=ORIENTED_EDGE('',*,*,#2480,.F.);
#3512=ORIENTED_EDGE('',*,*,#2484,.T.);
#3513=ORIENTED_EDGE('',*,*,#2473,.F.);
#3514=ORIENTED_EDGE('',*,*,#2485,.T.);
#3515=ORIENTED_EDGE('',*,*,#2486,.F.);
#3516=ORIENTED_EDGE('',*,*,#2487,.F.);
#3517=ORIENTED_EDGE('',*,*,#2470,.F.);
#3518=ORIENTED_EDGE('',*,*,#2488,.T.);
#3519=ORIENTED_EDGE('',*,*,#2489,.F.);
#3520=ORIENTED_EDGE('',*,*,#2485,.F.);
#3521=ORIENTED_EDGE('',*,*,#2467,.F.);
#3522=ORIENTED_EDGE('',*,*,#2490,.T.);
#3523=ORIENTED_EDGE('',*,*,#2491,.F.);
#3524=ORIENTED_EDGE('',*,*,#2488,.F.);
#3525=ORIENTED_EDGE('',*,*,#2462,.F.);
#3526=ORIENTED_EDGE('',*,*,#2492,.T.);
#3527=ORIENTED_EDGE('',*,*,#2493,.F.);
#3528=ORIENTED_EDGE('',*,*,#2490,.F.);
#3529=ORIENTED_EDGE('',*,*,#2464,.F.);
#3530=ORIENTED_EDGE('',*,*,#2466,.F.);
#3531=ORIENTED_EDGE('',*,*,#2469,.F.);
#3532=ORIENTED_EDGE('',*,*,#2472,.F.);
#3533=ORIENTED_EDGE('',*,*,#2475,.F.);
#3534=ORIENTED_EDGE('',*,*,#2478,.F.);
#3535=ORIENTED_EDGE('',*,*,#2481,.F.);
#3536=ORIENTED_EDGE('',*,*,#2483,.F.);
#3537=ORIENTED_EDGE('',*,*,#2476,.F.);
#3538=ORIENTED_EDGE('',*,*,#2487,.T.);
#3539=ORIENTED_EDGE('',*,*,#2494,.F.);
#3540=ORIENTED_EDGE('',*,*,#2495,.F.);
#3541=ORIENTED_EDGE('',*,*,#2479,.F.);
#3542=ORIENTED_EDGE('',*,*,#2495,.T.);
#3543=ORIENTED_EDGE('',*,*,#2496,.F.);
#3544=ORIENTED_EDGE('',*,*,#2497,.F.);
#3545=ORIENTED_EDGE('',*,*,#2482,.F.);
#3546=ORIENTED_EDGE('',*,*,#2497,.T.);
#3547=ORIENTED_EDGE('',*,*,#2498,.F.);
#3548=ORIENTED_EDGE('',*,*,#2499,.F.);
#3549=ORIENTED_EDGE('',*,*,#2484,.F.);
#3550=ORIENTED_EDGE('',*,*,#2499,.T.);
#3551=ORIENTED_EDGE('',*,*,#2500,.F.);
#3552=ORIENTED_EDGE('',*,*,#2492,.F.);
#3553=ORIENTED_EDGE('',*,*,#2501,.F.);
#3554=ORIENTED_EDGE('',*,*,#2502,.T.);
#3555=ORIENTED_EDGE('',*,*,#2503,.F.);
#3556=ORIENTED_EDGE('',*,*,#2504,.F.);
#3557=ORIENTED_EDGE('',*,*,#2505,.F.);
#3558=ORIENTED_EDGE('',*,*,#2504,.T.);
#3559=ORIENTED_EDGE('',*,*,#2506,.F.);
#3560=ORIENTED_EDGE('',*,*,#2507,.F.);
#3561=ORIENTED_EDGE('',*,*,#2508,.F.);
#3562=ORIENTED_EDGE('',*,*,#2507,.T.);
#3563=ORIENTED_EDGE('',*,*,#2509,.F.);
#3564=ORIENTED_EDGE('',*,*,#2510,.F.);
#3565=ORIENTED_EDGE('',*,*,#2511,.F.);
#3566=ORIENTED_EDGE('',*,*,#2510,.T.);
#3567=ORIENTED_EDGE('',*,*,#2512,.F.);
#3568=ORIENTED_EDGE('',*,*,#2513,.F.);
#3569=ORIENTED_EDGE('',*,*,#2514,.F.);
#3570=ORIENTED_EDGE('',*,*,#2513,.T.);
#3571=ORIENTED_EDGE('',*,*,#2515,.F.);
#3572=ORIENTED_EDGE('',*,*,#2516,.F.);
#3573=ORIENTED_EDGE('',*,*,#2517,.F.);
#3574=ORIENTED_EDGE('',*,*,#2516,.T.);
#3575=ORIENTED_EDGE('',*,*,#2518,.F.);
#3576=ORIENTED_EDGE('',*,*,#2519,.F.);
#3577=ORIENTED_EDGE('',*,*,#2520,.F.);
#3578=ORIENTED_EDGE('',*,*,#2519,.T.);
#3579=ORIENTED_EDGE('',*,*,#2521,.F.);
#3580=ORIENTED_EDGE('',*,*,#2522,.F.);
#3581=ORIENTED_EDGE('',*,*,#2523,.F.);
#3582=ORIENTED_EDGE('',*,*,#2522,.T.);
#3583=ORIENTED_EDGE('',*,*,#2524,.F.);
#3584=ORIENTED_EDGE('',*,*,#2502,.F.);
#3585=ORIENTED_EDGE('',*,*,#2524,.T.);
#3586=ORIENTED_EDGE('',*,*,#2521,.T.);
#3587=ORIENTED_EDGE('',*,*,#2518,.T.);
#3588=ORIENTED_EDGE('',*,*,#2515,.T.);
#3589=ORIENTED_EDGE('',*,*,#2512,.T.);
#3590=ORIENTED_EDGE('',*,*,#2509,.T.);
#3591=ORIENTED_EDGE('',*,*,#2506,.T.);
#3592=ORIENTED_EDGE('',*,*,#2503,.T.);
#3593=ORIENTED_EDGE('',*,*,#2486,.T.);
#3594=ORIENTED_EDGE('',*,*,#2489,.T.);
#3595=ORIENTED_EDGE('',*,*,#2491,.T.);
#3596=ORIENTED_EDGE('',*,*,#2493,.T.);
#3597=ORIENTED_EDGE('',*,*,#2500,.T.);
#3598=ORIENTED_EDGE('',*,*,#2498,.T.);
#3599=ORIENTED_EDGE('',*,*,#2496,.T.);
#3600=ORIENTED_EDGE('',*,*,#2494,.T.);
#3601=ORIENTED_EDGE('',*,*,#2525,.F.);
#3602=ORIENTED_EDGE('',*,*,#2526,.T.);
#3603=ORIENTED_EDGE('',*,*,#2527,.F.);
#3604=ORIENTED_EDGE('',*,*,#2528,.T.);
#3605=ORIENTED_EDGE('',*,*,#2529,.T.);
#3606=ORIENTED_EDGE('',*,*,#2530,.F.);
#3607=ORIENTED_EDGE('',*,*,#2531,.T.);
#3608=ORIENTED_EDGE('',*,*,#2532,.F.);
#3609=ORIENTED_EDGE('',*,*,#2533,.T.);
#3610=ORIENTED_EDGE('',*,*,#2534,.F.);
#3611=ORIENTED_EDGE('',*,*,#2535,.T.);
#3612=ORIENTED_EDGE('',*,*,#2536,.F.);
#3613=ORIENTED_EDGE('',*,*,#2449,.T.);
#3614=ORIENTED_EDGE('',*,*,#2452,.T.);
#3615=ORIENTED_EDGE('',*,*,#2455,.T.);
#3616=ORIENTED_EDGE('',*,*,#2458,.T.);
#3617=ORIENTED_EDGE('',*,*,#2501,.T.);
#3618=ORIENTED_EDGE('',*,*,#2505,.T.);
#3619=ORIENTED_EDGE('',*,*,#2508,.T.);
#3620=ORIENTED_EDGE('',*,*,#2511,.T.);
#3621=ORIENTED_EDGE('',*,*,#2514,.T.);
#3622=ORIENTED_EDGE('',*,*,#2517,.T.);
#3623=ORIENTED_EDGE('',*,*,#2520,.T.);
#3624=ORIENTED_EDGE('',*,*,#2523,.T.);
#3625=ORIENTED_EDGE('',*,*,#2526,.F.);
#3626=ORIENTED_EDGE('',*,*,#2537,.T.);
#3627=ORIENTED_EDGE('',*,*,#2538,.F.);
#3628=ORIENTED_EDGE('',*,*,#2539,.F.);
#3629=ORIENTED_EDGE('',*,*,#2527,.T.);
#3630=ORIENTED_EDGE('',*,*,#2539,.T.);
#3631=ORIENTED_EDGE('',*,*,#2540,.F.);
#3632=ORIENTED_EDGE('',*,*,#2541,.F.);
#3633=ORIENTED_EDGE('',*,*,#2528,.F.);
#3634=ORIENTED_EDGE('',*,*,#2541,.T.);
#3635=ORIENTED_EDGE('',*,*,#2542,.F.);
#3636=ORIENTED_EDGE('',*,*,#2543,.F.);
#3637=ORIENTED_EDGE('',*,*,#2529,.F.);
#3638=ORIENTED_EDGE('',*,*,#2543,.T.);
#3639=ORIENTED_EDGE('',*,*,#2544,.F.);
#3640=ORIENTED_EDGE('',*,*,#2545,.F.);
#3641=ORIENTED_EDGE('',*,*,#2530,.T.);
#3642=ORIENTED_EDGE('',*,*,#2545,.T.);
#3643=ORIENTED_EDGE('',*,*,#2546,.F.);
#3644=ORIENTED_EDGE('',*,*,#2547,.F.);
#3645=ORIENTED_EDGE('',*,*,#2531,.F.);
#3646=ORIENTED_EDGE('',*,*,#2547,.T.);
#3647=ORIENTED_EDGE('',*,*,#2548,.F.);
#3648=ORIENTED_EDGE('',*,*,#2549,.F.);
#3649=ORIENTED_EDGE('',*,*,#2532,.T.);
#3650=ORIENTED_EDGE('',*,*,#2549,.T.);
#3651=ORIENTED_EDGE('',*,*,#2550,.F.);
#3652=ORIENTED_EDGE('',*,*,#2551,.F.);
#3653=ORIENTED_EDGE('',*,*,#2533,.F.);
#3654=ORIENTED_EDGE('',*,*,#2551,.T.);
#3655=ORIENTED_EDGE('',*,*,#2552,.F.);
#3656=ORIENTED_EDGE('',*,*,#2553,.F.);
#3657=ORIENTED_EDGE('',*,*,#2534,.T.);
#3658=ORIENTED_EDGE('',*,*,#2553,.T.);
#3659=ORIENTED_EDGE('',*,*,#2554,.F.);
#3660=ORIENTED_EDGE('',*,*,#2555,.F.);
#3661=ORIENTED_EDGE('',*,*,#2535,.F.);
#3662=ORIENTED_EDGE('',*,*,#2555,.T.);
#3663=ORIENTED_EDGE('',*,*,#2556,.F.);
#3664=ORIENTED_EDGE('',*,*,#2557,.F.);
#3665=ORIENTED_EDGE('',*,*,#2536,.T.);
#3666=ORIENTED_EDGE('',*,*,#2557,.T.);
#3667=ORIENTED_EDGE('',*,*,#2558,.F.);
#3668=ORIENTED_EDGE('',*,*,#2559,.F.);
#3669=ORIENTED_EDGE('',*,*,#2525,.T.);
#3670=ORIENTED_EDGE('',*,*,#2559,.T.);
#3671=ORIENTED_EDGE('',*,*,#2560,.F.);
#3672=ORIENTED_EDGE('',*,*,#2537,.F.);
#3673=ORIENTED_EDGE('',*,*,#2560,.T.);
#3674=ORIENTED_EDGE('',*,*,#2558,.T.);
#3675=ORIENTED_EDGE('',*,*,#2556,.T.);
#3676=ORIENTED_EDGE('',*,*,#2554,.T.);
#3677=ORIENTED_EDGE('',*,*,#2552,.T.);
#3678=ORIENTED_EDGE('',*,*,#2550,.T.);
#3679=ORIENTED_EDGE('',*,*,#2548,.T.);
#3680=ORIENTED_EDGE('',*,*,#2546,.T.);
#3681=ORIENTED_EDGE('',*,*,#2544,.T.);
#3682=ORIENTED_EDGE('',*,*,#2542,.T.);
#3683=ORIENTED_EDGE('',*,*,#2540,.T.);
#3684=ORIENTED_EDGE('',*,*,#2538,.T.);
#3685=ORIENTED_EDGE('',*,*,#2451,.T.);
#3686=ORIENTED_EDGE('',*,*,#2454,.T.);
#3687=ORIENTED_EDGE('',*,*,#2457,.T.);
#3688=ORIENTED_EDGE('',*,*,#2460,.T.);
#3689=CYLINDRICAL_SURFACE('',#3997,1.6);
#3690=CYLINDRICAL_SURFACE('',#3998,1.6);
#3691=CYLINDRICAL_SURFACE('',#3999,1.6);
#3692=CYLINDRICAL_SURFACE('',#4004,1.6);
#3693=CYLINDRICAL_SURFACE('',#4005,1.6);
#3694=CYLINDRICAL_SURFACE('',#4006,1.6);
#3695=CYLINDRICAL_SURFACE('',#4048,1.2);
#3696=CYLINDRICAL_SURFACE('',#4052,1.19999999999997);
#3697=CYLINDRICAL_SURFACE('',#4063,1.19999999999998);
#3698=CYLINDRICAL_SURFACE('',#4079,1.19999999999998);
#3699=CYLINDRICAL_SURFACE('',#4082,1.20000000000001);
#3700=CYLINDRICAL_SURFACE('',#4085,1.2);
#3701=CYLINDRICAL_SURFACE('',#4088,1.20000000000001);
#3702=CYLINDRICAL_SURFACE('',#4092,1.2);
#3703=CYLINDRICAL_SURFACE('',#4134,10.);
#3704=CYLINDRICAL_SURFACE('',#4136,10.);
#3705=CYLINDRICAL_SURFACE('',#4148,1.5);
#3706=CYLINDRICAL_SURFACE('',#4150,1.5);
#3707=CYLINDRICAL_SURFACE('',#4152,1.5);
#3708=CYLINDRICAL_SURFACE('',#4154,2.6);
#3709=CYLINDRICAL_SURFACE('',#4156,1.5);
#3710=CYLINDRICAL_SURFACE('',#4158,1.5);
#3711=CYLINDRICAL_SURFACE('',#4160,2.6);
#3712=CYLINDRICAL_SURFACE('',#4162,1.5);
#3713=CYLINDRICAL_SURFACE('',#4170,1.6);
#3714=CYLINDRICAL_SURFACE('',#4174,1.6);
#3715=CYLINDRICAL_SURFACE('',#4178,1.6);
#3716=CYLINDRICAL_SURFACE('',#4182,1.6);
#3717=CYLINDRICAL_SURFACE('',#4198,18.);
#3718=CYLINDRICAL_SURFACE('',#4200,1.2);
#3719=CYLINDRICAL_SURFACE('',#4206,1.2);
#3720=CYLINDRICAL_SURFACE('',#4211,1.2);
#3721=CYLINDRICAL_SURFACE('',#4216,1.2);
#3722=CYLINDRICAL_SURFACE('',#4225,1.2);
#3723=CYLINDRICAL_SURFACE('',#4228,1.2);
#3724=CYLINDRICAL_SURFACE('',#4230,1.2);
#3725=CYLINDRICAL_SURFACE('',#4232,1.2);
#3726=CYLINDRICAL_SURFACE('',#4240,3.);
#3727=CYLINDRICAL_SURFACE('',#4243,2.99999999999997);
#3728=CYLINDRICAL_SURFACE('',#4246,2.99999999999997);
#3729=CYLINDRICAL_SURFACE('',#4249,3.00000000000001);
#3730=CYLINDRICAL_SURFACE('',#4251,3.4);
#3731=CYLINDRICAL_SURFACE('',#4270,11.);
#3732=CYLINDRICAL_SURFACE('',#4275,1.6);
#3733=CYLINDRICAL_SURFACE('',#4278,1.6);
#3734=CYLINDRICAL_SURFACE('',#4281,1.6);
#3735=CYLINDRICAL_SURFACE('',#4284,1.6);
#3736=CYLINDRICAL_SURFACE('',#4287,1.2);
#3737=CYLINDRICAL_SURFACE('',#4293,1.2);
#3738=CYLINDRICAL_SURFACE('',#4298,1.2);
#3739=CYLINDRICAL_SURFACE('',#4303,1.2);
#3740=CYLINDRICAL_SURFACE('',#4307,1.60000000000001);
#3741=CYLINDRICAL_SURFACE('',#4310,1.6);
#3742=CYLINDRICAL_SURFACE('',#4315,1.59999999999998);
#3743=CYLINDRICAL_SURFACE('',#4318,1.59999999999998);
#3744=CYLINDRICAL_SURFACE('',#4321,2.8);
#3745=CYLINDRICAL_SURFACE('',#4325,2.79999999999998);
#3746=CYLINDRICAL_SURFACE('',#4329,2.79999999999998);
#3747=CYLINDRICAL_SURFACE('',#4333,2.80000000000001);
#3748=CYLINDRICAL_SURFACE('',#4344,1.60000000000002);
#3749=CYLINDRICAL_SURFACE('',#4348,6.);
#3750=CYLINDRICAL_SURFACE('',#4350,11.);
#3751=CYLINDRICAL_SURFACE('',#4353,11.);
#3752=CYLINDRICAL_SURFACE('',#4356,11.);
#3753=CYLINDRICAL_SURFACE('',#4359,11.);
#3754=ADVANCED_FACE('',(#398,#340),#3689,.F.);
#3755=ADVANCED_FACE('',(#399),#3690,.F.);
#3756=ADVANCED_FACE('',(#400),#3691,.F.);
#3757=ADVANCED_FACE('',(#401,#341),#3692,.F.);
#3758=ADVANCED_FACE('',(#402),#3693,.F.);
#3759=ADVANCED_FACE('',(#403),#3694,.F.);
#3760=ADVANCED_FACE('',(#404),#210,.T.);
#3761=ADVANCED_FACE('',(#405),#211,.T.);
#3762=ADVANCED_FACE('',(#406,#342,#343,#344,#345),#212,.T.);
#3763=ADVANCED_FACE('',(#407),#213,.T.);
#3764=ADVANCED_FACE('',(#408),#214,.T.);
#3765=ADVANCED_FACE('',(#409),#215,.T.);
#3766=ADVANCED_FACE('',(#410),#216,.T.);
#3767=ADVANCED_FACE('',(#411),#217,.T.);
#3768=ADVANCED_FACE('',(#412),#218,.T.);
#3769=ADVANCED_FACE('',(#413),#219,.T.);
#3770=ADVANCED_FACE('',(#414),#220,.T.);
#3771=ADVANCED_FACE('',(#415),#221,.T.);
#3772=ADVANCED_FACE('',(#416),#222,.T.);
#3773=ADVANCED_FACE('',(#417),#223,.T.);
#3774=ADVANCED_FACE('',(#418),#224,.T.);
#3775=ADVANCED_FACE('',(#419),#225,.T.);
#3776=ADVANCED_FACE('',(#420),#226,.T.);
#3777=ADVANCED_FACE('',(#421),#227,.T.);
#3778=ADVANCED_FACE('',(#422),#228,.T.);
#3779=ADVANCED_FACE('',(#423),#229,.T.);
#3780=ADVANCED_FACE('',(#424),#230,.T.);
#3781=ADVANCED_FACE('',(#425),#231,.T.);
#3782=ADVANCED_FACE('',(#426),#232,.T.);
#3783=ADVANCED_FACE('',(#427),#233,.T.);
#3784=ADVANCED_FACE('',(#428),#234,.T.);
#3785=ADVANCED_FACE('',(#429),#3695,.F.);
#3786=ADVANCED_FACE('',(#430),#235,.T.);
#3787=ADVANCED_FACE('',(#431),#236,.T.);
#3788=ADVANCED_FACE('',(#432),#3696,.F.);
#3789=ADVANCED_FACE('',(#433),#237,.T.);
#3790=ADVANCED_FACE('',(#434),#238,.T.);
#3791=ADVANCED_FACE('',(#435),#239,.T.);
#3792=ADVANCED_FACE('',(#436),#240,.T.);
#3793=ADVANCED_FACE('',(#437),#241,.T.);
#3794=ADVANCED_FACE('',(#438),#242,.T.);
#3795=ADVANCED_FACE('',(#439),#243,.T.);
#3796=ADVANCED_FACE('',(#440),#244,.T.);
#3797=ADVANCED_FACE('',(#441),#3697,.F.);
#3798=ADVANCED_FACE('',(#442),#245,.T.);
#3799=ADVANCED_FACE('',(#443),#246,.T.);
#3800=ADVANCED_FACE('',(#444),#247,.T.);
#3801=ADVANCED_FACE('',(#445),#248,.T.);
#3802=ADVANCED_FACE('',(#446),#249,.T.);
#3803=ADVANCED_FACE('',(#447),#250,.T.);
#3804=ADVANCED_FACE('',(#448),#251,.T.);
#3805=ADVANCED_FACE('',(#449),#252,.T.);
#3806=ADVANCED_FACE('',(#450),#253,.T.);
#3807=ADVANCED_FACE('',(#451),#254,.T.);
#3808=ADVANCED_FACE('',(#452),#255,.T.);
#3809=ADVANCED_FACE('',(#453),#256,.T.);
#3810=ADVANCED_FACE('',(#454),#257,.T.);
#3811=ADVANCED_FACE('',(#455),#258,.T.);
#3812=ADVANCED_FACE('',(#456),#3698,.F.);
#3813=ADVANCED_FACE('',(#457),#259,.T.);
#3814=ADVANCED_FACE('',(#458),#3699,.T.);
#3815=ADVANCED_FACE('',(#459),#260,.T.);
#3816=ADVANCED_FACE('',(#460),#3700,.T.);
#3817=ADVANCED_FACE('',(#461),#261,.T.);
#3818=ADVANCED_FACE('',(#462),#3701,.T.);
#3819=ADVANCED_FACE('',(#463),#262,.T.);
#3820=ADVANCED_FACE('',(#464),#3702,.T.);
#3821=ADVANCED_FACE('',(#465),#263,.T.);
#3822=ADVANCED_FACE('',(#466),#41,.F.);
#3823=ADVANCED_FACE('',(#467),#42,.F.);
#3824=ADVANCED_FACE('',(#468),#43,.F.);
#3825=ADVANCED_FACE('',(#469),#44,.F.);
#3826=ADVANCED_FACE('',(#470),#45,.F.);
#3827=ADVANCED_FACE('',(#471),#46,.F.);
#3828=ADVANCED_FACE('',(#472),#47,.F.);
#3829=ADVANCED_FACE('',(#473),#48,.F.);
#3830=ADVANCED_FACE('',(#474,#346),#264,.F.);
#3831=ADVANCED_FACE('',(#475),#265,.F.);
#3832=ADVANCED_FACE('',(#476),#266,.F.);
#3833=ADVANCED_FACE('',(#477),#267,.F.);
#3834=ADVANCED_FACE('',(#478),#268,.F.);
#3835=ADVANCED_FACE('',(#479),#269,.F.);
#3836=ADVANCED_FACE('',(#480),#270,.F.);
#3837=ADVANCED_FACE('',(#481),#271,.F.);
#3838=ADVANCED_FACE('',(#482),#272,.F.);
#3839=ADVANCED_FACE('',(#483),#273,.F.);
#3840=ADVANCED_FACE('',(#484),#274,.F.);
#3841=ADVANCED_FACE('',(#485),#275,.F.);
#3842=ADVANCED_FACE('',(#486),#276,.F.);
#3843=ADVANCED_FACE('',(#487,#347,#348),#3703,.T.);
#3844=ADVANCED_FACE('',(#488,#349,#350),#3704,.T.);
#3845=ADVANCED_FACE('',(#489,#351,#352,#353,#354),#277,.T.);
#3846=ADVANCED_FACE('',(#490,#355,#356,#357,#358),#278,.T.);
#3847=ADVANCED_FACE('',(#491),#3705,.F.);
#3848=ADVANCED_FACE('',(#492),#3706,.F.);
#3849=ADVANCED_FACE('',(#493),#3707,.F.);
#3850=ADVANCED_FACE('',(#494,#359,#360),#3708,.F.);
#3851=ADVANCED_FACE('',(#495),#3709,.F.);
#3852=ADVANCED_FACE('',(#496),#3710,.F.);
#3853=ADVANCED_FACE('',(#497,#361,#362),#3711,.F.);
#3854=ADVANCED_FACE('',(#498),#3712,.F.);
#3855=ADVANCED_FACE('',(#499),#279,.T.);
#3856=ADVANCED_FACE('',(#500),#280,.T.);
#3857=ADVANCED_FACE('',(#501),#281,.T.);
#3858=ADVANCED_FACE('',(#502),#282,.T.);
#3859=ADVANCED_FACE('',(#503,#363,#364,#365,#366,#367,#368,#369,#370),#283,
 .T.);
#3860=ADVANCED_FACE('',(#504),#3713,.F.);
#3861=ADVANCED_FACE('',(#505),#3714,.F.);
#3862=ADVANCED_FACE('',(#506),#3715,.F.);
#3863=ADVANCED_FACE('',(#507),#3716,.F.);
#3864=ADVANCED_FACE('',(#508,#371,#372,#373),#284,.T.);
#3865=ADVANCED_FACE('',(#509),#49,.F.);
#3866=ADVANCED_FACE('',(#510,#374),#285,.T.);
#3867=ADVANCED_FACE('',(#511,#375),#286,.F.);
#3868=ADVANCED_FACE('',(#512),#3717,.F.);
#3869=ADVANCED_FACE('',(#513),#3718,.F.);
#3870=ADVANCED_FACE('',(#514),#50,.F.);
#3871=ADVANCED_FACE('',(#515),#3719,.F.);
#3872=ADVANCED_FACE('',(#516),#51,.F.);
#3873=ADVANCED_FACE('',(#517),#3720,.F.);
#3874=ADVANCED_FACE('',(#518),#52,.F.);
#3875=ADVANCED_FACE('',(#519),#3721,.F.);
#3876=ADVANCED_FACE('',(#520),#53,.F.);
#3877=ADVANCED_FACE('',(#521,#376),#287,.F.);
#3878=ADVANCED_FACE('',(#522),#3722,.F.);
#3879=ADVANCED_FACE('',(#523),#3723,.F.);
#3880=ADVANCED_FACE('',(#524),#3724,.F.);
#3881=ADVANCED_FACE('',(#525),#3725,.F.);
#3882=ADVANCED_FACE('',(#526,#377),#288,.T.);
#3883=ADVANCED_FACE('',(#527),#54,.F.);
#3884=ADVANCED_FACE('',(#528,#378),#289,.F.);
#3885=ADVANCED_FACE('',(#529),#290,.F.);
#3886=ADVANCED_FACE('',(#530),#3726,.F.);
#3887=ADVANCED_FACE('',(#531),#291,.F.);
#3888=ADVANCED_FACE('',(#532),#3727,.F.);
#3889=ADVANCED_FACE('',(#533),#292,.F.);
#3890=ADVANCED_FACE('',(#534),#3728,.F.);
#3891=ADVANCED_FACE('',(#535),#293,.F.);
#3892=ADVANCED_FACE('',(#536),#3729,.F.);
#3893=ADVANCED_FACE('',(#537),#3730,.F.);
#3894=ADVANCED_FACE('',(#538),#294,.F.);
#3895=ADVANCED_FACE('',(#539),#295,.F.);
#3896=ADVANCED_FACE('',(#540),#296,.F.);
#3897=ADVANCED_FACE('',(#541),#297,.F.);
#3898=ADVANCED_FACE('',(#542),#298,.T.);
#3899=ADVANCED_FACE('',(#543),#299,.T.);
#3900=ADVANCED_FACE('',(#544,#379),#300,.T.);
#3901=ADVANCED_FACE('',(#545,#380,#381,#382,#383,#384,#385,#386),#301,.T.);
#3902=ADVANCED_FACE('',(#546),#302,.T.);
#3903=ADVANCED_FACE('',(#547,#387),#303,.T.);
#3904=ADVANCED_FACE('',(#548),#304,.T.);
#3905=ADVANCED_FACE('',(#549),#305,.T.);
#3906=ADVANCED_FACE('',(#550),#306,.F.);
#3907=ADVANCED_FACE('',(#551),#307,.T.);
#3908=ADVANCED_FACE('',(#552),#308,.T.);
#3909=ADVANCED_FACE('',(#553),#309,.T.);
#3910=ADVANCED_FACE('',(#554),#3731,.T.);
#3911=ADVANCED_FACE('',(#555),#310,.T.);
#3912=ADVANCED_FACE('',(#556),#311,.F.);
#3913=ADVANCED_FACE('',(#557),#3732,.F.);
#3914=ADVANCED_FACE('',(#558),#3733,.F.);
#3915=ADVANCED_FACE('',(#559),#3734,.F.);
#3916=ADVANCED_FACE('',(#560),#3735,.F.);
#3917=ADVANCED_FACE('',(#561),#3736,.F.);
#3918=ADVANCED_FACE('',(#562),#23,.T.);
#3919=ADVANCED_FACE('',(#563),#3737,.F.);
#3920=ADVANCED_FACE('',(#564),#24,.T.);
#3921=ADVANCED_FACE('',(#565),#3738,.F.);
#3922=ADVANCED_FACE('',(#566),#25,.T.);
#3923=ADVANCED_FACE('',(#567),#3739,.F.);
#3924=ADVANCED_FACE('',(#568),#26,.T.);
#3925=ADVANCED_FACE('',(#569),#3740,.F.);
#3926=ADVANCED_FACE('',(#570),#312,.T.);
#3927=ADVANCED_FACE('',(#571),#3741,.F.);
#3928=ADVANCED_FACE('',(#572),#313,.T.);
#3929=ADVANCED_FACE('',(#573),#314,.F.);
#3930=ADVANCED_FACE('',(#574),#315,.T.);
#3931=ADVANCED_FACE('',(#575),#3742,.F.);
#3932=ADVANCED_FACE('',(#576),#316,.T.);
#3933=ADVANCED_FACE('',(#577),#3743,.F.);
#3934=ADVANCED_FACE('',(#578),#317,.T.);
#3935=ADVANCED_FACE('',(#579),#3744,.T.);
#3936=ADVANCED_FACE('',(#580),#318,.T.);
#3937=ADVANCED_FACE('',(#581),#3745,.T.);
#3938=ADVANCED_FACE('',(#582),#319,.T.);
#3939=ADVANCED_FACE('',(#583),#3746,.T.);
#3940=ADVANCED_FACE('',(#584),#320,.T.);
#3941=ADVANCED_FACE('',(#585),#3747,.T.);
#3942=ADVANCED_FACE('',(#586,#388),#321,.F.);
#3943=ADVANCED_FACE('',(#587,#389,#390,#391,#392,#393),#322,.F.);
#3944=ADVANCED_FACE('',(#588),#3748,.F.);
#3945=ADVANCED_FACE('',(#589),#323,.T.);
#3946=ADVANCED_FACE('',(#590),#324,.T.);
#3947=ADVANCED_FACE('',(#591),#3749,.F.);
#3948=ADVANCED_FACE('',(#592),#3750,.T.);
#3949=ADVANCED_FACE('',(#593),#325,.T.);
#3950=ADVANCED_FACE('',(#594),#3751,.T.);
#3951=ADVANCED_FACE('',(#595),#326,.T.);
#3952=ADVANCED_FACE('',(#596),#3752,.T.);
#3953=ADVANCED_FACE('',(#597),#327,.T.);
#3954=ADVANCED_FACE('',(#598),#3753,.T.);
#3955=ADVANCED_FACE('',(#599),#328,.T.);
#3956=ADVANCED_FACE('',(#600,#394,#395,#396,#397),#329,.T.);
#3957=CLOSED_SHELL('',(#3754,#3755,#3756,#3757,#3758,#3759,#3760,#3761,
#3762,#3763,#3764,#3765,#3766,#3767,#3768,#3769,#3770,#3771,#3772,#3773,
#3774,#3775,#3776,#3777,#3778,#3779,#3780,#3781,#3782,#3783,#3784,#3785,
#3786,#3787,#3788,#3789,#3790,#3791,#3792,#3793,#3794,#3795,#3796,#3797,
#3798,#3799,#3800,#3801,#3802,#3803,#3804,#3805,#3806,#3807,#3808,#3809,
#3810,#3811,#3812,#3813,#3814,#3815,#3816,#3817,#3818,#3819,#3820,#3821,
#3822,#3823,#3824,#3825,#3826,#3827,#3828,#3829,#3830,#3831,#3832,#3833,
#3834,#3835,#3836,#3837,#3838,#3839,#3840,#3841,#3842,#3843,#3844,#3845,
#3846,#3847,#3848,#3849,#3850,#3851,#3852,#3853,#3854,#3855,#3856,#3857,
#3858,#3859));
#3958=CLOSED_SHELL('',(#3860,#3861,#3862,#3863,#3864,#3865,#3866,#3867,
#3868,#3869,#3870,#3871,#3872,#3873,#3874,#3875,#3876,#3877,#3878,#3879,
#3880,#3881,#3882,#3883,#3884,#3885,#3886,#3887,#3888,#3889,#3890,#3891,
#3892,#3893,#3894,#3895,#3896,#3897,#3898,#3899,#3900,#3901,#3902,#3903,
#3904,#3905,#3906));
#3959=CLOSED_SHELL('',(#3907,#3908,#3909,#3910,#3911,#3912));
#3960=CLOSED_SHELL('',(#3913,#3914,#3915,#3916,#3917,#3918,#3919,#3920,
#3921,#3922,#3923,#3924,#3925,#3926,#3927,#3928,#3929,#3930,#3931,#3932,
#3933,#3934,#3935,#3936,#3937,#3938,#3939,#3940,#3941,#3942,#3943,#3944,
#3945,#3946,#3947,#3948,#3949,#3950,#3951,#3952,#3953,#3954,#3955,#3956));
#3961=DERIVED_UNIT_ELEMENT(#3967,1.);
#3962=DERIVED_UNIT_ELEMENT(#7171,-3.);
#3963=DERIVED_UNIT_ELEMENT(#3967,1.);
#3964=DERIVED_UNIT_ELEMENT(#7171,-3.);
#3965=DERIVED_UNIT_ELEMENT(#3967,1.);
#3966=DERIVED_UNIT_ELEMENT(#7171,-3.);
#3967=(
MASS_UNIT()
NAMED_UNIT(*)
SI_UNIT(.KILO.,.GRAM.)
);
#3968=DERIVED_UNIT((#3961,#3962));
#3969=DERIVED_UNIT((#3963,#3964));
#3970=DERIVED_UNIT((#3965,#3966));
#3971=MEASURE_REPRESENTATION_ITEM('density measure',
POSITIVE_RATIO_MEASURE(7850.),#3968);
#3972=MEASURE_REPRESENTATION_ITEM('density measure',
POSITIVE_RATIO_MEASURE(7850.),#3969);
#3973=MEASURE_REPRESENTATION_ITEM('density measure',
POSITIVE_RATIO_MEASURE(7850.),#3970);
#3974=PROPERTY_DEFINITION_REPRESENTATION(#3989,#3980);
#3975=PROPERTY_DEFINITION_REPRESENTATION(#3990,#3981);
#3976=PROPERTY_DEFINITION_REPRESENTATION(#3991,#3982);
#3977=PROPERTY_DEFINITION_REPRESENTATION(#3992,#3983);
#3978=PROPERTY_DEFINITION_REPRESENTATION(#3993,#3984);
#3979=PROPERTY_DEFINITION_REPRESENTATION(#3994,#3985);
#3980=REPRESENTATION('material name',(#3986),#7166);
#3981=REPRESENTATION('density',(#3971),#7166);
#3982=REPRESENTATION('material name',(#3987),#7167);
#3983=REPRESENTATION('density',(#3972),#7167);
#3984=REPRESENTATION('material name',(#3988),#7168);
#3985=REPRESENTATION('density',(#3973),#7168);
#3986=DESCRIPTIVE_REPRESENTATION_ITEM('Steel','Steel');
#3987=DESCRIPTIVE_REPRESENTATION_ITEM('Steel','Steel');
#3988=DESCRIPTIVE_REPRESENTATION_ITEM('Steel','Steel');
#3989=PROPERTY_DEFINITION('material property','material name',#7191);
#3990=PROPERTY_DEFINITION('material property','density of part',#7191);
#3991=PROPERTY_DEFINITION('material property','material name',#7192);
#3992=PROPERTY_DEFINITION('material property','density of part',#7192);
#3993=PROPERTY_DEFINITION('material property','material name',#7193);
#3994=PROPERTY_DEFINITION('material property','density of part',#7193);
#3995=AXIS2_PLACEMENT_3D('',#5469,#4366,#4367);
#3996=AXIS2_PLACEMENT_3D('',#5470,#4368,#4369);
#3997=AXIS2_PLACEMENT_3D('',#5471,#4370,#4371);
#3998=AXIS2_PLACEMENT_3D('',#5602,#4373,#4374);
#3999=AXIS2_PLACEMENT_3D('',#5680,#4376,#4377);
#4000=AXIS2_PLACEMENT_3D('',#5683,#4378,#4379);
#4001=AXIS2_PLACEMENT_3D('',#5687,#4381,#4382);
#4002=AXIS2_PLACEMENT_3D('',#5689,#4383,#4384);
#4003=AXIS2_PLACEMENT_3D('',#5693,#4386,#4387);
#4004=AXIS2_PLACEMENT_3D('',#5695,#4389,#4390);
#4005=AXIS2_PLACEMENT_3D('',#5826,#4392,#4393);
#4006=AXIS2_PLACEMENT_3D('',#5904,#4395,#4396);
#4007=AXIS2_PLACEMENT_3D('',#5907,#4397,#4398);
#4008=AXIS2_PLACEMENT_3D('',#5911,#4400,#4401);
#4009=AXIS2_PLACEMENT_3D('',#5913,#4403,#4404);
#4010=AXIS2_PLACEMENT_3D('',#5921,#4409,#4410);
#4011=AXIS2_PLACEMENT_3D('',#5927,#4414,#4415);
#4012=AXIS2_PLACEMENT_3D('',#5935,#4419,#4420);
#4013=AXIS2_PLACEMENT_3D('',#5945,#4425,#4426);
#4014=AXIS2_PLACEMENT_3D('',#5955,#4431,#4432);
#4015=AXIS2_PLACEMENT_3D('',#5957,#4433,#4434);
#4016=AXIS2_PLACEMENT_3D('',#5963,#4437,#4438);
#4017=AXIS2_PLACEMENT_3D('',#5973,#4443,#4444);
#4018=AXIS2_PLACEMENT_3D('',#5975,#4445,#4446);
#4019=AXIS2_PLACEMENT_3D('',#5981,#4449,#4450);
#4020=AXIS2_PLACEMENT_3D('',#5987,#4453,#4454);
#4021=AXIS2_PLACEMENT_3D('',#5994,#4458,#4459);
#4022=AXIS2_PLACEMENT_3D('',#5998,#4461,#4462);
#4023=AXIS2_PLACEMENT_3D('',#6002,#4464,#4465);
#4024=AXIS2_PLACEMENT_3D('',#6022,#4475,#4476);
#4025=AXIS2_PLACEMENT_3D('',#6032,#4481,#4482);
#4026=AXIS2_PLACEMENT_3D('',#6040,#4487,#4488);
#4027=AXIS2_PLACEMENT_3D('',#6048,#4493,#4494);
#4028=AXIS2_PLACEMENT_3D('',#6063,#4497,#4498);
#4029=AXIS2_PLACEMENT_3D('',#6080,#4502,#4503);
#4030=AXIS2_PLACEMENT_3D('',#6100,#4508,#4509);
#4031=AXIS2_PLACEMENT_3D('',#6120,#4514,#4515);
#4032=AXIS2_PLACEMENT_3D('',#6137,#4519,#4520);
#4033=AXIS2_PLACEMENT_3D('',#6154,#4524,#4525);
#4034=AXIS2_PLACEMENT_3D('',#6171,#4529,#4530);
#4035=AXIS2_PLACEMENT_3D('',#6188,#4534,#4535);
#4036=AXIS2_PLACEMENT_3D('',#6205,#4539,#4540);
#4037=AXIS2_PLACEMENT_3D('',#6211,#4544,#4545);
#4038=AXIS2_PLACEMENT_3D('',#6215,#4548,#4549);
#4039=AXIS2_PLACEMENT_3D('',#6219,#4552,#4553);
#4040=AXIS2_PLACEMENT_3D('',#6221,#4555,#4556);
#4041=AXIS2_PLACEMENT_3D('',#6227,#4560,#4561);
#4042=AXIS2_PLACEMENT_3D('',#6231,#4564,#4565);
#4043=AXIS2_PLACEMENT_3D('',#6235,#4568,#4569);
#4044=AXIS2_PLACEMENT_3D('',#6237,#4571,#4572);
#4045=AXIS2_PLACEMENT_3D('',#6243,#4576,#4577);
#4046=AXIS2_PLACEMENT_3D('',#6247,#4580,#4581);
#4047=AXIS2_PLACEMENT_3D('',#6251,#4584,#4585);
#4048=AXIS2_PLACEMENT_3D('',#6255,#4588,#4589);
#4049=AXIS2_PLACEMENT_3D('',#6256,#4590,#4591);
#4050=AXIS2_PLACEMENT_3D('',#6257,#4592,#4593);
#4051=AXIS2_PLACEMENT_3D('',#6266,#4598,#4599);
#4052=AXIS2_PLACEMENT_3D('',#6269,#4602,#4603);
#4053=AXIS2_PLACEMENT_3D('',#6270,#4604,#4605);
#4054=AXIS2_PLACEMENT_3D('',#6271,#4606,#4607);
#4055=AXIS2_PLACEMENT_3D('',#6272,#4608,#4609);
#4056=AXIS2_PLACEMENT_3D('',#6289,#4613,#4614);
#4057=AXIS2_PLACEMENT_3D('',#6293,#4617,#4618);
#4058=AXIS2_PLACEMENT_3D('',#6296,#4621,#4622);
#4059=AXIS2_PLACEMENT_3D('',#6313,#4626,#4627);
#4060=AXIS2_PLACEMENT_3D('',#6333,#4632,#4633);
#4061=AXIS2_PLACEMENT_3D('',#6336,#4636,#4637);
#4062=AXIS2_PLACEMENT_3D('',#6353,#4641,#4642);
#4063=AXIS2_PLACEMENT_3D('',#6357,#4645,#4646);
#4064=AXIS2_PLACEMENT_3D('',#6359,#4647,#4648);
#4065=AXIS2_PLACEMENT_3D('',#6361,#4650,#4651);
#4066=AXIS2_PLACEMENT_3D('',#6363,#4653,#4654);
#4067=AXIS2_PLACEMENT_3D('',#6380,#4658,#4659);
#4068=AXIS2_PLACEMENT_3D('',#6384,#4662,#4663);
#4069=AXIS2_PLACEMENT_3D('',#6386,#4665,#4666);
#4070=AXIS2_PLACEMENT_3D('',#6401,#4669,#4670);
#4071=AXIS2_PLACEMENT_3D('',#6418,#4674,#4675);
#4072=AXIS2_PLACEMENT_3D('',#6422,#4678,#4679);
#4073=AXIS2_PLACEMENT_3D('',#6424,#4681,#4682);
#4074=AXIS2_PLACEMENT_3D('',#6428,#4685,#4686);
#4075=AXIS2_PLACEMENT_3D('',#6430,#4688,#4689);
#4076=AXIS2_PLACEMENT_3D('',#6436,#4693,#4694);
#4077=AXIS2_PLACEMENT_3D('',#6440,#4697,#4698);
#4078=AXIS2_PLACEMENT_3D('',#6444,#4701,#4702);
#4079=AXIS2_PLACEMENT_3D('',#6448,#4705,#4706);
#4080=AXIS2_PLACEMENT_3D('',#6449,#4707,#4708);
#4081=AXIS2_PLACEMENT_3D('',#6450,#4709,#4710);
#4082=AXIS2_PLACEMENT_3D('',#6456,#4714,#4715);
#4083=AXIS2_PLACEMENT_3D('',#6458,#4716,#4717);
#4084=AXIS2_PLACEMENT_3D('',#6460,#4719,#4720);
#4085=AXIS2_PLACEMENT_3D('',#6464,#4723,#4724);
#4086=AXIS2_PLACEMENT_3D('',#6466,#4725,#4726);
#4087=AXIS2_PLACEMENT_3D('',#6468,#4728,#4729);
#4088=AXIS2_PLACEMENT_3D('',#6474,#4733,#4734);
#4089=AXIS2_PLACEMENT_3D('',#6476,#4735,#4736);
#4090=AXIS2_PLACEMENT_3D('',#6478,#4737,#4738);
#4091=AXIS2_PLACEMENT_3D('',#6480,#4740,#4741);
#4092=AXIS2_PLACEMENT_3D('',#6485,#4745,#4746);
#4093=AXIS2_PLACEMENT_3D('',#6486,#4747,#4748);
#4094=AXIS2_PLACEMENT_3D('',#6487,#4749,#4750);
#4095=AXIS2_PLACEMENT_3D('',#6488,#4751,#4752);
#4096=AXIS2_PLACEMENT_3D('',#6489,#4753,#4754);
#4097=AXIS2_PLACEMENT_3D('',#6490,#4755,#4756);
#4098=AXIS2_PLACEMENT_3D('',#6491,#4757,#4758);
#4099=AXIS2_PLACEMENT_3D('',#6492,#4759,#4760);
#4100=AXIS2_PLACEMENT_3D('',#6493,#4761,#4762);
#4101=AXIS2_PLACEMENT_3D('',#6494,#4763,#4764);
#4102=AXIS2_PLACEMENT_3D('',#6495,#4765,#4766);
#4103=AXIS2_PLACEMENT_3D('',#6496,#4767,#4768);
#4104=AXIS2_PLACEMENT_3D('',#6497,#4769,#4770);
#4105=AXIS2_PLACEMENT_3D('',#6498,#4771,#4772);
#4106=AXIS2_PLACEMENT_3D('',#6499,#4773,#4774);
#4107=AXIS2_PLACEMENT_3D('',#6500,#4775,#4776);
#4108=AXIS2_PLACEMENT_3D('',#6501,#4777,#4778);
#4109=AXIS2_PLACEMENT_3D('',#6502,#4779,#4780);
#4110=AXIS2_PLACEMENT_3D('',#6503,#4781,#4782);
#4111=AXIS2_PLACEMENT_3D('',#6504,#4783,#4784);
#4112=AXIS2_PLACEMENT_3D('',#6505,#4785,#4786);
#4113=AXIS2_PLACEMENT_3D('',#6506,#4787,#4788);
#4114=AXIS2_PLACEMENT_3D('',#6507,#4789,#4790);
#4115=AXIS2_PLACEMENT_3D('',#6508,#4791,#4792);
#4116=AXIS2_PLACEMENT_3D('',#6509,#4793,#4794);
#4117=AXIS2_PLACEMENT_3D('',#6510,#4795,#4796);
#4118=AXIS2_PLACEMENT_3D('',#6511,#4797,#4798);
#4119=AXIS2_PLACEMENT_3D('',#6512,#4799,#4800);
#4120=AXIS2_PLACEMENT_3D('',#6513,#4801,#4802);
#4121=AXIS2_PLACEMENT_3D('',#6514,#4803,#4804);
#4122=AXIS2_PLACEMENT_3D('',#6523,#4809,#4810);
#4123=AXIS2_PLACEMENT_3D('',#6524,#4811,#4812);
#4124=AXIS2_PLACEMENT_3D('',#6525,#4813,#4814);
#4125=AXIS2_PLACEMENT_3D('',#6526,#4815,#4816);
#4126=AXIS2_PLACEMENT_3D('',#6527,#4817,#4818);
#4127=AXIS2_PLACEMENT_3D('',#6528,#4819,#4820);
#4128=AXIS2_PLACEMENT_3D('',#6529,#4821,#4822);
#4129=AXIS2_PLACEMENT_3D('',#6530,#4823,#4824);
#4130=AXIS2_PLACEMENT_3D('',#6531,#4825,#4826);
#4131=AXIS2_PLACEMENT_3D('',#6532,#4827,#4828);
#4132=AXIS2_PLACEMENT_3D('',#6533,#4829,#4830);
#4133=AXIS2_PLACEMENT_3D('',#6534,#4831,#4832);
#4134=AXIS2_PLACEMENT_3D('',#6535,#4833,#4834);
#4135=AXIS2_PLACEMENT_3D('',#6537,#4835,#4836);
#4136=AXIS2_PLACEMENT_3D('',#6539,#4838,#4839);
#4137=AXIS2_PLACEMENT_3D('',#6541,#4840,#4841);
#4138=AXIS2_PLACEMENT_3D('',#6543,#4843,#4844);
#4139=AXIS2_PLACEMENT_3D('',#6545,#4845,#4846);
#4140=AXIS2_PLACEMENT_3D('',#6547,#4847,#4848);
#4141=AXIS2_PLACEMENT_3D('',#6549,#4849,#4850);
#4142=AXIS2_PLACEMENT_3D('',#6551,#4851,#4852);
#4143=AXIS2_PLACEMENT_3D('',#6552,#4853,#4854);
#4144=AXIS2_PLACEMENT_3D('',#6554,#4855,#4856);
#4145=AXIS2_PLACEMENT_3D('',#6556,#4857,#4858);
#4146=AXIS2_PLACEMENT_3D('',#6558,#4859,#4860);
#4147=AXIS2_PLACEMENT_3D('',#6560,#4861,#4862);
#4148=AXIS2_PLACEMENT_3D('',#6561,#4863,#4864);
#4149=AXIS2_PLACEMENT_3D('',#6563,#4865,#4866);
#4150=AXIS2_PLACEMENT_3D('',#6565,#4868,#4869);
#4151=AXIS2_PLACEMENT_3D('',#6567,#4870,#4871);
#4152=AXIS2_PLACEMENT_3D('',#6569,#4873,#4874);
#4153=AXIS2_PLACEMENT_3D('',#6571,#4875,#4876);
#4154=AXIS2_PLACEMENT_3D('',#6574,#4879,#4880);
#4155=AXIS2_PLACEMENT_3D('',#6576,#4881,#4882);
#4156=AXIS2_PLACEMENT_3D('',#6578,#4884,#4885);
#4157=AXIS2_PLACEMENT_3D('',#6580,#4886,#4887);
#4158=AXIS2_PLACEMENT_3D('',#6583,#4890,#4891);
#4159=AXIS2_PLACEMENT_3D('',#6585,#4892,#4893);
#4160=AXIS2_PLACEMENT_3D('',#6587,#4895,#4896);
#4161=AXIS2_PLACEMENT_3D('',#6589,#4897,#4898);
#4162=AXIS2_PLACEMENT_3D('',#6591,#4900,#4901);
#4163=AXIS2_PLACEMENT_3D('',#6593,#4902,#4903);
#4164=AXIS2_PLACEMENT_3D('',#6595,#4905,#4906);
#4165=AXIS2_PLACEMENT_3D('',#6601,#4910,#4911);
#4166=AXIS2_PLACEMENT_3D('',#6605,#4914,#4915);
#4167=AXIS2_PLACEMENT_3D('',#6609,#4918,#4919);
#4168=AXIS2_PLACEMENT_3D('',#6611,#4921,#4922);
#4169=AXIS2_PLACEMENT_3D('',#6612,#4923,#4924);
#4170=AXIS2_PLACEMENT_3D('',#6613,#4925,#4926);
#4171=AXIS2_PLACEMENT_3D('',#6616,#4927,#4928);
#4172=AXIS2_PLACEMENT_3D('',#6617,#4929,#4930);
#4173=AXIS2_PLACEMENT_3D('',#6620,#4932,#4933);
#4174=AXIS2_PLACEMENT_3D('',#6621,#4934,#4935);
#4175=AXIS2_PLACEMENT_3D('',#6624,#4936,#4937);
#4176=AXIS2_PLACEMENT_3D('',#6625,#4938,#4939);
#4177=AXIS2_PLACEMENT_3D('',#6628,#4941,#4942);
#4178=AXIS2_PLACEMENT_3D('',#6629,#4943,#4944);
#4179=AXIS2_PLACEMENT_3D('',#6632,#4945,#4946);
#4180=AXIS2_PLACEMENT_3D('',#6633,#4947,#4948);
#4181=AXIS2_PLACEMENT_3D('',#6636,#4950,#4951);
#4182=AXIS2_PLACEMENT_3D('',#6637,#4952,#4953);
#4183=AXIS2_PLACEMENT_3D('',#6639,#4954,#4955);
#4184=AXIS2_PLACEMENT_3D('',#6642,#4957,#4958);
#4185=AXIS2_PLACEMENT_3D('',#6643,#4959,#4960);
#4186=AXIS2_PLACEMENT_3D('',#6655,#4966,#4967);
#4187=AXIS2_PLACEMENT_3D('',#6660,#4970,#4971);
#4188=AXIS2_PLACEMENT_3D('',#6665,#4974,#4975);
#4189=AXIS2_PLACEMENT_3D('',#6670,#4978,#4979);
#4190=AXIS2_PLACEMENT_3D('',#6673,#4981,#4982);
#4191=AXIS2_PLACEMENT_3D('',#6682,#4987,#4988);
#4192=AXIS2_PLACEMENT_3D('',#6684,#4989,#4990);
#4193=AXIS2_PLACEMENT_3D('',#6686,#4991,#4992);
#4194=AXIS2_PLACEMENT_3D('',#6687,#4993,#4994);
#4195=AXIS2_PLACEMENT_3D('',#6688,#4995,#4996);
#4196=AXIS2_PLACEMENT_3D('',#6697,#5001,#5002);
#4197=AXIS2_PLACEMENT_3D('',#6699,#5003,#5004);
#4198=AXIS2_PLACEMENT_3D('',#6700,#5005,#5006);
#4199=AXIS2_PLACEMENT_3D('',#6702,#5007,#5008);
#4200=AXIS2_PLACEMENT_3D('',#6704,#5010,#5011);
#4201=AXIS2_PLACEMENT_3D('',#6706,#5012,#5013);
#4202=AXIS2_PLACEMENT_3D('',#6709,#5015,#5016);
#4203=AXIS2_PLACEMENT_3D('',#6710,#5017,#5018);
#4204=AXIS2_PLACEMENT_3D('',#6712,#5019,#5020);
#4205=AXIS2_PLACEMENT_3D('',#6713,#5021,#5022);
#4206=AXIS2_PLACEMENT_3D('',#6714,#5023,#5024);
#4207=AXIS2_PLACEMENT_3D('',#6717,#5026,#5027);
#4208=AXIS2_PLACEMENT_3D('',#6718,#5028,#5029);
#4209=AXIS2_PLACEMENT_3D('',#6720,#5030,#5031);
#4210=AXIS2_PLACEMENT_3D('',#6721,#5032,#5033);
#4211=AXIS2_PLACEMENT_3D('',#6722,#5034,#5035);
#4212=AXIS2_PLACEMENT_3D('',#6725,#5037,#5038);
#4213=AXIS2_PLACEMENT_3D('',#6726,#5039,#5040);
#4214=AXIS2_PLACEMENT_3D('',#6728,#5041,#5042);
#4215=AXIS2_PLACEMENT_3D('',#6729,#5043,#5044);
#4216=AXIS2_PLACEMENT_3D('',#6730,#5045,#5046);
#4217=AXIS2_PLACEMENT_3D('',#6733,#5048,#5049);
#4218=AXIS2_PLACEMENT_3D('',#6734,#5050,#5051);
#4219=AXIS2_PLACEMENT_3D('',#6735,#5052,#5053);
#4220=AXIS2_PLACEMENT_3D('',#6736,#5054,#5055);
#4221=AXIS2_PLACEMENT_3D('',#6739,#5056,#5057);
#4222=AXIS2_PLACEMENT_3D('',#6743,#5059,#5060);
#4223=AXIS2_PLACEMENT_3D('',#6747,#5062,#5063);
#4224=AXIS2_PLACEMENT_3D('',#6751,#5065,#5066);
#4225=AXIS2_PLACEMENT_3D('',#6753,#5068,#5069);
#4226=AXIS2_PLACEMENT_3D('',#6755,#5070,#5071);
#4227=AXIS2_PLACEMENT_3D('',#6758,#5073,#5074);
#4228=AXIS2_PLACEMENT_3D('',#6759,#5075,#5076);
#4229=AXIS2_PLACEMENT_3D('',#6762,#5078,#5079);
#4230=AXIS2_PLACEMENT_3D('',#6763,#5080,#5081);
#4231=AXIS2_PLACEMENT_3D('',#6766,#5083,#5084);
#4232=AXIS2_PLACEMENT_3D('',#6767,#5085,#5086);
#4233=AXIS2_PLACEMENT_3D('',#6769,#5088,#5089);
#4234=AXIS2_PLACEMENT_3D('',#6778,#5094,#5095);
#4235=AXIS2_PLACEMENT_3D('',#6780,#5096,#5097);
#4236=AXIS2_PLACEMENT_3D('',#6781,#5098,#5099);
#4237=AXIS2_PLACEMENT_3D('',#6782,#5100,#5101);
#4238=AXIS2_PLACEMENT_3D('',#6784,#5102,#5103);
#4239=AXIS2_PLACEMENT_3D('',#6785,#5104,#5105);
#4240=AXIS2_PLACEMENT_3D('',#6791,#5109,#5110);
#4241=AXIS2_PLACEMENT_3D('',#6793,#5111,#5112);
#4242=AXIS2_PLACEMENT_3D('',#6795,#5114,#5115);
#4243=AXIS2_PLACEMENT_3D('',#6799,#5118,#5119);
#4244=AXIS2_PLACEMENT_3D('',#6801,#5120,#5121);
#4245=AXIS2_PLACEMENT_3D('',#6803,#5123,#5124);
#4246=AXIS2_PLACEMENT_3D('',#6807,#5127,#5128);
#4247=AXIS2_PLACEMENT_3D('',#6809,#5129,#5130);
#4248=AXIS2_PLACEMENT_3D('',#6811,#5132,#5133);
#4249=AXIS2_PLACEMENT_3D('',#6815,#5136,#5137);
#4250=AXIS2_PLACEMENT_3D('',#6816,#5138,#5139);
#4251=AXIS2_PLACEMENT_3D('',#6817,#5140,#5141);
#4252=AXIS2_PLACEMENT_3D('',#6819,#5142,#5143);
#4253=AXIS2_PLACEMENT_3D('',#6821,#5145,#5146);
#4254=AXIS2_PLACEMENT_3D('',#6827,#5150,#5151);
#4255=AXIS2_PLACEMENT_3D('',#6831,#5154,#5155);
#4256=AXIS2_PLACEMENT_3D('',#6835,#5158,#5159);
#4257=AXIS2_PLACEMENT_3D('',#6837,#5161,#5162);
#4258=AXIS2_PLACEMENT_3D('',#6840,#5165,#5166);
#4259=AXIS2_PLACEMENT_3D('',#6843,#5169,#5170);
#4260=AXIS2_PLACEMENT_3D('',#6852,#5175,#5176);
#4261=AXIS2_PLACEMENT_3D('',#6858,#5180,#5181);
#4262=AXIS2_PLACEMENT_3D('',#6862,#5184,#5185);
#4263=AXIS2_PLACEMENT_3D('',#6866,#5188,#5189);
#4264=AXIS2_PLACEMENT_3D('',#6868,#5191,#5192);
#4265=AXIS2_PLACEMENT_3D('',#6869,#5193,#5194);
#4266=AXIS2_PLACEMENT_3D('',#6870,#5195,#5196);
#4267=AXIS2_PLACEMENT_3D('',#6871,#5197,#5198);
#4268=AXIS2_PLACEMENT_3D('',#6880,#5203,#5204);
#4269=AXIS2_PLACEMENT_3D('',#6886,#5208,#5209);
#4270=AXIS2_PLACEMENT_3D('',#6892,#5213,#5214);
#4271=AXIS2_PLACEMENT_3D('',#6893,#5215,#5216);
#4272=AXIS2_PLACEMENT_3D('',#6894,#5217,#5218);
#4273=AXIS2_PLACEMENT_3D('',#6895,#5219,#5220);
#4274=AXIS2_PLACEMENT_3D('',#6896,#5221,#5222);
#4275=AXIS2_PLACEMENT_3D('',#6897,#5223,#5224);
#4276=AXIS2_PLACEMENT_3D('',#6899,#5225,#5226);
#4277=AXIS2_PLACEMENT_3D('',#6902,#5228,#5229);
#4278=AXIS2_PLACEMENT_3D('',#6903,#5230,#5231);
#4279=AXIS2_PLACEMENT_3D('',#6905,#5232,#5233);
#4280=AXIS2_PLACEMENT_3D('',#6908,#5235,#5236);
#4281=AXIS2_PLACEMENT_3D('',#6909,#5237,#5238);
#4282=AXIS2_PLACEMENT_3D('',#6911,#5239,#5240);
#4283=AXIS2_PLACEMENT_3D('',#6914,#5242,#5243);
#4284=AXIS2_PLACEMENT_3D('',#6915,#5244,#5245);
#4285=AXIS2_PLACEMENT_3D('',#6917,#5246,#5247);
#4286=AXIS2_PLACEMENT_3D('',#6920,#5249,#5250);
#4287=AXIS2_PLACEMENT_3D('',#6921,#5251,#5252);
#4288=AXIS2_PLACEMENT_3D('',#6924,#5253,#5254);
#4289=AXIS2_PLACEMENT_3D('',#6928,#5256,#5257);
#4290=AXIS2_PLACEMENT_3D('',#6941,#5259,#5260);
#4291=AXIS2_PLACEMENT_3D('',#6942,#5261,#5262);
#4292=AXIS2_PLACEMENT_3D('',#6943,#5263,#5264);
#4293=AXIS2_PLACEMENT_3D('',#6944,#5265,#5266);
#4294=AXIS2_PLACEMENT_3D('',#6947,#5267,#5268);
#4295=AXIS2_PLACEMENT_3D('',#6961,#5271,#5272);
#4296=AXIS2_PLACEMENT_3D('',#6962,#5273,#5274);
#4297=AXIS2_PLACEMENT_3D('',#6963,#5275,#5276);
#4298=AXIS2_PLACEMENT_3D('',#6964,#5277,#5278);
#4299=AXIS2_PLACEMENT_3D('',#6967,#5279,#5280);
#4300=AXIS2_PLACEMENT_3D('',#6981,#5283,#5284);
#4301=AXIS2_PLACEMENT_3D('',#6982,#5285,#5286);
#4302=AXIS2_PLACEMENT_3D('',#6983,#5287,#5288);
#4303=AXIS2_PLACEMENT_3D('',#6984,#5289,#5290);
#4304=AXIS2_PLACEMENT_3D('',#6987,#5291,#5292);
#4305=AXIS2_PLACEMENT_3D('',#6999,#5295,#5296);
#4306=AXIS2_PLACEMENT_3D('',#7000,#5297,#5298);
#4307=AXIS2_PLACEMENT_3D('',#7001,#5299,#5300);
#4308=AXIS2_PLACEMENT_3D('',#7005,#5302,#5303);
#4309=AXIS2_PLACEMENT_3D('',#7007,#5305,#5306);
#4310=AXIS2_PLACEMENT_3D('',#7011,#5309,#5310);
#4311=AXIS2_PLACEMENT_3D('',#7014,#5312,#5313);
#4312=AXIS2_PLACEMENT_3D('',#7015,#5314,#5315);
#4313=AXIS2_PLACEMENT_3D('',#7019,#5318,#5319);
#4314=AXIS2_PLACEMENT_3D('',#7020,#5320,#5321);
#4315=AXIS2_PLACEMENT_3D('',#7024,#5324,#5325);
#4316=AXIS2_PLACEMENT_3D('',#7026,#5326,#5327);
#4317=AXIS2_PLACEMENT_3D('',#7028,#5329,#5330);
#4318=AXIS2_PLACEMENT_3D('',#7032,#5333,#5334);
#4319=AXIS2_PLACEMENT_3D('',#7033,#5335,#5336);
#4320=AXIS2_PLACEMENT_3D('',#7034,#5337,#5338);
#4321=AXIS2_PLACEMENT_3D('',#7043,#5343,#5344);
#4322=AXIS2_PLACEMENT_3D('',#7045,#5345,#5346);
#4323=AXIS2_PLACEMENT_3D('',#7047,#5347,#5348);
#4324=AXIS2_PLACEMENT_3D('',#7049,#5350,#5351);
#4325=AXIS2_PLACEMENT_3D('',#7055,#5355,#5356);
#4326=AXIS2_PLACEMENT_3D('',#7057,#5357,#5358);
#4327=AXIS2_PLACEMENT_3D('',#7059,#5359,#5360);
#4328=AXIS2_PLACEMENT_3D('',#7061,#5362,#5363);
#4329=AXIS2_PLACEMENT_3D('',#7067,#5367,#5368);
#4330=AXIS2_PLACEMENT_3D('',#7069,#5369,#5370);
#4331=AXIS2_PLACEMENT_3D('',#7071,#5371,#5372);
#4332=AXIS2_PLACEMENT_3D('',#7073,#5374,#5375);
#4333=AXIS2_PLACEMENT_3D('',#7079,#5379,#5380);
#4334=AXIS2_PLACEMENT_3D('',#7080,#5381,#5382);
#4335=AXIS2_PLACEMENT_3D('',#7081,#5383,#5384);
#4336=AXIS2_PLACEMENT_3D('',#7082,#5385,#5386);
#4337=AXIS2_PLACEMENT_3D('',#7083,#5387,#5388);
#4338=AXIS2_PLACEMENT_3D('',#7088,#5390,#5391);
#4339=AXIS2_PLACEMENT_3D('',#7094,#5394,#5395);
#4340=AXIS2_PLACEMENT_3D('',#7096,#5396,#5397);
#4341=AXIS2_PLACEMENT_3D('',#7100,#5399,#5400);
#4342=AXIS2_PLACEMENT_3D('',#7104,#5402,#5403);
#4343=AXIS2_PLACEMENT_3D('',#7107,#5405,#5406);
#4344=AXIS2_PLACEMENT_3D('',#7108,#5407,#5408);
#4345=AXIS2_PLACEMENT_3D('',#7112,#5410,#5411);
#4346=AXIS2_PLACEMENT_3D('',#7114,#5413,#5414);
#4347=AXIS2_PLACEMENT_3D('',#7118,#5417,#5418);
#4348=AXIS2_PLACEMENT_3D('',#7122,#5421,#5422);
#4349=AXIS2_PLACEMENT_3D('',#7124,#5423,#5424);
#4350=AXIS2_PLACEMENT_3D('',#7126,#5426,#5427);
#4351=AXIS2_PLACEMENT_3D('',#7128,#5428,#5429);
#4352=AXIS2_PLACEMENT_3D('',#7130,#5431,#5432);
#4353=AXIS2_PLACEMENT_3D('',#7134,#5435,#5436);
#4354=AXIS2_PLACEMENT_3D('',#7136,#5437,#5438);
#4355=AXIS2_PLACEMENT_3D('',#7138,#5440,#5441);
#4356=AXIS2_PLACEMENT_3D('',#7142,#5444,#5445);
#4357=AXIS2_PLACEMENT_3D('',#7144,#5446,#5447);
#4358=AXIS2_PLACEMENT_3D('',#7146,#5449,#5450);
#4359=AXIS2_PLACEMENT_3D('',#7150,#5453,#5454);
#4360=AXIS2_PLACEMENT_3D('',#7152,#5455,#5456);
#4361=AXIS2_PLACEMENT_3D('',#7154,#5458,#5459);
#4362=AXIS2_PLACEMENT_3D('',#7156,#5461,#5462);
#4363=AXIS2_PLACEMENT_3D('',#7157,#5463,#5464);
#4364=AXIS2_PLACEMENT_3D('',#7158,#5465,#5466);
#4365=AXIS2_PLACEMENT_3D('',#7159,#5467,#5468);
#4366=DIRECTION('axis',(0.,0.,1.));
#4367=DIRECTION('refdir',(1.,0.,0.));
#4368=DIRECTION('axis',(0.,0.,1.));
#4369=DIRECTION('refdir',(1.,0.,0.));
#4370=DIRECTION('center_axis',(0.707106781186548,0.,0.707106781186548));
#4371=DIRECTION('ref_axis',(0.,1.,0.));
#4372=DIRECTION('',(0.707106781186548,0.,0.707106781186548));
#4373=DIRECTION('center_axis',(0.707106781186548,0.,0.707106781186548));
#4374=DIRECTION('ref_axis',(0.,1.,0.));
#4375=DIRECTION('',(0.707106781186548,0.,0.707106781186548));
#4376=DIRECTION('center_axis',(0.707106781186548,0.,0.707106781186548));
#4377=DIRECTION('ref_axis',(0.,1.,0.));
#4378=DIRECTION('center_axis',(1.,0.,0.));
#4379=DIRECTION('ref_axis',(0.,0.,1.));
#4380=DIRECTION('',(-0.707106781186548,0.,-0.707106781186548));
#4381=DIRECTION('center_axis',(-1.,0.,0.));
#4382=DIRECTION('ref_axis',(0.,0.,1.));
#4383=DIRECTION('center_axis',(-8.47498492080273E-17,0.,1.));
#4384=DIRECTION('ref_axis',(-1.,0.,-1.83995210002005E-16));
#4385=DIRECTION('',(-0.707106781186548,0.,-0.707106781186548));
#4386=DIRECTION('center_axis',(-3.38999396832109E-16,0.,-1.));
#4387=DIRECTION('ref_axis',(-1.,0.,3.6799042000401E-16));
#4388=DIRECTION('',(0.707106781186548,0.,0.707106781186548));
#4389=DIRECTION('center_axis',(0.707106781186548,0.,0.707106781186548));
#4390=DIRECTION('ref_axis',(0.,1.,0.));
#4391=DIRECTION('',(0.707106781186548,0.,0.707106781186548));
#4392=DIRECTION('center_axis',(0.707106781186548,0.,0.707106781186548));
#4393=DIRECTION('ref_axis',(0.,1.,0.));
#4394=DIRECTION('',(0.707106781186548,0.,0.707106781186548));
#4395=DIRECTION('center_axis',(0.707106781186548,0.,0.707106781186548));
#4396=DIRECTION('ref_axis',(0.,1.,0.));
#4397=DIRECTION('center_axis',(0.,0.,1.));
#4398=DIRECTION('ref_axis',(-1.,0.,0.));
#4399=DIRECTION('',(-0.707106781186548,0.,-0.707106781186548));
#4400=DIRECTION('center_axis',(0.,0.,-1.));
#4401=DIRECTION('ref_axis',(-1.,0.,0.));
#4402=DIRECTION('',(0.707106781186548,0.,0.707106781186548));
#4403=DIRECTION('center_axis',(8.47498492080273E-17,0.,-1.));
#4404=DIRECTION('ref_axis',(1.,0.,8.47498492080273E-17));
#4405=DIRECTION('',(0.,-1.,0.));
#4406=DIRECTION('',(-1.,0.,-8.47498492080273E-17));
#4407=DIRECTION('',(0.,-1.,0.));
#4408=DIRECTION('',(1.,0.,8.47498492080273E-17));
#4409=DIRECTION('center_axis',(1.,0.,0.));
#4410=DIRECTION('ref_axis',(0.,0.,1.));
#4411=DIRECTION('',(0.,0.,1.));
#4412=DIRECTION('',(0.,-1.,0.));
#4413=DIRECTION('',(0.,0.,-1.));
#4414=DIRECTION('center_axis',(0.,-1.,0.));
#4415=DIRECTION('ref_axis',(-1.,0.,0.));
#4416=DIRECTION('',(-1.,0.,3.38999396832109E-16));
#4417=DIRECTION('',(0.,0.,1.));
#4418=DIRECTION('',(1.,0.,-1.27124773812041E-16));
#4419=DIRECTION('center_axis',(0.,-1.,0.));
#4420=DIRECTION('ref_axis',(-1.,0.,0.));
#4421=DIRECTION('',(-1.,0.,-2.11874623020068E-16));
#4422=DIRECTION('',(0.,0.,1.));
#4423=DIRECTION('',(1.,0.,-1.23549389548577E-15));
#4424=DIRECTION('',(-2.60208521396521E-16,0.,-1.));
#4425=DIRECTION('center_axis',(0.,-1.,0.));
#4426=DIRECTION('ref_axis',(-1.,0.,0.));
#4427=DIRECTION('',(1.30104260698261E-16,0.,1.));
#4428=DIRECTION('',(1.,0.,-1.23549389548577E-15));
#4429=DIRECTION('',(-1.73472347597681E-16,0.,-1.));
#4430=DIRECTION('',(-1.,0.,-2.11874623020068E-16));
#4431=DIRECTION('center_axis',(0.,-1.,0.));
#4432=DIRECTION('ref_axis',(-1.,0.,0.));
#4433=DIRECTION('center_axis',(0.,-1.,0.));
#4434=DIRECTION('ref_axis',(-1.,0.,0.));
#4435=DIRECTION('',(1.,0.,-1.27124773812041E-16));
#4436=DIRECTION('',(-1.73472347597681E-16,0.,-1.));
#4437=DIRECTION('center_axis',(0.,-1.,0.));
#4438=DIRECTION('ref_axis',(-1.,0.,0.));
#4439=DIRECTION('',(8.67361737988404E-17,0.,1.));
#4440=DIRECTION('',(1.,0.,-1.27124773812041E-16));
#4441=DIRECTION('',(0.,0.,-1.));
#4442=DIRECTION('',(-1.,0.,3.38999396832109E-16));
#4443=DIRECTION('center_axis',(0.,-1.,0.));
#4444=DIRECTION('ref_axis',(-1.,0.,0.));
#4445=DIRECTION('center_axis',(0.,-1.,0.));
#4446=DIRECTION('ref_axis',(-1.,0.,0.));
#4447=DIRECTION('',(1.,0.,8.47498492080273E-17));
#4448=DIRECTION('',(0.,0.,-1.));
#4449=DIRECTION('center_axis',(0.,1.,0.));
#4450=DIRECTION('ref_axis',(0.,0.,-1.));
#4451=DIRECTION('',(-1.,0.,0.));
#4452=DIRECTION('',(8.67361737988404E-17,0.,1.));
#4453=DIRECTION('center_axis',(0.,-1.,0.));
#4454=DIRECTION('ref_axis',(-1.,0.,0.));
#4455=DIRECTION('',(-1.73472347597681E-16,0.,-1.));
#4456=DIRECTION('',(-1.,0.,0.));
#4457=DIRECTION('',(1.,0.,0.));
#4458=DIRECTION('center_axis',(0.,-1.,0.));
#4459=DIRECTION('ref_axis',(0.,0.,-1.));
#4460=DIRECTION('',(0.,0.,1.));
#4461=DIRECTION('center_axis',(0.,-1.,0.));
#4462=DIRECTION('ref_axis',(1.,0.,0.));
#4463=DIRECTION('',(-1.,0.,0.));
#4464=DIRECTION('center_axis',(0.,-1.,0.));
#4465=DIRECTION('ref_axis',(0.,0.,1.));
#4466=DIRECTION('',(0.,0.,-1.));
#4467=DIRECTION('',(1.30104260698261E-16,0.,1.));
#4468=DIRECTION('',(1.,0.,0.));
#4469=DIRECTION('',(-1.73472347597681E-16,0.,-1.));
#4470=DIRECTION('',(-1.,0.,2.01280891869065E-16));
#4471=DIRECTION('',(-1.,0.,-2.11874623020068E-16));
#4472=DIRECTION('',(8.67361737988404E-17,0.,1.));
#4473=DIRECTION('',(1.,0.,-1.23549389548577E-15));
#4474=DIRECTION('',(0.,0.,-1.));
#4475=DIRECTION('center_axis',(0.,1.,0.));
#4476=DIRECTION('ref_axis',(1.,0.,0.));
#4477=DIRECTION('',(0.,0.,-1.));
#4478=DIRECTION('',(-1.,0.,2.01280891869065E-16));
#4479=DIRECTION('',(8.67361737988404E-17,0.,1.));
#4480=DIRECTION('',(1.,0.,0.));
#4481=DIRECTION('center_axis',(0.,1.,0.));
#4482=DIRECTION('ref_axis',(0.,0.,1.));
#4483=DIRECTION('',(1.,0.,0.));
#4484=DIRECTION('',(-2.60208521396521E-16,0.,-1.));
#4485=DIRECTION('',(-1.,0.,2.01280891869065E-16));
#4486=DIRECTION('',(0.,0.,1.));
#4487=DIRECTION('center_axis',(0.,0.,1.));
#4488=DIRECTION('ref_axis',(-1.,0.,0.));
#4489=DIRECTION('',(0.,-1.,0.));
#4490=DIRECTION('',(1.,0.,0.));
#4491=DIRECTION('',(0.,-1.,0.));
#4492=DIRECTION('',(-1.,0.,0.));
#4493=DIRECTION('center_axis',(-1.,0.,1.73472347597681E-16));
#4494=DIRECTION('ref_axis',(-1.73472347597681E-16,0.,-1.));
#4495=DIRECTION('',(1.73472347597681E-16,0.,1.));
#4496=DIRECTION('',(0.,-1.,0.));
#4497=DIRECTION('center_axis',(8.47498492080273E-17,0.,-1.));
#4498=DIRECTION('ref_axis',(1.,0.,8.47498492080273E-17));
#4499=DIRECTION('',(-1.,0.,-8.47498492080273E-17));
#4500=DIRECTION('',(0.,-1.,0.));
#4501=DIRECTION('',(0.,-1.,0.));
#4502=DIRECTION('center_axis',(3.38999396832109E-16,0.,1.));
#4503=DIRECTION('ref_axis',(-1.,0.,3.38999396832109E-16));
#4504=DIRECTION('',(1.,0.,-3.38999396832109E-16));
#4505=DIRECTION('',(0.,-1.,0.));
#4506=DIRECTION('',(-1.,0.,3.38999396832109E-16));
#4507=DIRECTION('',(0.,-1.,0.));
#4508=DIRECTION('center_axis',(-1.,0.,2.60208521396521E-16));
#4509=DIRECTION('ref_axis',(-2.60208521396521E-16,0.,-1.));
#4510=DIRECTION('',(2.60208521396521E-16,0.,1.));
#4511=DIRECTION('',(0.,-1.,0.));
#4512=DIRECTION('',(-2.60208521396521E-16,0.,-1.));
#4513=DIRECTION('',(0.,-1.,0.));
#4514=DIRECTION('center_axis',(1.,0.,-8.67361737988404E-17));
#4515=DIRECTION('ref_axis',(8.67361737988404E-17,0.,1.));
#4516=DIRECTION('',(-8.67361737988404E-17,0.,-1.));
#4517=DIRECTION('',(0.,-1.,0.));
#4518=DIRECTION('',(0.,-1.,0.));
#4519=DIRECTION('center_axis',(-1.27124773812041E-16,0.,-1.));
#4520=DIRECTION('ref_axis',(1.,0.,-1.27124773812041E-16));
#4521=DIRECTION('',(-1.,0.,1.27124773812041E-16));
#4522=DIRECTION('',(0.,-1.,0.));
#4523=DIRECTION('',(0.,-1.,0.));
#4524=DIRECTION('center_axis',(-2.11874623020068E-16,0.,1.));
#4525=DIRECTION('ref_axis',(-1.,0.,-2.11874623020068E-16));
#4526=DIRECTION('',(1.,0.,2.11874623020068E-16));
#4527=DIRECTION('',(0.,-1.,0.));
#4528=DIRECTION('',(0.,-1.,0.));
#4529=DIRECTION('center_axis',(-1.,0.,2.60208521396521E-16));
#4530=DIRECTION('ref_axis',(-2.60208521396521E-16,0.,-1.));
#4531=DIRECTION('',(0.,1.,0.));
#4532=DIRECTION('',(0.,-1.,0.));
#4533=DIRECTION('',(2.60208521396521E-16,0.,1.));
#4534=DIRECTION('center_axis',(1.,0.,-1.30104260698261E-16));
#4535=DIRECTION('ref_axis',(1.30104260698261E-16,0.,1.));
#4536=DIRECTION('',(-1.30104260698261E-16,0.,-1.));
#4537=DIRECTION('',(0.,-1.,0.));
#4538=DIRECTION('',(0.,-1.,0.));
#4539=DIRECTION('center_axis',(2.01280891869065E-16,0.,1.));
#4540=DIRECTION('ref_axis',(-1.,0.,2.01280891869065E-16));
#4541=DIRECTION('',(1.,0.,-2.01280891869065E-16));
#4542=DIRECTION('',(0.,-1.,0.));
#4543=DIRECTION('',(0.,-1.,0.));
#4544=DIRECTION('center_axis',(-1.,0.,1.73472347597681E-16));
#4545=DIRECTION('ref_axis',(-1.73472347597681E-16,0.,-1.));
#4546=DIRECTION('',(1.73472347597681E-16,0.,1.));
#4547=DIRECTION('',(0.,-1.,0.));
#4548=DIRECTION('center_axis',(0.,0.,-1.));
#4549=DIRECTION('ref_axis',(1.,0.,0.));
#4550=DIRECTION('',(-1.,0.,0.));
#4551=DIRECTION('',(0.,-1.,0.));
#4552=DIRECTION('center_axis',(1.,0.,-1.30104260698261E-16));
#4553=DIRECTION('ref_axis',(1.30104260698261E-16,0.,1.));
#4554=DIRECTION('',(-1.30104260698261E-16,0.,-1.));
#4555=DIRECTION('center_axis',(-1.,0.,0.));
#4556=DIRECTION('ref_axis',(0.,0.,-1.));
#4557=DIRECTION('',(0.,0.,1.));
#4558=DIRECTION('',(0.,-1.,0.));
#4559=DIRECTION('',(0.,-1.,0.));
#4560=DIRECTION('center_axis',(-1.23549389548577E-15,0.,-1.));
#4561=DIRECTION('ref_axis',(1.,0.,-1.23549389548577E-15));
#4562=DIRECTION('',(-1.,0.,1.23549389548577E-15));
#4563=DIRECTION('',(0.,-1.,0.));
#4564=DIRECTION('center_axis',(1.,0.,-8.67361737988404E-17));
#4565=DIRECTION('ref_axis',(8.67361737988404E-17,0.,1.));
#4566=DIRECTION('',(-8.67361737988404E-17,0.,-1.));
#4567=DIRECTION('',(0.,-1.,0.));
#4568=DIRECTION('center_axis',(-2.11874623020068E-16,0.,1.));
#4569=DIRECTION('ref_axis',(-1.,0.,-2.11874623020068E-16));
#4570=DIRECTION('',(1.,0.,2.11874623020068E-16));
#4571=DIRECTION('center_axis',(0.,0.,-1.));
#4572=DIRECTION('ref_axis',(1.,0.,0.));
#4573=DIRECTION('',(-1.,0.,0.));
#4574=DIRECTION('',(0.,-1.,0.));
#4575=DIRECTION('',(0.,-1.,0.));
#4576=DIRECTION('center_axis',(1.,0.,-8.67361737988404E-17));
#4577=DIRECTION('ref_axis',(8.67361737988404E-17,0.,1.));
#4578=DIRECTION('',(-8.67361737988404E-17,0.,-1.));
#4579=DIRECTION('',(0.,-1.,0.));
#4580=DIRECTION('center_axis',(2.01280891869065E-16,0.,1.));
#4581=DIRECTION('ref_axis',(-1.,0.,2.01280891869065E-16));
#4582=DIRECTION('',(1.,0.,-2.01280891869065E-16));
#4583=DIRECTION('',(0.,-1.,0.));
#4584=DIRECTION('center_axis',(-1.,0.,0.));
#4585=DIRECTION('ref_axis',(0.,0.,-1.));
#4586=DIRECTION('',(0.,0.,1.));
#4587=DIRECTION('',(0.,-1.,0.));
#4588=DIRECTION('center_axis',(0.,-1.,0.));
#4589=DIRECTION('ref_axis',(1.,0.,0.));
#4590=DIRECTION('center_axis',(0.,-1.,0.));
#4591=DIRECTION('ref_axis',(1.,0.,0.));
#4592=DIRECTION('center_axis',(0.,0.,1.));
#4593=DIRECTION('ref_axis',(-1.,0.,0.));
#4594=DIRECTION('',(1.,0.,0.));
#4595=DIRECTION('',(0.,-1.,0.));
#4596=DIRECTION('',(-1.,0.,0.));
#4597=DIRECTION('',(0.,-1.,0.));
#4598=DIRECTION('center_axis',(-1.,0.,2.60208521396521E-16));
#4599=DIRECTION('ref_axis',(-2.60208521396521E-16,0.,-1.));
#4600=DIRECTION('',(2.60208521396521E-16,0.,1.));
#4601=DIRECTION('',(-2.60208521396521E-16,0.,-1.));
#4602=DIRECTION('center_axis',(0.,-1.,0.));
#4603=DIRECTION('ref_axis',(-1.,0.,0.));
#4604=DIRECTION('center_axis',(0.,-1.,0.));
#4605=DIRECTION('ref_axis',(-1.,0.,0.));
#4606=DIRECTION('center_axis',(0.,1.,0.));
#4607=DIRECTION('ref_axis',(-1.,0.,0.));
#4608=DIRECTION('center_axis',(-1.27124773812041E-16,0.,-1.));
#4609=DIRECTION('ref_axis',(1.,0.,-1.27124773812041E-16));
#4610=DIRECTION('',(0.,1.,0.));
#4611=DIRECTION('',(0.,-1.,0.));
#4612=DIRECTION('',(-1.,0.,1.27124773812041E-16));
#4613=DIRECTION('center_axis',(1.,0.,0.));
#4614=DIRECTION('ref_axis',(0.,0.,1.));
#4615=DIRECTION('',(0.,0.,-1.));
#4616=DIRECTION('',(0.,-1.,0.));
#4617=DIRECTION('center_axis',(3.38999396832109E-16,0.,1.));
#4618=DIRECTION('ref_axis',(-1.,0.,3.38999396832109E-16));
#4619=DIRECTION('',(-1.,0.,3.38999396832109E-16));
#4620=DIRECTION('',(1.,0.,-3.38999396832109E-16));
#4621=DIRECTION('center_axis',(1.,0.,-1.30104260698261E-16));
#4622=DIRECTION('ref_axis',(1.30104260698261E-16,0.,1.));
#4623=DIRECTION('',(0.,1.,0.));
#4624=DIRECTION('',(1.30104260698261E-16,0.,1.));
#4625=DIRECTION('',(-1.30104260698261E-16,0.,-1.));
#4626=DIRECTION('center_axis',(8.47498492080273E-17,0.,-1.));
#4627=DIRECTION('ref_axis',(1.,0.,8.47498492080273E-17));
#4628=DIRECTION('',(0.,1.,0.));
#4629=DIRECTION('',(1.,0.,8.47498492080273E-17));
#4630=DIRECTION('',(0.,-1.,0.));
#4631=DIRECTION('',(-1.,0.,-8.47498492080273E-17));
#4632=DIRECTION('center_axis',(1.,0.,-1.30104260698261E-16));
#4633=DIRECTION('ref_axis',(1.30104260698261E-16,0.,1.));
#4634=DIRECTION('',(-1.30104260698261E-16,0.,-1.));
#4635=DIRECTION('',(1.30104260698261E-16,0.,1.));
#4636=DIRECTION('center_axis',(1.,0.,-8.67361737988404E-17));
#4637=DIRECTION('ref_axis',(8.67361737988404E-17,0.,1.));
#4638=DIRECTION('',(0.,1.,0.));
#4639=DIRECTION('',(0.,-1.,0.));
#4640=DIRECTION('',(-8.67361737988404E-17,0.,-1.));
#4641=DIRECTION('center_axis',(0.,0.,1.));
#4642=DIRECTION('ref_axis',(-1.,0.,0.));
#4643=DIRECTION('',(1.,0.,0.));
#4644=DIRECTION('',(0.,-1.,0.));
#4645=DIRECTION('center_axis',(0.,-1.,0.));
#4646=DIRECTION('ref_axis',(0.,0.,-1.));
#4647=DIRECTION('center_axis',(0.,-1.,0.));
#4648=DIRECTION('ref_axis',(0.,0.,-1.));
#4649=DIRECTION('',(0.,-1.,0.));
#4650=DIRECTION('center_axis',(-1.,0.,0.));
#4651=DIRECTION('ref_axis',(0.,0.,-1.));
#4652=DIRECTION('',(0.,0.,1.));
#4653=DIRECTION('center_axis',(3.38999396832109E-16,0.,1.));
#4654=DIRECTION('ref_axis',(-1.,0.,3.38999396832109E-16));
#4655=DIRECTION('',(0.,1.,0.));
#4656=DIRECTION('',(0.,-1.,0.));
#4657=DIRECTION('',(1.,0.,-3.38999396832109E-16));
#4658=DIRECTION('center_axis',(-1.,0.,0.));
#4659=DIRECTION('ref_axis',(0.,0.,-1.));
#4660=DIRECTION('',(0.,0.,1.));
#4661=DIRECTION('',(0.,-1.,0.));
#4662=DIRECTION('center_axis',(-1.27124773812041E-16,0.,-1.));
#4663=DIRECTION('ref_axis',(1.,0.,-1.27124773812041E-16));
#4664=DIRECTION('',(-1.,0.,1.27124773812041E-16));
#4665=DIRECTION('center_axis',(-1.,0.,1.73472347597681E-16));
#4666=DIRECTION('ref_axis',(-1.73472347597681E-16,0.,-1.));
#4667=DIRECTION('',(0.,1.,0.));
#4668=DIRECTION('',(1.73472347597681E-16,0.,1.));
#4669=DIRECTION('center_axis',(-2.11874623020068E-16,0.,1.));
#4670=DIRECTION('ref_axis',(-1.,0.,-2.11874623020068E-16));
#4671=DIRECTION('',(0.,1.,0.));
#4672=DIRECTION('',(0.,-1.,0.));
#4673=DIRECTION('',(1.,0.,2.11874623020068E-16));
#4674=DIRECTION('center_axis',(-1.,0.,1.73472347597681E-16));
#4675=DIRECTION('ref_axis',(-1.73472347597681E-16,0.,-1.));
#4676=DIRECTION('',(1.73472347597681E-16,0.,1.));
#4677=DIRECTION('',(0.,-1.,0.));
#4678=DIRECTION('center_axis',(-1.23549389548577E-15,0.,-1.));
#4679=DIRECTION('ref_axis',(1.,0.,-1.23549389548577E-15));
#4680=DIRECTION('',(-1.,0.,1.23549389548577E-15));
#4681=DIRECTION('center_axis',(-1.23549389548577E-15,0.,-1.));
#4682=DIRECTION('ref_axis',(1.,0.,-1.23549389548577E-15));
#4683=DIRECTION('',(-1.,0.,1.23549389548577E-15));
#4684=DIRECTION('',(0.,-1.,0.));
#4685=DIRECTION('center_axis',(1.,0.,0.));
#4686=DIRECTION('ref_axis',(0.,0.,1.));
#4687=DIRECTION('',(0.,0.,-1.));
#4688=DIRECTION('center_axis',(1.,0.,0.));
#4689=DIRECTION('ref_axis',(0.,0.,1.));
#4690=DIRECTION('',(0.,0.,-1.));
#4691=DIRECTION('',(0.,-1.,0.));
#4692=DIRECTION('',(0.,-1.,0.));
#4693=DIRECTION('center_axis',(2.01280891869065E-16,0.,1.));
#4694=DIRECTION('ref_axis',(-1.,0.,2.01280891869065E-16));
#4695=DIRECTION('',(1.,0.,-2.01280891869065E-16));
#4696=DIRECTION('',(0.,-1.,0.));
#4697=DIRECTION('center_axis',(-1.,0.,2.60208521396521E-16));
#4698=DIRECTION('ref_axis',(-2.60208521396521E-16,0.,-1.));
#4699=DIRECTION('',(2.60208521396521E-16,0.,1.));
#4700=DIRECTION('',(0.,-1.,0.));
#4701=DIRECTION('center_axis',(0.,0.,-1.));
#4702=DIRECTION('ref_axis',(1.,0.,0.));
#4703=DIRECTION('',(-1.,0.,0.));
#4704=DIRECTION('',(0.,-1.,0.));
#4705=DIRECTION('center_axis',(0.,-1.,0.));
#4706=DIRECTION('ref_axis',(0.,0.,1.));
#4707=DIRECTION('center_axis',(0.,-1.,0.));
#4708=DIRECTION('ref_axis',(0.,0.,1.));
#4709=DIRECTION('center_axis',(0.,0.,1.));
#4710=DIRECTION('ref_axis',(-1.,0.,0.));
#4711=DIRECTION('',(1.,0.,0.));
#4712=DIRECTION('',(0.,-1.,0.));
#4713=DIRECTION('',(0.,-1.,0.));
#4714=DIRECTION('center_axis',(0.,-1.,0.));
#4715=DIRECTION('ref_axis',(1.,0.,0.));
#4716=DIRECTION('center_axis',(0.,1.,0.));
#4717=DIRECTION('ref_axis',(1.,0.,0.));
#4718=DIRECTION('',(0.,-1.,0.));
#4719=DIRECTION('center_axis',(1.,0.,0.));
#4720=DIRECTION('ref_axis',(0.,0.,1.));
#4721=DIRECTION('',(0.,0.,-1.));
#4722=DIRECTION('',(0.,-1.,0.));
#4723=DIRECTION('center_axis',(0.,-1.,0.));
#4724=DIRECTION('ref_axis',(0.,0.,-1.));
#4725=DIRECTION('center_axis',(0.,1.,0.));
#4726=DIRECTION('ref_axis',(0.,0.,-1.));
#4727=DIRECTION('',(0.,-1.,0.));
#4728=DIRECTION('center_axis',(0.,0.,-1.));
#4729=DIRECTION('ref_axis',(1.,0.,0.));
#4730=DIRECTION('',(1.,0.,0.));
#4731=DIRECTION('',(0.,-1.,0.));
#4732=DIRECTION('',(-1.,0.,0.));
#4733=DIRECTION('center_axis',(0.,-1.,0.));
#4734=DIRECTION('ref_axis',(-1.,0.,0.));
#4735=DIRECTION('center_axis',(0.,1.,0.));
#4736=DIRECTION('ref_axis',(-1.,0.,0.));
#4737=DIRECTION('center_axis',(0.,-1.,0.));
#4738=DIRECTION('ref_axis',(-1.,0.,0.));
#4739=DIRECTION('',(0.,-1.,0.));
#4740=DIRECTION('center_axis',(-1.,0.,0.));
#4741=DIRECTION('ref_axis',(0.,0.,-1.));
#4742=DIRECTION('',(0.,-1.,0.));
#4743=DIRECTION('',(0.,0.,1.));
#4744=DIRECTION('',(0.,0.,-1.));
#4745=DIRECTION('center_axis',(0.,-1.,0.));
#4746=DIRECTION('ref_axis',(0.,0.,1.));
#4747=DIRECTION('center_axis',(0.,1.,0.));
#4748=DIRECTION('ref_axis',(0.,0.,1.));
#4749=DIRECTION('center_axis',(0.,-1.,0.));
#4750=DIRECTION('ref_axis',(-1.,0.,0.));
#4751=DIRECTION('center_axis',(0.,-1.,0.));
#4752=DIRECTION('ref_axis',(-1.,0.,0.));
#4753=DIRECTION('center_axis',(0.,-1.,0.));
#4754=DIRECTION('ref_axis',(-1.,0.,0.));
#4755=DIRECTION('center_axis',(0.,1.,0.));
#4756=DIRECTION('ref_axis',(0.,0.,1.));
#4757=DIRECTION('center_axis',(0.,-1.,0.));
#4758=DIRECTION('ref_axis',(-1.,0.,0.));
#4759=DIRECTION('center_axis',(0.,1.,0.));
#4760=DIRECTION('ref_axis',(-1.,0.,0.));
#4761=DIRECTION('center_axis',(0.,1.,0.));
#4762=DIRECTION('ref_axis',(0.,0.,1.));
#4763=DIRECTION('center_axis',(0.,1.,0.));
#4764=DIRECTION('ref_axis',(-1.,0.,0.));
#4765=DIRECTION('center_axis',(0.,-1.,0.));
#4766=DIRECTION('ref_axis',(-1.,0.,0.));
#4767=DIRECTION('center_axis',(0.,1.,0.));
#4768=DIRECTION('ref_axis',(0.,0.,1.));
#4769=DIRECTION('center_axis',(0.,1.,0.));
#4770=DIRECTION('ref_axis',(-1.,0.,0.));
#4771=DIRECTION('center_axis',(0.,-1.,0.));
#4772=DIRECTION('ref_axis',(-1.,0.,0.));
#4773=DIRECTION('center_axis',(0.,1.,0.));
#4774=DIRECTION('ref_axis',(0.,0.,1.));
#4775=DIRECTION('center_axis',(0.,-1.,0.));
#4776=DIRECTION('ref_axis',(-1.,0.,0.));
#4777=DIRECTION('center_axis',(0.,1.,0.));
#4778=DIRECTION('ref_axis',(-1.,0.,0.));
#4779=DIRECTION('center_axis',(0.,1.,0.));
#4780=DIRECTION('ref_axis',(0.,0.,1.));
#4781=DIRECTION('center_axis',(0.,-1.,0.));
#4782=DIRECTION('ref_axis',(-1.,0.,0.));
#4783=DIRECTION('center_axis',(0.,1.,0.));
#4784=DIRECTION('ref_axis',(-1.,0.,0.));
#4785=DIRECTION('center_axis',(0.,1.,0.));
#4786=DIRECTION('ref_axis',(0.,0.,1.));
#4787=DIRECTION('center_axis',(0.,1.,0.));
#4788=DIRECTION('ref_axis',(-1.,0.,0.));
#4789=DIRECTION('center_axis',(0.,-1.,0.));
#4790=DIRECTION('ref_axis',(-1.,0.,0.));
#4791=DIRECTION('center_axis',(0.,1.,0.));
#4792=DIRECTION('ref_axis',(0.,0.,1.));
#4793=DIRECTION('center_axis',(0.,1.,0.));
#4794=DIRECTION('ref_axis',(-1.,0.,0.));
#4795=DIRECTION('center_axis',(0.,-1.,0.));
#4796=DIRECTION('ref_axis',(-1.,0.,0.));
#4797=DIRECTION('center_axis',(0.,1.,0.));
#4798=DIRECTION('ref_axis',(0.,0.,1.));
#4799=DIRECTION('center_axis',(0.,-1.,0.));
#4800=DIRECTION('ref_axis',(-1.,0.,0.));
#4801=DIRECTION('center_axis',(0.,1.,0.));
#4802=DIRECTION('ref_axis',(-1.,0.,0.));
#4803=DIRECTION('center_axis',(0.,1.,0.));
#4804=DIRECTION('ref_axis',(1.,0.,0.));
#4805=DIRECTION('',(1.,0.,0.));
#4806=DIRECTION('',(0.,0.,1.));
#4807=DIRECTION('',(-1.,0.,0.));
#4808=DIRECTION('',(0.,0.,-1.));
#4809=DIRECTION('center_axis',(0.,1.,0.));
#4810=DIRECTION('ref_axis',(1.,0.,0.));
#4811=DIRECTION('center_axis',(0.,1.,0.));
#4812=DIRECTION('ref_axis',(1.,0.,0.));
#4813=DIRECTION('center_axis',(0.,1.,0.));
#4814=DIRECTION('ref_axis',(1.,0.,0.));
#4815=DIRECTION('center_axis',(0.,1.,0.));
#4816=DIRECTION('ref_axis',(1.,0.,0.));
#4817=DIRECTION('center_axis',(0.,1.,0.));
#4818=DIRECTION('ref_axis',(1.,0.,0.));
#4819=DIRECTION('center_axis',(0.,1.,0.));
#4820=DIRECTION('ref_axis',(1.,0.,0.));
#4821=DIRECTION('center_axis',(0.,1.,0.));
#4822=DIRECTION('ref_axis',(1.,0.,0.));
#4823=DIRECTION('center_axis',(0.,1.,0.));
#4824=DIRECTION('ref_axis',(1.,0.,0.));
#4825=DIRECTION('center_axis',(0.,1.,0.));
#4826=DIRECTION('ref_axis',(1.,0.,0.));
#4827=DIRECTION('center_axis',(0.,1.,0.));
#4828=DIRECTION('ref_axis',(1.,0.,0.));
#4829=DIRECTION('center_axis',(0.,1.,0.));
#4830=DIRECTION('ref_axis',(1.,0.,0.));
#4831=DIRECTION('center_axis',(0.,1.,0.));
#4832=DIRECTION('ref_axis',(1.,0.,0.));
#4833=DIRECTION('center_axis',(0.,-1.,0.));
#4834=DIRECTION('ref_axis',(-1.,0.,0.));
#4835=DIRECTION('center_axis',(0.,-1.,0.));
#4836=DIRECTION('ref_axis',(-1.,0.,0.));
#4837=DIRECTION('',(0.,1.,0.));
#4838=DIRECTION('center_axis',(0.,-1.,0.));
#4839=DIRECTION('ref_axis',(-1.,0.,0.));
#4840=DIRECTION('center_axis',(0.,-1.,0.));
#4841=DIRECTION('ref_axis',(-1.,0.,0.));
#4842=DIRECTION('',(0.,1.,0.));
#4843=DIRECTION('center_axis',(0.,-1.,0.));
#4844=DIRECTION('ref_axis',(-1.,0.,0.));
#4845=DIRECTION('center_axis',(0.,1.,0.));
#4846=DIRECTION('ref_axis',(-1.,0.,0.));
#4847=DIRECTION('center_axis',(0.,1.,0.));
#4848=DIRECTION('ref_axis',(-1.,0.,0.));
#4849=DIRECTION('center_axis',(0.,1.,0.));
#4850=DIRECTION('ref_axis',(-1.,0.,0.));
#4851=DIRECTION('center_axis',(0.,1.,0.));
#4852=DIRECTION('ref_axis',(-1.,0.,0.));
#4853=DIRECTION('center_axis',(0.,-1.,0.));
#4854=DIRECTION('ref_axis',(-1.,0.,0.));
#4855=DIRECTION('center_axis',(0.,1.,0.));
#4856=DIRECTION('ref_axis',(-1.,0.,0.));
#4857=DIRECTION('center_axis',(0.,1.,0.));
#4858=DIRECTION('ref_axis',(-1.,0.,0.));
#4859=DIRECTION('center_axis',(0.,1.,0.));
#4860=DIRECTION('ref_axis',(-1.,0.,0.));
#4861=DIRECTION('center_axis',(0.,1.,0.));
#4862=DIRECTION('ref_axis',(-1.,0.,0.));
#4863=DIRECTION('center_axis',(0.,1.,0.));
#4864=DIRECTION('ref_axis',(1.,0.,0.));
#4865=DIRECTION('center_axis',(0.,-1.,0.));
#4866=DIRECTION('ref_axis',(1.,0.,0.));
#4867=DIRECTION('',(0.,-1.,0.));
#4868=DIRECTION('center_axis',(0.,1.,0.));
#4869=DIRECTION('ref_axis',(-0.5,0.,0.866025403784438));
#4870=DIRECTION('center_axis',(0.,-1.,0.));
#4871=DIRECTION('ref_axis',(-0.5,0.,0.866025403784438));
#4872=DIRECTION('',(0.,-1.,0.));
#4873=DIRECTION('center_axis',(0.,1.,0.));
#4874=DIRECTION('ref_axis',(1.,0.,0.));
#4875=DIRECTION('center_axis',(0.,-1.,0.));
#4876=DIRECTION('ref_axis',(1.,0.,0.));
#4877=DIRECTION('',(0.,-1.,0.));
#4878=DIRECTION('',(0.,-1.,0.));
#4879=DIRECTION('center_axis',(0.,1.,0.));
#4880=DIRECTION('ref_axis',(1.,0.,0.));
#4881=DIRECTION('center_axis',(0.,-1.,0.));
#4882=DIRECTION('ref_axis',(1.,0.,0.));
#4883=DIRECTION('',(0.,-1.,0.));
#4884=DIRECTION('center_axis',(0.,1.,0.));
#4885=DIRECTION('ref_axis',(1.,0.,0.));
#4886=DIRECTION('center_axis',(0.,-1.,0.));
#4887=DIRECTION('ref_axis',(1.,0.,0.));
#4888=DIRECTION('',(0.,-1.,0.));
#4889=DIRECTION('',(0.,-1.,0.));
#4890=DIRECTION('center_axis',(0.,1.,0.));
#4891=DIRECTION('ref_axis',(1.,0.,0.));
#4892=DIRECTION('center_axis',(0.,-1.,0.));
#4893=DIRECTION('ref_axis',(1.,0.,0.));
#4894=DIRECTION('',(0.,-1.,0.));
#4895=DIRECTION('center_axis',(0.,1.,0.));
#4896=DIRECTION('ref_axis',(1.,0.,0.));
#4897=DIRECTION('center_axis',(0.,-1.,0.));
#4898=DIRECTION('ref_axis',(1.,0.,0.));
#4899=DIRECTION('',(0.,-1.,0.));
#4900=DIRECTION('center_axis',(0.,1.,0.));
#4901=DIRECTION('ref_axis',(-0.5,0.,-0.866025403784438));
#4902=DIRECTION('center_axis',(0.,-1.,0.));
#4903=DIRECTION('ref_axis',(-0.5,0.,-0.866025403784438));
#4904=DIRECTION('',(0.,-1.,0.));
#4905=DIRECTION('center_axis',(1.,0.,0.));
#4906=DIRECTION('ref_axis',(0.,0.,-1.));
#4907=DIRECTION('',(0.,1.,0.));
#4908=DIRECTION('',(0.,0.,-1.));
#4909=DIRECTION('',(0.,1.,0.));
#4910=DIRECTION('center_axis',(0.,0.,1.));
#4911=DIRECTION('ref_axis',(1.,0.,0.));
#4912=DIRECTION('',(1.,0.,0.));
#4913=DIRECTION('',(0.,1.,0.));
#4914=DIRECTION('center_axis',(-1.,0.,0.));
#4915=DIRECTION('ref_axis',(0.,0.,1.));
#4916=DIRECTION('',(0.,0.,1.));
#4917=DIRECTION('',(0.,1.,0.));
#4918=DIRECTION('center_axis',(0.,0.,-1.));
#4919=DIRECTION('ref_axis',(-1.,0.,0.));
#4920=DIRECTION('',(-1.,0.,0.));
#4921=DIRECTION('center_axis',(0.,1.,0.));
#4922=DIRECTION('ref_axis',(1.,0.,0.));
#4923=DIRECTION('axis',(0.,0.,1.));
#4924=DIRECTION('refdir',(1.,0.,0.));
#4925=DIRECTION('center_axis',(0.,0.,-1.));
#4926=DIRECTION('ref_axis',(-1.,0.,0.));
#4927=DIRECTION('center_axis',(0.,0.,-1.));
#4928=DIRECTION('ref_axis',(-1.,0.,0.));
#4929=DIRECTION('center_axis',(0.,0.,-1.));
#4930=DIRECTION('ref_axis',(-1.,0.,0.));
#4931=DIRECTION('',(0.,0.,-1.));
#4932=DIRECTION('center_axis',(0.,0.,1.));
#4933=DIRECTION('ref_axis',(-1.,0.,0.));
#4934=DIRECTION('center_axis',(0.,0.,-1.));
#4935=DIRECTION('ref_axis',(-1.,0.,0.));
#4936=DIRECTION('center_axis',(0.,0.,-1.));
#4937=DIRECTION('ref_axis',(-1.,0.,0.));
#4938=DIRECTION('center_axis',(0.,0.,-1.));
#4939=DIRECTION('ref_axis',(-1.,0.,0.));
#4940=DIRECTION('',(0.,0.,-1.));
#4941=DIRECTION('center_axis',(0.,0.,1.));
#4942=DIRECTION('ref_axis',(-1.,0.,0.));
#4943=DIRECTION('center_axis',(0.,0.,-1.));
#4944=DIRECTION('ref_axis',(-1.,0.,0.));
#4945=DIRECTION('center_axis',(0.,0.,-1.));
#4946=DIRECTION('ref_axis',(-1.,0.,0.));
#4947=DIRECTION('center_axis',(0.,0.,-1.));
#4948=DIRECTION('ref_axis',(-1.,0.,0.));
#4949=DIRECTION('',(0.,0.,-1.));
#4950=DIRECTION('center_axis',(0.,0.,1.));
#4951=DIRECTION('ref_axis',(-1.,0.,0.));
#4952=DIRECTION('center_axis',(0.,0.,-1.));
#4953=DIRECTION('ref_axis',(-1.,0.,0.));
#4954=DIRECTION('center_axis',(0.,0.,-1.));
#4955=DIRECTION('ref_axis',(-1.,0.,0.));
#4956=DIRECTION('',(0.,0.,-1.));
#4957=DIRECTION('center_axis',(0.,0.,1.));
#4958=DIRECTION('ref_axis',(-1.,0.,0.));
#4959=DIRECTION('center_axis',(0.,0.,1.));
#4960=DIRECTION('ref_axis',(1.,0.,0.));
#4961=DIRECTION('',(-1.,0.,0.));
#4962=DIRECTION('',(0.,1.,0.));
#4963=DIRECTION('',(1.,0.,0.));
#4964=DIRECTION('',(0.,1.,0.));
#4965=DIRECTION('',(-2.26576127474522E-16,1.,0.));
#4966=DIRECTION('center_axis',(0.,0.,1.));
#4967=DIRECTION('ref_axis',(0.707106781186547,-0.707106781186547,0.));
#4968=DIRECTION('',(1.,0.,0.));
#4969=DIRECTION('',(1.,0.,0.));
#4970=DIRECTION('center_axis',(0.,0.,1.));
#4971=DIRECTION('ref_axis',(-0.707106781186547,-0.707106781186547,0.));
#4972=DIRECTION('',(0.,-1.,0.));
#4973=DIRECTION('',(0.,-1.,0.));
#4974=DIRECTION('center_axis',(0.,0.,1.));
#4975=DIRECTION('ref_axis',(-0.707106781186548,0.707106781186547,0.));
#4976=DIRECTION('',(-1.,2.77555756156289E-17,0.));
#4977=DIRECTION('',(-1.,2.77555756156289E-17,0.));
#4978=DIRECTION('center_axis',(0.,0.,1.));
#4979=DIRECTION('ref_axis',(0.707106781186548,0.707106781186547,0.));
#4980=DIRECTION('',(-2.26576127474522E-16,1.,0.));
#4981=DIRECTION('center_axis',(0.,0.,1.));
#4982=DIRECTION('ref_axis',(-1.,0.,0.));
#4983=DIRECTION('',(-1.,0.,0.));
#4984=DIRECTION('',(0.,1.,0.));
#4985=DIRECTION('',(1.,0.,0.));
#4986=DIRECTION('',(0.,-1.,0.));
#4987=DIRECTION('center_axis',(-1.65088925594819E-16,0.,1.));
#4988=DIRECTION('ref_axis',(1.,0.,1.61486985400023E-16));
#4989=DIRECTION('center_axis',(0.,0.,-1.));
#4990=DIRECTION('ref_axis',(1.,0.,0.));
#4991=DIRECTION('center_axis',(0.,-1.,0.));
#4992=DIRECTION('ref_axis',(-1.,0.,-2.01858731750028E-16));
#4993=DIRECTION('center_axis',(1.65088925594819E-16,0.,-1.));
#4994=DIRECTION('ref_axis',(1.,0.,1.65088925594819E-16));
#4995=DIRECTION('center_axis',(1.65088925594819E-16,0.,-1.));
#4996=DIRECTION('ref_axis',(-1.,0.,-1.65088925594819E-16));
#4997=DIRECTION('',(1.,0.,1.65088925594819E-16));
#4998=DIRECTION('',(0.,1.,0.));
#4999=DIRECTION('',(-1.,0.,-1.65088925594819E-16));
#5000=DIRECTION('',(0.,1.,0.));
#5001=DIRECTION('center_axis',(0.,0.,1.));
#5002=DIRECTION('ref_axis',(1.,0.,0.));
#5003=DIRECTION('center_axis',(0.,0.,1.));
#5004=DIRECTION('ref_axis',(1.,0.,0.));
#5005=DIRECTION('center_axis',(0.,0.,-1.));
#5006=DIRECTION('ref_axis',(1.,0.,0.));
#5007=DIRECTION('center_axis',(0.,0.,-1.));
#5008=DIRECTION('ref_axis',(1.,0.,0.));
#5009=DIRECTION('',(0.,0.,-1.));
#5010=DIRECTION('center_axis',(2.26576127474522E-16,-1.,0.));
#5011=DIRECTION('ref_axis',(-0.707106781186542,0.,-0.707106781186553));
#5012=DIRECTION('center_axis',(0.,1.,0.));
#5013=DIRECTION('ref_axis',(0.,0.,-1.));
#5014=DIRECTION('',(-2.26576127474522E-16,1.,0.));
#5015=DIRECTION('center_axis',(0.,-1.,0.));
#5016=DIRECTION('ref_axis',(-1.,0.,0.));
#5017=DIRECTION('center_axis',(0.,0.,-1.));
#5018=DIRECTION('ref_axis',(-1.,0.,0.));
#5019=DIRECTION('center_axis',(0.,0.,1.));
#5020=DIRECTION('ref_axis',(1.,0.,0.));
#5021=DIRECTION('center_axis',(-1.,0.,0.));
#5022=DIRECTION('ref_axis',(0.,1.,0.));
#5023=DIRECTION('center_axis',(-1.,0.,0.));
#5024=DIRECTION('ref_axis',(0.,0.707106781186547,-0.707106781186547));
#5025=DIRECTION('',(1.,0.,0.));
#5026=DIRECTION('center_axis',(-1.,0.,0.));
#5027=DIRECTION('ref_axis',(0.,1.,0.));
#5028=DIRECTION('center_axis',(0.,0.,-1.));
#5029=DIRECTION('ref_axis',(-1.,0.,0.));
#5030=DIRECTION('center_axis',(0.,0.,1.));
#5031=DIRECTION('ref_axis',(0.,-1.,0.));
#5032=DIRECTION('center_axis',(0.,1.,0.));
#5033=DIRECTION('ref_axis',(1.,0.,0.));
#5034=DIRECTION('center_axis',(0.,1.,0.));
#5035=DIRECTION('ref_axis',(0.707106781186542,0.,-0.707106781186553));
#5036=DIRECTION('',(0.,-1.,0.));
#5037=DIRECTION('center_axis',(0.,1.,0.));
#5038=DIRECTION('ref_axis',(1.,0.,0.));
#5039=DIRECTION('center_axis',(0.,0.,-1.));
#5040=DIRECTION('ref_axis',(-1.,0.,0.));
#5041=DIRECTION('center_axis',(0.,0.,1.));
#5042=DIRECTION('ref_axis',(-1.,0.,0.));
#5043=DIRECTION('center_axis',(1.,0.,0.));
#5044=DIRECTION('ref_axis',(0.,-1.,0.));
#5045=DIRECTION('center_axis',(1.,-2.77555756156289E-17,0.));
#5046=DIRECTION('ref_axis',(0.,-0.707106781186544,-0.707106781186551));
#5047=DIRECTION('',(-1.,2.77555756156289E-17,0.));
#5048=DIRECTION('center_axis',(1.,0.,0.));
#5049=DIRECTION('ref_axis',(0.,-1.,0.));
#5050=DIRECTION('center_axis',(0.,0.,-1.));
#5051=DIRECTION('ref_axis',(-1.,0.,0.));
#5052=DIRECTION('center_axis',(0.,0.,1.));
#5053=DIRECTION('ref_axis',(0.,1.,0.));
#5054=DIRECTION('center_axis',(0.,0.,-1.));
#5055=DIRECTION('ref_axis',(-1.,0.,0.));
#5056=DIRECTION('center_axis',(0.,0.,-1.));
#5057=DIRECTION('ref_axis',(1.,0.,0.));
#5058=DIRECTION('',(-1.,0.,0.));
#5059=DIRECTION('center_axis',(0.,0.,-1.));
#5060=DIRECTION('ref_axis',(0.,-1.,0.));
#5061=DIRECTION('',(0.,1.,0.));
#5062=DIRECTION('center_axis',(0.,0.,-1.));
#5063=DIRECTION('ref_axis',(-1.,0.,0.));
#5064=DIRECTION('',(1.,0.,0.));
#5065=DIRECTION('center_axis',(0.,0.,-1.));
#5066=DIRECTION('ref_axis',(0.,1.,0.));
#5067=DIRECTION('',(0.,-1.,0.));
#5068=DIRECTION('center_axis',(1.,0.,0.));
#5069=DIRECTION('ref_axis',(0.,-0.707106781186542,-0.707106781186553));
#5070=DIRECTION('center_axis',(-0.707106781186548,-0.707106781186548,0.));
#5071=DIRECTION('ref_axis',(-0.707106781186547,0.707106781186547,0.));
#5072=DIRECTION('',(-1.,0.,0.));
#5073=DIRECTION('center_axis',(0.707106781186548,-0.707106781186548,0.));
#5074=DIRECTION('ref_axis',(-0.707106781186547,-0.707106781186547,0.));
#5075=DIRECTION('center_axis',(0.,1.,0.));
#5076=DIRECTION('ref_axis',(0.707106781186542,0.,-0.707106781186553));
#5077=DIRECTION('',(0.,-1.,0.));
#5078=DIRECTION('center_axis',(-0.707106781186548,0.707106781186548,0.));
#5079=DIRECTION('ref_axis',(0.707106781186547,0.707106781186547,0.));
#5080=DIRECTION('center_axis',(0.,-1.,0.));
#5081=DIRECTION('ref_axis',(-0.707106781186545,0.,-0.70710678118655));
#5082=DIRECTION('',(0.,1.,0.));
#5083=DIRECTION('center_axis',(-0.707106781186548,-0.707106781186548,0.));
#5084=DIRECTION('ref_axis',(-0.707106781186548,0.707106781186548,0.));
#5085=DIRECTION('center_axis',(-1.,0.,0.));
#5086=DIRECTION('ref_axis',(0.,0.707106781186542,-0.707106781186553));
#5087=DIRECTION('',(1.,0.,0.));
#5088=DIRECTION('center_axis',(0.,0.,1.));
#5089=DIRECTION('ref_axis',(1.,0.,0.));
#5090=DIRECTION('',(1.,0.,0.));
#5091=DIRECTION('',(0.,-1.,0.));
#5092=DIRECTION('',(-1.,0.,0.));
#5093=DIRECTION('',(0.,1.,0.));
#5094=DIRECTION('center_axis',(0.,0.,-1.));
#5095=DIRECTION('ref_axis',(-1.,0.,0.));
#5096=DIRECTION('center_axis',(0.,0.,1.));
#5097=DIRECTION('ref_axis',(-1.,0.,0.));
#5098=DIRECTION('center_axis',(0.,-1.,0.));
#5099=DIRECTION('ref_axis',(1.,0.,0.));
#5100=DIRECTION('center_axis',(0.,0.,-1.));
#5101=DIRECTION('ref_axis',(-1.,0.,0.));
#5102=DIRECTION('center_axis',(0.,0.,-1.));
#5103=DIRECTION('ref_axis',(-1.,0.,0.));
#5104=DIRECTION('center_axis',(0.,1.,0.));
#5105=DIRECTION('ref_axis',(-1.,0.,0.));
#5106=DIRECTION('',(0.,0.,1.));
#5107=DIRECTION('',(-1.,0.,0.));
#5108=DIRECTION('',(0.,0.,1.));
#5109=DIRECTION('center_axis',(0.,0.,1.));
#5110=DIRECTION('ref_axis',(0.,1.,0.));
#5111=DIRECTION('center_axis',(0.,0.,1.));
#5112=DIRECTION('ref_axis',(0.,1.,0.));
#5113=DIRECTION('',(0.,0.,1.));
#5114=DIRECTION('center_axis',(1.,0.,0.));
#5115=DIRECTION('ref_axis',(0.,1.,0.));
#5116=DIRECTION('',(0.,1.,0.));
#5117=DIRECTION('',(0.,0.,1.));
#5118=DIRECTION('center_axis',(0.,0.,1.));
#5119=DIRECTION('ref_axis',(1.,0.,0.));
#5120=DIRECTION('center_axis',(0.,0.,1.));
#5121=DIRECTION('ref_axis',(1.,0.,0.));
#5122=DIRECTION('',(0.,0.,1.));
#5123=DIRECTION('center_axis',(0.,-1.,0.));
#5124=DIRECTION('ref_axis',(1.,0.,0.));
#5125=DIRECTION('',(1.,0.,0.));
#5126=DIRECTION('',(0.,0.,1.));
#5127=DIRECTION('center_axis',(0.,0.,1.));
#5128=DIRECTION('ref_axis',(0.,-1.,0.));
#5129=DIRECTION('center_axis',(0.,0.,1.));
#5130=DIRECTION('ref_axis',(0.,-1.,0.));
#5131=DIRECTION('',(0.,0.,1.));
#5132=DIRECTION('center_axis',(-1.,0.,0.));
#5133=DIRECTION('ref_axis',(0.,-1.,0.));
#5134=DIRECTION('',(0.,-1.,0.));
#5135=DIRECTION('',(0.,0.,1.));
#5136=DIRECTION('center_axis',(0.,0.,1.));
#5137=DIRECTION('ref_axis',(-1.,0.,0.));
#5138=DIRECTION('center_axis',(0.,0.,1.));
#5139=DIRECTION('ref_axis',(-1.,0.,0.));
#5140=DIRECTION('center_axis',(0.,0.,1.));
#5141=DIRECTION('ref_axis',(-1.,0.,0.));
#5142=DIRECTION('center_axis',(0.,0.,1.));
#5143=DIRECTION('ref_axis',(-1.,0.,0.));
#5144=DIRECTION('',(0.,0.,1.));
#5145=DIRECTION('center_axis',(-1.,0.,0.));
#5146=DIRECTION('ref_axis',(0.,-1.,0.));
#5147=DIRECTION('',(0.,0.,1.));
#5148=DIRECTION('',(0.,-1.,0.));
#5149=DIRECTION('',(0.,0.,1.));
#5150=DIRECTION('center_axis',(0.,1.,0.));
#5151=DIRECTION('ref_axis',(-1.,0.,0.));
#5152=DIRECTION('',(-1.,0.,0.));
#5153=DIRECTION('',(0.,0.,1.));
#5154=DIRECTION('center_axis',(1.,0.,0.));
#5155=DIRECTION('ref_axis',(0.,1.,0.));
#5156=DIRECTION('',(0.,1.,0.));
#5157=DIRECTION('',(0.,0.,1.));
#5158=DIRECTION('center_axis',(0.,-1.,0.));
#5159=DIRECTION('ref_axis',(1.,0.,0.));
#5160=DIRECTION('',(1.,0.,0.));
#5161=DIRECTION('center_axis',(-1.,0.,-1.68855212870746E-16));
#5162=DIRECTION('ref_axis',(-1.68855212870746E-16,0.,1.));
#5163=DIRECTION('',(1.68855212870746E-16,0.,-1.));
#5164=DIRECTION('',(-1.68855212870746E-16,0.,1.));
#5165=DIRECTION('center_axis',(1.,0.,1.68855212870746E-16));
#5166=DIRECTION('ref_axis',(1.68855212870746E-16,0.,-1.));
#5167=DIRECTION('',(-1.68855212870746E-16,0.,1.));
#5168=DIRECTION('',(1.68855212870746E-16,0.,-1.));
#5169=DIRECTION('center_axis',(0.,1.,0.));
#5170=DIRECTION('ref_axis',(0.,0.,1.));
#5171=DIRECTION('',(0.,0.,-1.));
#5172=DIRECTION('',(-1.,0.,0.));
#5173=DIRECTION('',(0.,0.,1.));
#5174=DIRECTION('',(1.,0.,0.));
#5175=DIRECTION('center_axis',(0.,0.,-1.));
#5176=DIRECTION('ref_axis',(1.,0.,0.));
#5177=DIRECTION('',(0.,1.,0.));
#5178=DIRECTION('',(1.,0.,0.));
#5179=DIRECTION('',(0.,-1.,0.));
#5180=DIRECTION('center_axis',(-1.,0.,0.));
#5181=DIRECTION('ref_axis',(0.,0.,-1.));
#5182=DIRECTION('',(0.,0.,-1.));
#5183=DIRECTION('',(0.,-1.,0.));
#5184=DIRECTION('center_axis',(0.,0.,1.));
#5185=DIRECTION('ref_axis',(-1.,0.,0.));
#5186=DIRECTION('',(-1.,0.,0.));
#5187=DIRECTION('',(0.,-1.,0.));
#5188=DIRECTION('center_axis',(1.,0.,0.));
#5189=DIRECTION('ref_axis',(0.,0.,1.));
#5190=DIRECTION('',(0.,0.,1.));
#5191=DIRECTION('center_axis',(0.,-1.,0.));
#5192=DIRECTION('ref_axis',(0.,0.,-1.));
#5193=DIRECTION('center_axis',(0.,-1.,0.));
#5194=DIRECTION('ref_axis',(-1.,0.,0.));
#5195=DIRECTION('axis',(0.,0.,1.));
#5196=DIRECTION('refdir',(1.,0.,0.));
#5197=DIRECTION('center_axis',(1.11022302462516E-16,-1.,0.));
#5198=DIRECTION('ref_axis',(-1.,-1.11022302462516E-16,0.));
#5199=DIRECTION('',(1.,1.11022302462516E-16,0.));
#5200=DIRECTION('',(0.,0.,-1.));
#5201=DIRECTION('',(-1.,-1.11022302462516E-16,0.));
#5202=DIRECTION('',(0.,0.,-1.));
#5203=DIRECTION('center_axis',(1.,0.,0.));
#5204=DIRECTION('ref_axis',(0.,-1.,0.));
#5205=DIRECTION('',(0.,1.,0.));
#5206=DIRECTION('',(0.,-1.,0.));
#5207=DIRECTION('',(0.,0.,-1.));
#5208=DIRECTION('center_axis',(0.,1.,0.));
#5209=DIRECTION('ref_axis',(1.,0.,0.));
#5210=DIRECTION('',(-1.,0.,0.));
#5211=DIRECTION('',(1.,0.,0.));
#5212=DIRECTION('',(0.,0.,-1.));
#5213=DIRECTION('center_axis',(0.,0.,-1.));
#5214=DIRECTION('ref_axis',(0.,-1.,0.));
#5215=DIRECTION('center_axis',(0.,0.,-1.));
#5216=DIRECTION('ref_axis',(0.,-1.,0.));
#5217=DIRECTION('center_axis',(0.,0.,-1.));
#5218=DIRECTION('ref_axis',(0.,-1.,0.));
#5219=DIRECTION('center_axis',(0.,0.,-1.));
#5220=DIRECTION('ref_axis',(-1.,0.,0.));
#5221=DIRECTION('center_axis',(0.,0.,-1.));
#5222=DIRECTION('ref_axis',(-1.,0.,0.));
#5223=DIRECTION('center_axis',(0.,0.,-1.));
#5224=DIRECTION('ref_axis',(-1.,0.,0.));
#5225=DIRECTION('center_axis',(0.,0.,-1.));
#5226=DIRECTION('ref_axis',(-1.,0.,0.));
#5227=DIRECTION('',(0.,0.,-1.));
#5228=DIRECTION('center_axis',(0.,0.,1.));
#5229=DIRECTION('ref_axis',(-1.,0.,0.));
#5230=DIRECTION('center_axis',(0.,0.,-1.));
#5231=DIRECTION('ref_axis',(-1.,0.,0.));
#5232=DIRECTION('center_axis',(0.,0.,-1.));
#5233=DIRECTION('ref_axis',(-1.,0.,0.));
#5234=DIRECTION('',(0.,0.,-1.));
#5235=DIRECTION('center_axis',(0.,0.,1.));
#5236=DIRECTION('ref_axis',(-1.,0.,0.));
#5237=DIRECTION('center_axis',(0.,0.,-1.));
#5238=DIRECTION('ref_axis',(-1.,0.,0.));
#5239=DIRECTION('center_axis',(0.,0.,-1.));
#5240=DIRECTION('ref_axis',(-1.,0.,0.));
#5241=DIRECTION('',(0.,0.,-1.));
#5242=DIRECTION('center_axis',(0.,0.,1.));
#5243=DIRECTION('ref_axis',(-1.,0.,0.));
#5244=DIRECTION('center_axis',(0.,0.,-1.));
#5245=DIRECTION('ref_axis',(-1.,0.,0.));
#5246=DIRECTION('center_axis',(0.,0.,-1.));
#5247=DIRECTION('ref_axis',(-1.,0.,0.));
#5248=DIRECTION('',(0.,0.,-1.));
#5249=DIRECTION('center_axis',(0.,0.,1.));
#5250=DIRECTION('ref_axis',(-1.,0.,0.));
#5251=DIRECTION('center_axis',(0.,1.,0.));
#5252=DIRECTION('ref_axis',(0.707106781186542,0.,-0.707106781186553));
#5253=DIRECTION('center_axis',(0.,-1.,0.));
#5254=DIRECTION('ref_axis',(0.,0.,-1.));
#5255=DIRECTION('',(0.,1.,0.));
#5256=DIRECTION('center_axis',(0.,1.,0.));
#5257=DIRECTION('ref_axis',(1.,0.,0.));
#5258=DIRECTION('',(0.,-1.,0.));
#5259=DIRECTION('center_axis',(-1.,0.,0.));
#5260=DIRECTION('ref_axis',(0.,1.,0.));
#5261=DIRECTION('center_axis',(0.,0.,-1.));
#5262=DIRECTION('ref_axis',(0.707106781186547,0.707106781186547,0.));
#5263=DIRECTION('center_axis',(0.,0.,1.));
#5264=DIRECTION('ref_axis',(0.707106781186547,0.707106781186547,0.));
#5265=DIRECTION('center_axis',(-1.,-5.55111512312579E-17,0.));
#5266=DIRECTION('ref_axis',(0.,0.707106781186545,-0.70710678118655));
#5267=DIRECTION('center_axis',(-1.,0.,0.));
#5268=DIRECTION('ref_axis',(0.,1.,0.));
#5269=DIRECTION('',(1.,5.55111512312579E-17,0.));
#5270=DIRECTION('',(-1.,-5.55111512312579E-17,0.));
#5271=DIRECTION('center_axis',(0.,-1.,0.));
#5272=DIRECTION('ref_axis',(-1.,0.,0.));
#5273=DIRECTION('center_axis',(0.,0.,-1.));
#5274=DIRECTION('ref_axis',(-0.707106781186546,0.707106781186549,0.));
#5275=DIRECTION('center_axis',(0.,0.,1.));
#5276=DIRECTION('ref_axis',(-0.707106781186546,0.707106781186549,0.));
#5277=DIRECTION('center_axis',(0.,-1.,0.));
#5278=DIRECTION('ref_axis',(-0.707106781186542,0.,-0.707106781186553));
#5279=DIRECTION('center_axis',(0.,-1.,0.));
#5280=DIRECTION('ref_axis',(-1.,0.,0.));
#5281=DIRECTION('',(0.,1.,0.));
#5282=DIRECTION('',(0.,-1.,0.));
#5283=DIRECTION('center_axis',(1.,-3.70074341541718E-15,0.));
#5284=DIRECTION('ref_axis',(-3.70074341541719E-15,-1.,0.));
#5285=DIRECTION('center_axis',(0.,0.,-1.));
#5286=DIRECTION('ref_axis',(-0.707106781186547,-0.707106781186547,0.));
#5287=DIRECTION('center_axis',(0.,0.,1.));
#5288=DIRECTION('ref_axis',(-0.707106781186548,-0.707106781186548,0.));
#5289=DIRECTION('center_axis',(1.,0.,0.));
#5290=DIRECTION('ref_axis',(0.,-0.707106781186547,-0.707106781186547));
#5291=DIRECTION('center_axis',(1.,0.,0.));
#5292=DIRECTION('ref_axis',(0.,-1.,0.));
#5293=DIRECTION('',(-1.,0.,0.));
#5294=DIRECTION('',(1.,0.,0.));
#5295=DIRECTION('center_axis',(0.,0.,-1.));
#5296=DIRECTION('ref_axis',(0.707106781186542,-0.707106781186553,0.));
#5297=DIRECTION('center_axis',(0.,0.,1.));
#5298=DIRECTION('ref_axis',(0.707106781186542,-0.707106781186553,0.));
#5299=DIRECTION('center_axis',(0.,0.,1.));
#5300=DIRECTION('ref_axis',(-1.,0.,0.));
#5301=DIRECTION('',(0.,0.,1.));
#5302=DIRECTION('center_axis',(0.,0.,-1.));
#5303=DIRECTION('ref_axis',(-1.,0.,0.));
#5304=DIRECTION('',(0.,0.,1.));
#5305=DIRECTION('center_axis',(5.55111512312579E-17,-1.,0.));
#5306=DIRECTION('ref_axis',(1.,5.55111512312579E-17,0.));
#5307=DIRECTION('',(0.,0.,1.));
#5308=DIRECTION('',(1.,5.55111512312579E-17,0.));
#5309=DIRECTION('center_axis',(0.,0.,1.));
#5310=DIRECTION('ref_axis',(0.,1.,0.));
#5311=DIRECTION('',(0.,0.,1.));
#5312=DIRECTION('center_axis',(0.,0.,-1.));
#5313=DIRECTION('ref_axis',(0.,1.,0.));
#5314=DIRECTION('center_axis',(-1.,0.,0.));
#5315=DIRECTION('ref_axis',(0.,-1.,0.));
#5316=DIRECTION('',(0.,0.,1.));
#5317=DIRECTION('',(0.,-1.,0.));
#5318=DIRECTION('center_axis',(0.,0.,-1.));
#5319=DIRECTION('ref_axis',(-1.,0.,0.));
#5320=DIRECTION('center_axis',(1.,0.,0.));
#5321=DIRECTION('ref_axis',(0.,1.,0.));
#5322=DIRECTION('',(0.,1.,0.));
#5323=DIRECTION('',(0.,0.,1.));
#5324=DIRECTION('center_axis',(0.,0.,1.));
#5325=DIRECTION('ref_axis',(-5.55111512312584E-15,-1.,0.));
#5326=DIRECTION('center_axis',(0.,0.,-1.));
#5327=DIRECTION('ref_axis',(-5.55111512312584E-15,-1.,0.));
#5328=DIRECTION('',(0.,0.,1.));
#5329=DIRECTION('center_axis',(0.,1.,0.));
#5330=DIRECTION('ref_axis',(-1.,0.,0.));
#5331=DIRECTION('',(-1.,0.,0.));
#5332=DIRECTION('',(0.,0.,1.));
#5333=DIRECTION('center_axis',(0.,0.,1.));
#5334=DIRECTION('ref_axis',(1.,-5.55111512312584E-15,0.));
#5335=DIRECTION('center_axis',(0.,0.,-1.));
#5336=DIRECTION('ref_axis',(1.,-5.55111512312584E-15,0.));
#5337=DIRECTION('center_axis',(-5.55111512312579E-17,1.,0.));
#5338=DIRECTION('ref_axis',(-1.,-5.55111512312579E-17,0.));
#5339=DIRECTION('',(1.,5.55111512312579E-17,0.));
#5340=DIRECTION('',(0.,0.,1.));
#5341=DIRECTION('',(-1.,-5.55111512312579E-17,0.));
#5342=DIRECTION('',(0.,0.,1.));
#5343=DIRECTION('center_axis',(0.,0.,1.));
#5344=DIRECTION('ref_axis',(0.,1.,0.));
#5345=DIRECTION('center_axis',(0.,0.,-1.));
#5346=DIRECTION('ref_axis',(0.,1.,0.));
#5347=DIRECTION('center_axis',(0.,0.,1.));
#5348=DIRECTION('ref_axis',(0.,1.,0.));
#5349=DIRECTION('',(0.,0.,1.));
#5350=DIRECTION('center_axis',(1.,0.,0.));
#5351=DIRECTION('ref_axis',(0.,1.,0.));
#5352=DIRECTION('',(0.,-1.,0.));
#5353=DIRECTION('',(0.,1.,0.));
#5354=DIRECTION('',(0.,0.,1.));
#5355=DIRECTION('center_axis',(0.,0.,1.));
#5356=DIRECTION('ref_axis',(1.,-3.17206578464332E-15,0.));
#5357=DIRECTION('center_axis',(0.,0.,-1.));
#5358=DIRECTION('ref_axis',(1.,-3.17206578464332E-15,0.));
#5359=DIRECTION('center_axis',(0.,0.,1.));
#5360=DIRECTION('ref_axis',(1.,-3.17206578464332E-15,0.));
#5361=DIRECTION('',(0.,0.,1.));
#5362=DIRECTION('center_axis',(0.,-1.,0.));
#5363=DIRECTION('ref_axis',(1.,0.,0.));
#5364=DIRECTION('',(-1.,0.,0.));
#5365=DIRECTION('',(1.,0.,0.));
#5366=DIRECTION('',(0.,0.,1.));
#5367=DIRECTION('center_axis',(0.,0.,1.));
#5368=DIRECTION('ref_axis',(-3.17206578464332E-15,-1.,0.));
#5369=DIRECTION('center_axis',(0.,0.,-1.));
#5370=DIRECTION('ref_axis',(-3.17206578464332E-15,-1.,0.));
#5371=DIRECTION('center_axis',(0.,0.,1.));
#5372=DIRECTION('ref_axis',(-3.17206578464332E-15,-1.,0.));
#5373=DIRECTION('',(0.,0.,1.));
#5374=DIRECTION('center_axis',(-1.,-2.26576127474522E-16,0.));
#5375=DIRECTION('ref_axis',(2.26576127474522E-16,-1.,0.));
#5376=DIRECTION('',(-2.26576127474522E-16,1.,0.));
#5377=DIRECTION('',(2.26576127474522E-16,-1.,0.));
#5378=DIRECTION('',(0.,0.,1.));
#5379=DIRECTION('center_axis',(0.,0.,1.));
#5380=DIRECTION('ref_axis',(-1.,0.,0.));
#5381=DIRECTION('center_axis',(0.,0.,-1.));
#5382=DIRECTION('ref_axis',(-1.,0.,0.));
#5383=DIRECTION('center_axis',(0.,0.,1.));
#5384=DIRECTION('ref_axis',(-1.,0.,0.));
#5385=DIRECTION('center_axis',(0.,0.,-1.));
#5386=DIRECTION('ref_axis',(-1.,0.,0.));
#5387=DIRECTION('center_axis',(0.,0.,-1.));
#5388=DIRECTION('ref_axis',(-1.,0.,0.));
#5389=DIRECTION('',(-1.,0.,0.));
#5390=DIRECTION('center_axis',(0.,0.,-1.));
#5391=DIRECTION('ref_axis',(5.55111512312572E-15,1.,0.));
#5392=DIRECTION('',(1.03276560430247E-15,1.,0.));
#5393=DIRECTION('',(1.,1.11022302462516E-16,0.));
#5394=DIRECTION('center_axis',(0.,0.,-1.));
#5395=DIRECTION('ref_axis',(-1.,0.,0.));
#5396=DIRECTION('center_axis',(0.,0.,-1.));
#5397=DIRECTION('ref_axis',(1.,0.,0.));
#5398=DIRECTION('',(0.,1.,0.));
#5399=DIRECTION('center_axis',(0.,0.,-1.));
#5400=DIRECTION('ref_axis',(0.,1.,0.));
#5401=DIRECTION('',(-1.,1.11022302462516E-16,0.));
#5402=DIRECTION('center_axis',(0.,0.,-1.));
#5403=DIRECTION('ref_axis',(-1.,-1.21115239050017E-15,0.));
#5404=DIRECTION('',(0.,-1.,0.));
#5405=DIRECTION('center_axis',(0.,0.,-1.));
#5406=DIRECTION('ref_axis',(0.,-1.,0.));
#5407=DIRECTION('center_axis',(0.,0.,-1.));
#5408=DIRECTION('ref_axis',(5.55111512312572E-15,1.,0.));
#5409=DIRECTION('',(0.,0.,-1.));
#5410=DIRECTION('center_axis',(0.,0.,1.));
#5411=DIRECTION('ref_axis',(5.55111512312572E-15,1.,0.));
#5412=DIRECTION('',(0.,0.,-1.));
#5413=DIRECTION('center_axis',(-1.,1.03276560430247E-15,0.));
#5414=DIRECTION('ref_axis',(1.03276560430247E-15,1.,0.));
#5415=DIRECTION('',(1.03276560430247E-15,1.,0.));
#5416=DIRECTION('',(0.,0.,-1.));
#5417=DIRECTION('center_axis',(1.11022302462516E-16,-1.,0.));
#5418=DIRECTION('ref_axis',(-1.,-1.11022302462516E-16,0.));
#5419=DIRECTION('',(-1.,-1.11022302462516E-16,0.));
#5420=DIRECTION('',(0.,0.,-1.));
#5421=DIRECTION('center_axis',(0.,0.,-1.));
#5422=DIRECTION('ref_axis',(-1.,0.,0.));
#5423=DIRECTION('center_axis',(0.,0.,1.));
#5424=DIRECTION('ref_axis',(-1.,0.,0.));
#5425=DIRECTION('',(0.,0.,-1.));
#5426=DIRECTION('center_axis',(0.,0.,-1.));
#5427=DIRECTION('ref_axis',(1.,0.,0.));
#5428=DIRECTION('center_axis',(0.,0.,-1.));
#5429=DIRECTION('ref_axis',(1.,0.,0.));
#5430=DIRECTION('',(0.,0.,-1.));
#5431=DIRECTION('center_axis',(1.,0.,0.));
#5432=DIRECTION('ref_axis',(0.,-1.,0.));
#5433=DIRECTION('',(0.,-1.,0.));
#5434=DIRECTION('',(0.,0.,-1.));
#5435=DIRECTION('center_axis',(0.,0.,-1.));
#5436=DIRECTION('ref_axis',(0.,1.,0.));
#5437=DIRECTION('center_axis',(0.,0.,-1.));
#5438=DIRECTION('ref_axis',(0.,1.,0.));
#5439=DIRECTION('',(0.,0.,-1.));
#5440=DIRECTION('center_axis',(1.11022302462516E-16,1.,0.));
#5441=DIRECTION('ref_axis',(1.,-1.11022302462516E-16,0.));
#5442=DIRECTION('',(1.,-1.11022302462516E-16,0.));
#5443=DIRECTION('',(0.,0.,-1.));
#5444=DIRECTION('center_axis',(0.,0.,-1.));
#5445=DIRECTION('ref_axis',(-1.,-1.21115239050017E-15,0.));
#5446=DIRECTION('center_axis',(0.,0.,-1.));
#5447=DIRECTION('ref_axis',(-1.,-1.21115239050017E-15,0.));
#5448=DIRECTION('',(0.,0.,-1.));
#5449=DIRECTION('center_axis',(-1.,0.,0.));
#5450=DIRECTION('ref_axis',(0.,1.,0.));
#5451=DIRECTION('',(0.,1.,0.));
#5452=DIRECTION('',(0.,0.,-1.));
#5453=DIRECTION('center_axis',(0.,0.,-1.));
#5454=DIRECTION('ref_axis',(0.,-1.,0.));
#5455=DIRECTION('center_axis',(0.,0.,-1.));
#5456=DIRECTION('ref_axis',(0.,-1.,0.));
#5457=DIRECTION('',(0.,0.,-1.));
#5458=DIRECTION('center_axis',(0.,-1.,0.));
#5459=DIRECTION('ref_axis',(-1.,0.,0.));
#5460=DIRECTION('',(-1.,0.,0.));
#5461=DIRECTION('center_axis',(0.,0.,-1.));
#5462=DIRECTION('ref_axis',(-1.,0.,0.));
#5463=DIRECTION('',(0.,0.,1.));
#5464=DIRECTION('',(1.,0.,0.));
#5465=DIRECTION('',(0.,0.,1.));
#5466=DIRECTION('',(1.,0.,0.));
#5467=DIRECTION('',(0.,0.,1.));
#5468=DIRECTION('',(1.,0.,0.));
#5469=CARTESIAN_POINT('',(0.,0.,0.));
#5470=CARTESIAN_POINT('',(0.,0.,0.));
#5471=CARTESIAN_POINT('Origin',(-61.1494403099426,-6.18650947022905,-69.8505596900572));
#5472=CARTESIAN_POINT('',(-29.2349123075687,-6.18650947022905,-35.6732899878863));
#5473=CARTESIAN_POINT('',(-28.2189288058499,-7.78650947022905,-36.9200481859644));
#5474=CARTESIAN_POINT('Ctrl Pts',(-29.2349123075687,-6.18650947022905,-35.6732899878863));
#5475=CARTESIAN_POINT('Ctrl Pts',(-29.2349123075687,-6.38781134033336,-35.6732899878863));
#5476=CARTESIAN_POINT('Ctrl Pts',(-29.2118458785901,-6.60222840833164,-35.7072278088481));
#5477=CARTESIAN_POINT('Ctrl Pts',(-29.1161716428538,-6.99615746804997,-35.8424840412119));
#5478=CARTESIAN_POINT('Ctrl Pts',(-29.0433177524404,-7.17570543373338,-35.9435233527782));
#5479=CARTESIAN_POINT('Ctrl Pts',(-28.8700379978126,-7.45939779158758,-36.1711416779242));
#5480=CARTESIAN_POINT('Ctrl Pts',(-28.7578749543578,-7.58255068444647,-36.3130411781969));
#5481=CARTESIAN_POINT('Ctrl Pts',(-28.5022010865947,-7.74611840807006,-36.6148387417413));
#5482=CARTESIAN_POINT('Ctrl Pts',(-28.3584261670368,-7.78650947022905,-36.7745258583808));
#5483=CARTESIAN_POINT('Ctrl Pts',(-28.2189288058499,-7.78650947022905,-36.9200481859644));
#5484=CARTESIAN_POINT('Ctrl Pts',(-28.2189288058499,-7.78650947022905,-36.9200481859644));
#5485=CARTESIAN_POINT('Ctrl Pts',(-28.0798005148947,-7.78650947022905,-37.0651855029736));
#5486=CARTESIAN_POINT('Ctrl Pts',(-27.9267221165551,-7.74630941356977,-37.2152202737325));
#5487=CARTESIAN_POINT('Ctrl Pts',(-27.6368980548065,-7.58306204332449,-37.482677802082));
#5488=CARTESIAN_POINT('Ctrl Pts',(-27.5003787982525,-7.4600284836173,-37.6003541868383));
#5489=CARTESIAN_POINT('Ctrl Pts',(-27.2810577108695,-7.17625109226342,-37.7825870397839));
#5490=CARTESIAN_POINT('Ctrl Pts',(-27.1836359059342,-6.99645832773669,-37.8593534191084));
#5491=CARTESIAN_POINT('Ctrl Pts',(-27.0532881615728,-6.60222125885508,-37.9601816361978));
#5492=CARTESIAN_POINT('Ctrl Pts',(-27.0206270224425,-6.38775205062409,-37.9844881023541));
#5493=CARTESIAN_POINT('Ctrl Pts',(-27.0206270224425,-5.98526688983402,-37.9844881023541));
#5494=CARTESIAN_POINT('Ctrl Pts',(-27.0532881615728,-5.77079768160302,-37.9601816361978));
#5495=CARTESIAN_POINT('Ctrl Pts',(-27.1836359059342,-5.37656061272141,-37.8593534191084));
#5496=CARTESIAN_POINT('Ctrl Pts',(-27.2810577108695,-5.19676784819469,-37.7825870397839));
#5497=CARTESIAN_POINT('Ctrl Pts',(-27.5003787982525,-4.9129904568408,-37.6003541868383));
#5498=CARTESIAN_POINT('Ctrl Pts',(-27.6368980548065,-4.78995689713362,-37.482677802082));
#5499=CARTESIAN_POINT('Ctrl Pts',(-27.9267221165551,-4.62670952688834,-37.2152202737325));
#5500=CARTESIAN_POINT('Ctrl Pts',(-28.0798005148947,-4.58650947022905,-37.0651855029736));
#5501=CARTESIAN_POINT('Ctrl Pts',(-28.3584261670368,-4.58650947022905,-36.7745258583808));
#5502=CARTESIAN_POINT('Ctrl Pts',(-28.5022010865947,-4.62690053238805,-36.6148387417413));
#5503=CARTESIAN_POINT('Ctrl Pts',(-28.7578749543578,-4.79046825601164,-36.3130411781969));
#5504=CARTESIAN_POINT('Ctrl Pts',(-28.8700379978126,-4.91362114887053,-36.1711416779242));
#5505=CARTESIAN_POINT('Ctrl Pts',(-29.0433177524404,-5.19731350672472,-35.9435233527782));
#5506=CARTESIAN_POINT('Ctrl Pts',(-29.1161716428538,-5.37686147240813,-35.8424840412119));
#5507=CARTESIAN_POINT('Ctrl Pts',(-29.2118458785901,-5.77079053212646,-35.7072278088481));
#5508=CARTESIAN_POINT('Ctrl Pts',(-29.2349123075687,-5.98520760012474,-35.6732899878863));
#5509=CARTESIAN_POINT('Ctrl Pts',(-29.2349123075687,-6.18650947022905,-35.6732899878863));
#5510=CARTESIAN_POINT('',(-22.9818342615165,-7.78650947022905,-31.682953641631));
#5511=CARTESIAN_POINT('',(-61.1494403099426,-7.78650947022905,-69.8505596900572));
#5512=CARTESIAN_POINT('',(-21.5723578550026,-6.18650947022905,-32.5362189349141));
#5513=CARTESIAN_POINT('Ctrl Pts',(-21.5723578550026,-6.18650947022905,-32.5362189349141));
#5514=CARTESIAN_POINT('Ctrl Pts',(-21.5723578550026,-6.39353159255976,-32.5362189349141));
#5515=CARTESIAN_POINT('Ctrl Pts',(-21.6223096500265,-6.61027106699871,-32.5262098279092));
#5516=CARTESIAN_POINT('Ctrl Pts',(-21.8048098283748,-7.0043133443882,-32.4741231604428));
#5517=CARTESIAN_POINT('Ctrl Pts',(-21.9357183677839,-7.1821716788008,-32.4305280568499));
#5518=CARTESIAN_POINT('Ctrl Pts',(-22.2096353468232,-7.46118353374792,-32.3062920937414));
#5519=CARTESIAN_POINT('Ctrl Pts',(-22.3716504458113,-7.58281640260513,-32.2176411959343));
#5520=CARTESIAN_POINT('Ctrl Pts',(-22.6922362826034,-7.74557704991231,-31.9838583120323));
#5521=CARTESIAN_POINT('Ctrl Pts',(-22.8502808905637,-7.78650947022905,-31.8378699574004));
#5522=CARTESIAN_POINT('Ctrl Pts',(-22.9818342615165,-7.78650947022905,-31.682953641631));
#5523=CARTESIAN_POINT('Ctrl Pts',(-22.9818342615165,-7.78650947022905,-31.682953641631));
#5524=CARTESIAN_POINT('Ctrl Pts',(-23.1194776853744,-7.78650947022905,-31.5208657227923));
#5525=CARTESIAN_POINT('Ctrl Pts',(-23.2419993507111,-7.74209255332033,-31.3329833117693));
#5526=CARTESIAN_POINT('Ctrl Pts',(-23.4256545092267,-7.57362063019735,-30.9589607197911));
#5527=CARTESIAN_POINT('Ctrl Pts',(-23.4876130386301,-7.44991665044934,-30.7730681184119));
#5528=CARTESIAN_POINT('Ctrl Pts',(-23.5635361223255,-7.17296132057789,-30.4622029585511));
#5529=CARTESIAN_POINT('Ctrl Pts',(-23.5832868429336,-6.99963791646119,-30.3131298555543));
#5530=CARTESIAN_POINT('Ctrl Pts',(-23.6002712115281,-6.61220134221548,-30.1000600475809));
#5531=CARTESIAN_POINT('Ctrl Pts',(-23.59972085077,-6.39707257618733,-30.0380985310877));
#5532=CARTESIAN_POINT('Ctrl Pts',(-23.59972085077,-5.97594636427077,-30.0380985310877));
#5533=CARTESIAN_POINT('Ctrl Pts',(-23.6002712115281,-5.76081759824263,-30.1000600475809));
#5534=CARTESIAN_POINT('Ctrl Pts',(-23.5832868429336,-5.37338102399691,-30.3131298555543));
#5535=CARTESIAN_POINT('Ctrl Pts',(-23.5635361223255,-5.20005761988022,-30.4622029585511));
#5536=CARTESIAN_POINT('Ctrl Pts',(-23.4876130386301,-4.92310229000877,-30.7730681184119));
#5537=CARTESIAN_POINT('Ctrl Pts',(-23.4256545092267,-4.79939831026075,-30.9589607197911));
#5538=CARTESIAN_POINT('Ctrl Pts',(-23.2419993507111,-4.63092638713778,-31.3329833117693));
#5539=CARTESIAN_POINT('Ctrl Pts',(-23.1194776853744,-4.58650947022905,-31.5208657227923));
#5540=CARTESIAN_POINT('Ctrl Pts',(-22.8502808905637,-4.58650947022905,-31.8378699574004));
#5541=CARTESIAN_POINT('Ctrl Pts',(-22.6922362826034,-4.62744189054579,-31.9838583120323));
#5542=CARTESIAN_POINT('Ctrl Pts',(-22.3716504458113,-4.79020253785297,-32.2176411959343));
#5543=CARTESIAN_POINT('Ctrl Pts',(-22.2096353468232,-4.91183540671019,-32.3062920937414));
#5544=CARTESIAN_POINT('Ctrl Pts',(-21.9357183677839,-5.19084726165731,-32.4305280568499));
#5545=CARTESIAN_POINT('Ctrl Pts',(-21.8048098283748,-5.3687055960699,-32.4741231604428));
#5546=CARTESIAN_POINT('Ctrl Pts',(-21.6223096500265,-5.7627478734594,-32.5262098279092));
#5547=CARTESIAN_POINT('Ctrl Pts',(-21.5723578550026,-5.97948734789834,-32.5362189349141));
#5548=CARTESIAN_POINT('Ctrl Pts',(-21.5723578550026,-6.18650947022905,-32.5362189349141));
#5549=CARTESIAN_POINT('',(-25.310660353135,-4.6356940168394,-34.5685048530849));
#5550=CARTESIAN_POINT('',(-25.7500001813551,-4.82045513630434,-35.6291650248022));
#5551=CARTESIAN_POINT('Ctrl Pts',(-25.310660353135,-4.6356940168394,-34.5685048530849));
#5552=CARTESIAN_POINT('Ctrl Pts',(-25.4555689727746,-4.6356940168394,-34.7134134727245));
#5553=CARTESIAN_POINT('Ctrl Pts',(-25.5769509592995,-4.64505352374208,-34.8983408275643));
#5554=CARTESIAN_POINT('Ctrl Pts',(-25.719318731572,-4.70217863824827,-35.2730649528416));
#5555=CARTESIAN_POINT('Ctrl Pts',(-25.750000181341,-4.74754563235567,-35.4600741925655));
#5556=CARTESIAN_POINT('Ctrl Pts',(-25.7500001813551,-4.82045513630433,-35.6291650247397));
#5557=CARTESIAN_POINT('',(-25.7500001813551,-7.55256380415377,-35.6291650248022));
#5558=CARTESIAN_POINT('Ctrl Pts',(-25.7500001813551,-7.55256380415377,-35.6291650247397));
#5559=CARTESIAN_POINT('Ctrl Pts',(-25.750000181341,-7.62547330810243,-35.4600741925655));
#5560=CARTESIAN_POINT('Ctrl Pts',(-25.719318731572,-7.67084030220983,-35.2730649528416));
#5561=CARTESIAN_POINT('Ctrl Pts',(-25.5769509592995,-7.72796541671602,-34.8983408275643));
#5562=CARTESIAN_POINT('Ctrl Pts',(-25.4555689727746,-7.7373249236187,-34.7134134727245));
#5563=CARTESIAN_POINT('Ctrl Pts',(-25.1657517334953,-7.7373249236187,-34.4235962334453));
#5564=CARTESIAN_POINT('Ctrl Pts',(-24.9808243786555,-7.72796541671602,-34.3022142469203));
#5565=CARTESIAN_POINT('Ctrl Pts',(-24.5846550318169,-7.66757106851319,-34.1516988582719));
#5566=CARTESIAN_POINT('Ctrl Pts',(-24.3737057169923,-7.61377442594868,-34.1229162942662));
#5567=CARTESIAN_POINT('Ctrl Pts',(-24.0251896740741,-7.44576644887702,-34.1370481489963));
#5568=CARTESIAN_POINT('Ctrl Pts',(-23.8541395692051,-7.31564820681251,-34.1773882535875));
#5569=CARTESIAN_POINT('Ctrl Pts',(-23.6349189427583,-7.04872102659591,-34.2563992053612));
#5570=CARTESIAN_POINT('Ctrl Pts',(-23.5502086980938,-6.88865445711507,-34.3009284914272));
#5571=CARTESIAN_POINT('Ctrl Pts',(-23.4419525497899,-6.54354386380601,-34.3638670580856));
#5572=CARTESIAN_POINT('Ctrl Pts',(-23.4175171219156,-6.35861624290891,-34.3813782018271));
#5573=CARTESIAN_POINT('Ctrl Pts',(-23.4175171219156,-6.01440269754919,-34.3813782018271));
#5574=CARTESIAN_POINT('Ctrl Pts',(-23.4419525497899,-5.8294750766521,-34.3638670580856));
#5575=CARTESIAN_POINT('Ctrl Pts',(-23.5502086980938,-5.48436448334303,-34.3009284914272));
#5576=CARTESIAN_POINT('Ctrl Pts',(-23.6349189427583,-5.32429791386219,-34.2563992053612));
#5577=CARTESIAN_POINT('Ctrl Pts',(-23.8541395692051,-5.0573707336456,-34.1773882535875));
#5578=CARTESIAN_POINT('Ctrl Pts',(-24.0251896740741,-4.92725249158108,-34.1370481489963));
#5579=CARTESIAN_POINT('Ctrl Pts',(-24.3737057169923,-4.75924451450943,-34.1229162942662));
#5580=CARTESIAN_POINT('Ctrl Pts',(-24.5846550318169,-4.70544787194492,-34.1516988582719));
#5581=CARTESIAN_POINT('Ctrl Pts',(-24.9808243786555,-4.64505352374208,-34.3022142469203));
#5582=CARTESIAN_POINT('Ctrl Pts',(-25.1657517334953,-4.6356940168394,-34.4235962334453));
#5583=CARTESIAN_POINT('Ctrl Pts',(-25.310660353135,-4.6356940168394,-34.5685048530849));
#5584=CARTESIAN_POINT('Ctrl Pts',(-25.7500001813551,-4.82045513630433,-35.6291650247397));
#5585=CARTESIAN_POINT('Ctrl Pts',(-25.7500001813568,-4.82930684213596,-35.6496937929272));
#5586=CARTESIAN_POINT('Ctrl Pts',(-25.7495784003404,-4.83854756308836,-35.669965872578));
#5587=CARTESIAN_POINT('Ctrl Pts',(-25.7421170572236,-4.92725249158108,-35.8539755321458));
#5588=CARTESIAN_POINT('Ctrl Pts',(-25.7017769526323,-5.0573707336456,-36.0250256370148));
#5589=CARTESIAN_POINT('Ctrl Pts',(-25.6227660008586,-5.32429791386219,-36.2442462634615));
#5590=CARTESIAN_POINT('Ctrl Pts',(-25.5782367147927,-5.48436448334303,-36.3289565081261));
#5591=CARTESIAN_POINT('Ctrl Pts',(-25.5152981481343,-5.8294750766521,-36.43721265643));
#5592=CARTESIAN_POINT('Ctrl Pts',(-25.4977870043927,-6.01440269754919,-36.4616480843042));
#5593=CARTESIAN_POINT('Ctrl Pts',(-25.4977870043927,-6.35861624290891,-36.4616480843042));
#5594=CARTESIAN_POINT('Ctrl Pts',(-25.5152981481343,-6.54354386380601,-36.43721265643));
#5595=CARTESIAN_POINT('Ctrl Pts',(-25.5782367147927,-6.88865445711508,-36.3289565081261));
#5596=CARTESIAN_POINT('Ctrl Pts',(-25.6227660008586,-7.04872102659591,-36.2442462634615));
#5597=CARTESIAN_POINT('Ctrl Pts',(-25.7017769526323,-7.31564820681251,-36.0250256370148));
#5598=CARTESIAN_POINT('Ctrl Pts',(-25.7421170572236,-7.44576644887702,-35.8539755321458));
#5599=CARTESIAN_POINT('Ctrl Pts',(-25.7495784003404,-7.53447137736975,-35.669965872578));
#5600=CARTESIAN_POINT('Ctrl Pts',(-25.7500001813568,-7.54371209832214,-35.6496937929272));
#5601=CARTESIAN_POINT('Ctrl Pts',(-25.7500001813551,-7.55256380415377,-35.6291650247397));
#5602=CARTESIAN_POINT('Origin',(-61.1494403099426,-6.18650947022905,-69.8505596900572));
#5603=CARTESIAN_POINT('',(-18.4637810650858,-6.18650947022905,-29.4276421449973));
#5604=CARTESIAN_POINT('',(-19.3170463583689,-7.78650947022905,-28.0181657384834));
#5605=CARTESIAN_POINT('Ctrl Pts',(-18.4637810650858,-6.18650947022905,-29.4276421449973));
#5606=CARTESIAN_POINT('Ctrl Pts',(-18.4637810650858,-5.97948734789834,-29.4276421449973));
#5607=CARTESIAN_POINT('Ctrl Pts',(-18.4737901720907,-5.7627478734594,-29.3776903499734));
#5608=CARTESIAN_POINT('Ctrl Pts',(-18.5258768395571,-5.3687055960699,-29.1951901716251));
#5609=CARTESIAN_POINT('Ctrl Pts',(-18.56947194315,-5.19084726165731,-29.064281632216));
#5610=CARTESIAN_POINT('Ctrl Pts',(-18.6937079062585,-4.91183540671019,-28.7903646531767));
#5611=CARTESIAN_POINT('Ctrl Pts',(-18.7823588040656,-4.79020253785297,-28.6283495541886));
#5612=CARTESIAN_POINT('Ctrl Pts',(-19.0161416879676,-4.62744189054579,-28.3077637173965));
#5613=CARTESIAN_POINT('Ctrl Pts',(-19.1621300425995,-4.58650947022905,-28.1497191094362));
#5614=CARTESIAN_POINT('Ctrl Pts',(-19.4791342772076,-4.58650947022905,-27.8805223146255));
#5615=CARTESIAN_POINT('Ctrl Pts',(-19.6670166882306,-4.63092638713777,-27.7580006492888));
#5616=CARTESIAN_POINT('Ctrl Pts',(-20.0410392802088,-4.79939831026075,-27.5743454907732));
#5617=CARTESIAN_POINT('Ctrl Pts',(-20.226931881588,-4.92310229000877,-27.5123869613698));
#5618=CARTESIAN_POINT('Ctrl Pts',(-20.5377970414488,-5.20005761988022,-27.4364638776744));
#5619=CARTESIAN_POINT('Ctrl Pts',(-20.6868701444456,-5.37338102399691,-27.4167131570663));
#5620=CARTESIAN_POINT('Ctrl Pts',(-20.8999399524191,-5.76081759824262,-27.3997287884718));
#5621=CARTESIAN_POINT('Ctrl Pts',(-20.9619014689122,-5.97594636427077,-27.4002791492299));
#5622=CARTESIAN_POINT('Ctrl Pts',(-20.9619014689122,-6.39707257618733,-27.4002791492299));
#5623=CARTESIAN_POINT('Ctrl Pts',(-20.8999399524191,-6.61220134221548,-27.3997287884718));
#5624=CARTESIAN_POINT('Ctrl Pts',(-20.6868701444456,-6.9996379164612,-27.4167131570663));
#5625=CARTESIAN_POINT('Ctrl Pts',(-20.5377970414488,-7.17296132057789,-27.4364638776744));
#5626=CARTESIAN_POINT('Ctrl Pts',(-20.226931881588,-7.44991665044934,-27.5123869613698));
#5627=CARTESIAN_POINT('Ctrl Pts',(-20.0410392802088,-7.57362063019736,-27.5743454907732));
#5628=CARTESIAN_POINT('Ctrl Pts',(-19.6670166882306,-7.74209255332033,-27.7580006492888));
#5629=CARTESIAN_POINT('Ctrl Pts',(-19.4791342772076,-7.78650947022905,-27.8805223146256));
#5630=CARTESIAN_POINT('Ctrl Pts',(-19.3170463583689,-7.78650947022905,-28.0181657384835));
#5631=CARTESIAN_POINT('Ctrl Pts',(-19.3170463583689,-7.78650947022905,-28.0181657384835));
#5632=CARTESIAN_POINT('Ctrl Pts',(-19.1621300425995,-7.78650947022905,-28.1497191094362));
#5633=CARTESIAN_POINT('Ctrl Pts',(-19.0161416879676,-7.74557704991231,-28.3077637173965));
#5634=CARTESIAN_POINT('Ctrl Pts',(-18.7823588040656,-7.58281640260513,-28.6283495541886));
#5635=CARTESIAN_POINT('Ctrl Pts',(-18.6937079062585,-7.46118353374792,-28.7903646531767));
#5636=CARTESIAN_POINT('Ctrl Pts',(-18.56947194315,-7.1821716788008,-29.064281632216));
#5637=CARTESIAN_POINT('Ctrl Pts',(-18.5258768395571,-7.00431334438821,-29.1951901716251));
#5638=CARTESIAN_POINT('Ctrl Pts',(-18.4737901720907,-6.61027106699871,-29.3776903499734));
#5639=CARTESIAN_POINT('Ctrl Pts',(-18.4637810650858,-6.39353159255976,-29.4276421449973));
#5640=CARTESIAN_POINT('Ctrl Pts',(-18.4637810650858,-6.18650947022905,-29.4276421449973));
#5641=CARTESIAN_POINT('',(-14.0799518140355,-7.78650947022905,-22.78107119415));
#5642=CARTESIAN_POINT('',(-61.1494403099426,-7.78650947022905,-69.8505596900572));
#5643=CARTESIAN_POINT('',(-15.3267100121136,-6.18650947022905,-21.7650876924312));
#5644=CARTESIAN_POINT('Ctrl Pts',(-15.3267100121136,-6.18650947022905,-21.7650876924312));
#5645=CARTESIAN_POINT('Ctrl Pts',(-15.3267100121136,-5.98520760012474,-21.7650876924312));
#5646=CARTESIAN_POINT('Ctrl Pts',(-15.2927721911518,-5.77079053212647,-21.7881541214098));
#5647=CARTESIAN_POINT('Ctrl Pts',(-15.157515958788,-5.37686147240813,-21.8838283571462));
#5648=CARTESIAN_POINT('Ctrl Pts',(-15.0564766472217,-5.19731350672472,-21.9566822475595));
#5649=CARTESIAN_POINT('Ctrl Pts',(-14.8288583220757,-4.91362114887053,-22.1299620021873));
#5650=CARTESIAN_POINT('Ctrl Pts',(-14.686958821803,-4.79046825601164,-22.2421250456421));
#5651=CARTESIAN_POINT('Ctrl Pts',(-14.3851612582586,-4.62690053238805,-22.4977989134052));
#5652=CARTESIAN_POINT('Ctrl Pts',(-14.2254741416191,-4.58650947022905,-22.6415738329631));
#5653=CARTESIAN_POINT('Ctrl Pts',(-13.9348144970263,-4.58650947022905,-22.9201994851052));
#5654=CARTESIAN_POINT('Ctrl Pts',(-13.7847797262674,-4.62670952688834,-23.0732778834448));
#5655=CARTESIAN_POINT('Ctrl Pts',(-13.517322197918,-4.78995689713362,-23.3631019451934));
#5656=CARTESIAN_POINT('Ctrl Pts',(-13.3996458131616,-4.9129904568408,-23.4996212017474));
#5657=CARTESIAN_POINT('Ctrl Pts',(-13.217412960216,-5.19676784819469,-23.7189422891304));
#5658=CARTESIAN_POINT('Ctrl Pts',(-13.1406465808915,-5.37656061272141,-23.8163640940657));
#5659=CARTESIAN_POINT('Ctrl Pts',(-13.0398183638021,-5.77079768160302,-23.9467118384271));
#5660=CARTESIAN_POINT('Ctrl Pts',(-13.0155118976459,-5.98526688983402,-23.9793729775574));
#5661=CARTESIAN_POINT('Ctrl Pts',(-13.0155118976459,-6.38775205062409,-23.9793729775574));
#5662=CARTESIAN_POINT('Ctrl Pts',(-13.0398183638021,-6.60222125885508,-23.9467118384271));
#5663=CARTESIAN_POINT('Ctrl Pts',(-13.1406465808915,-6.9964583277367,-23.8163640940657));
#5664=CARTESIAN_POINT('Ctrl Pts',(-13.217412960216,-7.17625109226342,-23.7189422891304));
#5665=CARTESIAN_POINT('Ctrl Pts',(-13.3996458131616,-7.4600284836173,-23.4996212017474));
#5666=CARTESIAN_POINT('Ctrl Pts',(-13.517322197918,-7.58306204332449,-23.3631019451934));
#5667=CARTESIAN_POINT('Ctrl Pts',(-13.7847797262674,-7.74630941356977,-23.0732778834448));
#5668=CARTESIAN_POINT('Ctrl Pts',(-13.9348144970263,-7.78650947022905,-22.9201994851052));
#5669=CARTESIAN_POINT('Ctrl Pts',(-14.0799518140355,-7.78650947022905,-22.78107119415));
#5670=CARTESIAN_POINT('Ctrl Pts',(-14.0799518140355,-7.78650947022905,-22.78107119415));
#5671=CARTESIAN_POINT('Ctrl Pts',(-14.2254741416191,-7.78650947022905,-22.6415738329631));
#5672=CARTESIAN_POINT('Ctrl Pts',(-14.3851612582586,-7.74611840807006,-22.4977989134052));
#5673=CARTESIAN_POINT('Ctrl Pts',(-14.686958821803,-7.58255068444647,-22.2421250456421));
#5674=CARTESIAN_POINT('Ctrl Pts',(-14.8288583220757,-7.45939779158758,-22.1299620021873));
#5675=CARTESIAN_POINT('Ctrl Pts',(-15.0564766472217,-7.17570543373338,-21.9566822475595));
#5676=CARTESIAN_POINT('Ctrl Pts',(-15.157515958788,-6.99615746804997,-21.8838283571462));
#5677=CARTESIAN_POINT('Ctrl Pts',(-15.2927721911518,-6.60222840833164,-21.7881541214098));
#5678=CARTESIAN_POINT('Ctrl Pts',(-15.3267100121136,-6.38781134033336,-21.7650876924312));
#5679=CARTESIAN_POINT('Ctrl Pts',(-15.3267100121136,-6.18650947022905,-21.7650876924312));
#5680=CARTESIAN_POINT('Origin',(-61.1494403099426,-6.18650947022905,-69.8505596900572));
#5681=CARTESIAN_POINT('',(-53.5999999999998,-5.,-63.8191413016009));
#5682=CARTESIAN_POINT('',(-53.5999999999998,-5.,-60.7830974586279));
#5683=CARTESIAN_POINT('Origin',(-53.5999999999998,-6.18650947022905,-62.3011193801144));
#5684=CARTESIAN_POINT('',(-52.3999999999998,-5.,-62.6191413016009));
#5685=CARTESIAN_POINT('',(-60.3904293491994,-5.,-70.6095706508004));
#5686=CARTESIAN_POINT('',(-52.3999999999998,-4.62624036413329,-60.6));
#5687=CARTESIAN_POINT('Origin',(-52.3999999999998,-6.18650947022905,-61.1011193801144));
#5688=CARTESIAN_POINT('',(-50.3808586983989,-5.,-60.6));
#5689=CARTESIAN_POINT('Origin',(-51.8988806198854,-6.18650947022905,-60.6));
#5690=CARTESIAN_POINT('',(-49.1808586983989,-5.,-59.4));
#5691=CARTESIAN_POINT('',(-60.3904293491994,-5.,-70.6095706508004));
#5692=CARTESIAN_POINT('',(-52.2169025413719,-5.,-59.4));
#5693=CARTESIAN_POINT('Origin',(-50.6988806198854,-6.18650947022905,-59.4));
#5694=CARTESIAN_POINT('',(-61.9084512706859,-5.,-69.091548729314));
#5695=CARTESIAN_POINT('Origin',(-24.9999999999999,-6.4,-106.));
#5696=CARTESIAN_POINT('',(12.8886578034556,-6.4,-65.8486004967476));
#5697=CARTESIAN_POINT('',(13.9289321881346,-8.,-67.0710678118655));
#5698=CARTESIAN_POINT('Ctrl Pts',(12.8886578034556,-6.4,-65.8486004967476));
#5699=CARTESIAN_POINT('Ctrl Pts',(12.8886578034556,-6.60127396889783,-65.8486004967476));
#5700=CARTESIAN_POINT('Ctrl Pts',(12.9123480912833,-6.81572282657482,-65.8818967993668));
#5701=CARTESIAN_POINT('Ctrl Pts',(13.010617982228,-7.20982460800342,-66.0146985172155));
#5702=CARTESIAN_POINT('Ctrl Pts',(13.0854428090971,-7.38950776664393,-66.1139324945644));
#5703=CARTESIAN_POINT('Ctrl Pts',(13.2632207223975,-7.67323072163346,-66.3373994321668));
#5704=CARTESIAN_POINT('Ctrl Pts',(13.3781408341235,-7.79631140165556,-66.4765916341618));
#5705=CARTESIAN_POINT('Ctrl Pts',(13.6397075933904,-7.95970553367578,-66.7723756561235));
#5706=CARTESIAN_POINT('Ctrl Pts',(13.7866132217635,-8.,-66.9287488454943));
#5707=CARTESIAN_POINT('Ctrl Pts',(13.9289321881346,-8.,-67.0710678118655));
#5708=CARTESIAN_POINT('Ctrl Pts',(13.9289321881346,-8.,-67.0710678118655));
#5709=CARTESIAN_POINT('Ctrl Pts',(14.0712511545058,-8.,-67.2133867782366));
#5710=CARTESIAN_POINT('Ctrl Pts',(14.2276243438766,-7.95970553367578,-67.3602924066097));
#5711=CARTESIAN_POINT('Ctrl Pts',(14.5234083658383,-7.79631140165556,-67.6218591658766));
#5712=CARTESIAN_POINT('Ctrl Pts',(14.6626005678333,-7.67323072163346,-67.7367792776026));
#5713=CARTESIAN_POINT('Ctrl Pts',(14.8860675054357,-7.38950776664393,-67.914557190903));
#5714=CARTESIAN_POINT('Ctrl Pts',(14.9853014827847,-7.20982460800342,-67.9893820177721));
#5715=CARTESIAN_POINT('Ctrl Pts',(15.1181032006333,-6.81572282657482,-68.0876519087168));
#5716=CARTESIAN_POINT('Ctrl Pts',(15.1513995032525,-6.60127396889783,-68.1113421965445));
#5717=CARTESIAN_POINT('Ctrl Pts',(15.1513995032525,-6.19872603110216,-68.1113421965445));
#5718=CARTESIAN_POINT('Ctrl Pts',(15.1181032006333,-5.98427717342518,-68.0876519087168));
#5719=CARTESIAN_POINT('Ctrl Pts',(14.9853014827847,-5.59017539199658,-67.9893820177721));
#5720=CARTESIAN_POINT('Ctrl Pts',(14.8860675054357,-5.41049223335606,-67.914557190903));
#5721=CARTESIAN_POINT('Ctrl Pts',(14.6626005678333,-5.12676927836654,-67.7367792776026));
#5722=CARTESIAN_POINT('Ctrl Pts',(14.5234083658383,-5.00368859834444,-67.6218591658766));
#5723=CARTESIAN_POINT('Ctrl Pts',(14.2276243438766,-4.84029446632421,-67.3602924066097));
#5724=CARTESIAN_POINT('Ctrl Pts',(14.0712511545058,-4.8,-67.2133867782366));
#5725=CARTESIAN_POINT('Ctrl Pts',(13.7866132217635,-4.8,-66.9287488454943));
#5726=CARTESIAN_POINT('Ctrl Pts',(13.6397075933904,-4.84029446632421,-66.7723756561235));
#5727=CARTESIAN_POINT('Ctrl Pts',(13.3781408341235,-5.00368859834444,-66.4765916341618));
#5728=CARTESIAN_POINT('Ctrl Pts',(13.2632207223975,-5.12676927836654,-66.3373994321668));
#5729=CARTESIAN_POINT('Ctrl Pts',(13.0854428090971,-5.41049223335606,-66.1139324945644));
#5730=CARTESIAN_POINT('Ctrl Pts',(13.010617982228,-5.59017539199658,-66.0146985172154));
#5731=CARTESIAN_POINT('Ctrl Pts',(12.9123480912833,-5.98427717342518,-65.8818967993668));
#5732=CARTESIAN_POINT('Ctrl Pts',(12.8886578034556,-6.19872603110216,-65.8486004967476));
#5733=CARTESIAN_POINT('Ctrl Pts',(12.8886578034556,-6.4,-65.8486004967476));
#5734=CARTESIAN_POINT('',(19.1615223689151,-8.,-61.838477631085));
#5735=CARTESIAN_POINT('',(-24.9999999999999,-8.,-106.));
#5736=CARTESIAN_POINT('',(20.6822331752796,-6.4,-62.5805085245174));
#5737=CARTESIAN_POINT('Ctrl Pts',(20.6822331752796,-6.4,-62.5805085245174));
#5738=CARTESIAN_POINT('Ctrl Pts',(20.6822331752796,-6.60843960866045,-62.5805085245174));
#5739=CARTESIAN_POINT('Ctrl Pts',(20.6270960754916,-6.82463735159679,-62.5750591690549));
#5740=CARTESIAN_POINT('Ctrl Pts',(20.4305411947906,-7.21598622306775,-62.538838804671));
#5741=CARTESIAN_POINT('Ctrl Pts',(20.290988221477,-7.39190116508108,-62.5062516983318));
#5742=CARTESIAN_POINT('Ctrl Pts',(19.9994924580046,-7.66982060709076,-62.4047100176669));
#5743=CARTESIAN_POINT('Ctrl Pts',(19.8262567199877,-7.79224478470931,-62.3287841872954));
#5744=CARTESIAN_POINT('Ctrl Pts',(19.4802338693379,-7.95747072978897,-62.1192498789643));
#5745=CARTESIAN_POINT('Ctrl Pts',(19.3078335884506,-8.,-61.9847888506206));
#5746=CARTESIAN_POINT('Ctrl Pts',(19.1615223689151,-8.,-61.838477631085));
#5747=CARTESIAN_POINT('Ctrl Pts',(19.1615223689151,-8.,-61.838477631085));
#5748=CARTESIAN_POINT('Ctrl Pts',(19.0152111493795,-8.,-61.6921664115495));
#5749=CARTESIAN_POINT('Ctrl Pts',(18.8807501210357,-7.95747072978897,-61.5197661306621));
#5750=CARTESIAN_POINT('Ctrl Pts',(18.6712158127046,-7.7922447847093,-61.1737432800124));
#5751=CARTESIAN_POINT('Ctrl Pts',(18.5952899823332,-7.66982060709076,-61.0005075419955));
#5752=CARTESIAN_POINT('Ctrl Pts',(18.4937483016683,-7.39190116508108,-60.7090117785231));
#5753=CARTESIAN_POINT('Ctrl Pts',(18.4611611953291,-7.21598622306775,-60.5694588052095));
#5754=CARTESIAN_POINT('Ctrl Pts',(18.4249408309452,-6.82463735159678,-60.3729039245085));
#5755=CARTESIAN_POINT('Ctrl Pts',(18.4194914754827,-6.60843960866045,-60.3177668247205));
#5756=CARTESIAN_POINT('Ctrl Pts',(18.4194914754827,-6.19156039133955,-60.3177668247205));
#5757=CARTESIAN_POINT('Ctrl Pts',(18.4249408309452,-5.97536264840322,-60.3729039245085));
#5758=CARTESIAN_POINT('Ctrl Pts',(18.4611611953291,-5.58401377693225,-60.5694588052095));
#5759=CARTESIAN_POINT('Ctrl Pts',(18.4937483016683,-5.40809883491892,-60.7090117785231));
#5760=CARTESIAN_POINT('Ctrl Pts',(18.5952899823332,-5.13017939290924,-61.0005075419955));
#5761=CARTESIAN_POINT('Ctrl Pts',(18.6712158127046,-5.0077552152907,-61.1737432800124));
#5762=CARTESIAN_POINT('Ctrl Pts',(18.8807501210357,-4.84252927021103,-61.5197661306621));
#5763=CARTESIAN_POINT('Ctrl Pts',(19.0152111493795,-4.8,-61.6921664115495));
#5764=CARTESIAN_POINT('Ctrl Pts',(19.3078335884506,-4.8,-61.9847888506205));
#5765=CARTESIAN_POINT('Ctrl Pts',(19.4802338693379,-4.84252927021102,-62.1192498789643));
#5766=CARTESIAN_POINT('Ctrl Pts',(19.8262567199877,-5.00775521529069,-62.3287841872954));
#5767=CARTESIAN_POINT('Ctrl Pts',(19.9994924580046,-5.13017939290924,-62.4047100176669));
#5768=CARTESIAN_POINT('Ctrl Pts',(20.290988221477,-5.40809883491892,-62.5062516983318));
#5769=CARTESIAN_POINT('Ctrl Pts',(20.4305411947906,-5.58401377693225,-62.538838804671));
#5770=CARTESIAN_POINT('Ctrl Pts',(20.6270960754916,-5.97536264840321,-62.5750591690549));
#5771=CARTESIAN_POINT('Ctrl Pts',(20.6822331752796,-6.19156039133955,-62.5805085245174));
#5772=CARTESIAN_POINT('Ctrl Pts',(20.6822331752796,-6.4,-62.5805085245174));
#5773=CARTESIAN_POINT('',(16.6893398282203,-4.81042205776331,-64.568504952819));
#5774=CARTESIAN_POINT('',(16.2500000000001,-4.92570886787713,-65.6291651243648));
#5775=CARTESIAN_POINT('Ctrl Pts',(16.6893398282203,-4.81042205776331,-64.568504952819));
#5776=CARTESIAN_POINT('Ctrl Pts',(16.5338151644266,-4.81042205776331,-64.7240296166127));
#5777=CARTESIAN_POINT('Ctrl Pts',(16.4066197041379,-4.81391202870152,-64.924086694898));
#5778=CARTESIAN_POINT('Ctrl Pts',(16.2766870605412,-4.85097651305436,-65.3000592209885));
#5779=CARTESIAN_POINT('Ctrl Pts',(16.25000000005,-4.87806313177899,-65.4693687802884));
#5780=CARTESIAN_POINT('Ctrl Pts',(16.2500000000001,-4.92570886787714,-65.6291651241307));
#5781=CARTESIAN_POINT('',(16.2500000000001,-7.87429113212286,-65.6291651243648));
#5782=CARTESIAN_POINT('Ctrl Pts',(16.2500000000001,-7.87429113212286,-65.6291651241307));
#5783=CARTESIAN_POINT('Ctrl Pts',(16.25000000005,-7.92193686822101,-65.4693687802884));
#5784=CARTESIAN_POINT('Ctrl Pts',(16.2766870605412,-7.94902348694564,-65.3000592209885));
#5785=CARTESIAN_POINT('Ctrl Pts',(16.4066197041379,-7.98608797129847,-64.924086694898));
#5786=CARTESIAN_POINT('Ctrl Pts',(16.5338151644266,-7.98957794223669,-64.7240296166127));
#5787=CARTESIAN_POINT('Ctrl Pts',(16.8448644920139,-7.98957794223669,-64.4129802890254));
#5788=CARTESIAN_POINT('Ctrl Pts',(17.0449215702992,-7.98608797129847,-64.2857848287367));
#5789=CARTESIAN_POINT('Ctrl Pts',(17.4751689602197,-7.94367291023704,-64.1370952918861));
#5790=CARTESIAN_POINT('Ctrl Pts',(17.7051923690204,-7.90157823300869,-64.1160396814124));
#5791=CARTESIAN_POINT('Ctrl Pts',(18.0886220798794,-7.74538440729012,-64.1566310037727));
#5792=CARTESIAN_POINT('Ctrl Pts',(18.2759423714813,-7.61685229813993,-64.2178279303122));
#5793=CARTESIAN_POINT('Ctrl Pts',(18.5171200871004,-7.33899027477561,-64.3334726792575));
#5794=CARTESIAN_POINT('Ctrl Pts',(18.6087826128241,-7.16717152120719,-64.397139477034));
#5795=CARTESIAN_POINT('Ctrl Pts',(18.7250386884163,-6.79243425821304,-64.4869331123628));
#5796=CARTESIAN_POINT('Ctrl Pts',(18.7508498516923,-6.58961550160291,-64.5118918481048));
#5797=CARTESIAN_POINT('Ctrl Pts',(18.7508498516923,-6.21038449839709,-64.5118918481048));
#5798=CARTESIAN_POINT('Ctrl Pts',(18.7250386884163,-6.00756574178696,-64.4869331123628));
#5799=CARTESIAN_POINT('Ctrl Pts',(18.6087826128241,-5.63282847879281,-64.397139477034));
#5800=CARTESIAN_POINT('Ctrl Pts',(18.5171200871004,-5.46100972522438,-64.3334726792575));
#5801=CARTESIAN_POINT('Ctrl Pts',(18.2759423714813,-5.18314770186007,-64.2178279303122));
#5802=CARTESIAN_POINT('Ctrl Pts',(18.0886220798794,-5.05461559270988,-64.1566310037727));
#5803=CARTESIAN_POINT('Ctrl Pts',(17.7051923690204,-4.89842176699131,-64.1160396814124));
#5804=CARTESIAN_POINT('Ctrl Pts',(17.4751689602197,-4.85632708976296,-64.1370952918861));
#5805=CARTESIAN_POINT('Ctrl Pts',(17.0449215702992,-4.81391202870153,-64.2857848287367));
#5806=CARTESIAN_POINT('Ctrl Pts',(16.8448644920139,-4.81042205776331,-64.4129802890254));
#5807=CARTESIAN_POINT('Ctrl Pts',(16.6893398282203,-4.81042205776331,-64.568504952819));
#5808=CARTESIAN_POINT('Ctrl Pts',(16.2500000000001,-4.92570886787714,-65.6291651241307));
#5809=CARTESIAN_POINT('Ctrl Pts',(16.2499999999833,-4.94178586278366,-65.6830848495127));
#5810=CARTESIAN_POINT('Ctrl Pts',(16.2529208835268,-4.9601674065101,-65.7359327085713));
#5811=CARTESIAN_POINT('Ctrl Pts',(16.277465879174,-5.05461559270988,-65.9677872044782));
#5812=CARTESIAN_POINT('Ctrl Pts',(16.3386628057134,-5.18314770186007,-66.15510749608));
#5813=CARTESIAN_POINT('Ctrl Pts',(16.4543075546588,-5.46100972522438,-66.3962852116991));
#5814=CARTESIAN_POINT('Ctrl Pts',(16.5179743524352,-5.63282847879281,-66.4879477374229));
#5815=CARTESIAN_POINT('Ctrl Pts',(16.607767987764,-6.00756574178696,-66.604203813015));
#5816=CARTESIAN_POINT('Ctrl Pts',(16.632726723506,-6.21038449839709,-66.630014976291));
#5817=CARTESIAN_POINT('Ctrl Pts',(16.632726723506,-6.58961550160291,-66.630014976291));
#5818=CARTESIAN_POINT('Ctrl Pts',(16.607767987764,-6.79243425821304,-66.604203813015));
#5819=CARTESIAN_POINT('Ctrl Pts',(16.5179743524352,-7.16717152120718,-66.4879477374229));
#5820=CARTESIAN_POINT('Ctrl Pts',(16.4543075546588,-7.33899027477561,-66.3962852116991));
#5821=CARTESIAN_POINT('Ctrl Pts',(16.3386628057134,-7.61685229813993,-66.15510749608));
#5822=CARTESIAN_POINT('Ctrl Pts',(16.277465879174,-7.74538440729012,-65.9677872044782));
#5823=CARTESIAN_POINT('Ctrl Pts',(16.2529208835268,-7.83983259348989,-65.7359327085713));
#5824=CARTESIAN_POINT('Ctrl Pts',(16.2499999999833,-7.85821413721634,-65.6830848495127));
#5825=CARTESIAN_POINT('Ctrl Pts',(16.2500000000001,-7.87429113212286,-65.6291651241307));
#5826=CARTESIAN_POINT('Origin',(-24.9999999999999,-6.4,-106.));
#5827=CARTESIAN_POINT('',(23.5805085245175,-6.4,-59.6822331752795));
#5828=CARTESIAN_POINT('',(22.8384776310851,-8.,-58.161522368915));
#5829=CARTESIAN_POINT('Ctrl Pts',(23.5805085245175,-6.4,-59.6822331752795));
#5830=CARTESIAN_POINT('Ctrl Pts',(23.5805085245175,-6.19156039133955,-59.6822331752795));
#5831=CARTESIAN_POINT('Ctrl Pts',(23.575059169055,-5.97536264840321,-59.6270960754915));
#5832=CARTESIAN_POINT('Ctrl Pts',(23.5388388046711,-5.58401377693224,-59.4305411947906));
#5833=CARTESIAN_POINT('Ctrl Pts',(23.5062516983319,-5.40809883491892,-59.2909882214769));
#5834=CARTESIAN_POINT('Ctrl Pts',(23.404710017667,-5.13017939290924,-58.9994924580045));
#5835=CARTESIAN_POINT('Ctrl Pts',(23.3287841872955,-5.0077552152907,-58.8262567199876));
#5836=CARTESIAN_POINT('Ctrl Pts',(23.1192498789644,-4.84252927021103,-58.4802338693379));
#5837=CARTESIAN_POINT('Ctrl Pts',(22.9847888506206,-4.8,-58.3078335884505));
#5838=CARTESIAN_POINT('Ctrl Pts',(22.6921664115496,-4.8,-58.0152111493794));
#5839=CARTESIAN_POINT('Ctrl Pts',(22.5197661306622,-4.84252927021102,-57.8807501210357));
#5840=CARTESIAN_POINT('Ctrl Pts',(22.1737432800125,-5.00775521529069,-57.6712158127046));
#5841=CARTESIAN_POINT('Ctrl Pts',(22.0005075419956,-5.13017939290923,-57.5952899823331));
#5842=CARTESIAN_POINT('Ctrl Pts',(21.7090117785232,-5.40809883491892,-57.4937483016682));
#5843=CARTESIAN_POINT('Ctrl Pts',(21.5694588052095,-5.58401377693224,-57.461161195329));
#5844=CARTESIAN_POINT('Ctrl Pts',(21.3729039245086,-5.97536264840321,-57.4249408309451));
#5845=CARTESIAN_POINT('Ctrl Pts',(21.3177668247206,-6.19156039133955,-57.4194914754826));
#5846=CARTESIAN_POINT('Ctrl Pts',(21.3177668247206,-6.60843960866045,-57.4194914754826));
#5847=CARTESIAN_POINT('Ctrl Pts',(21.3729039245086,-6.82463735159679,-57.4249408309451));
#5848=CARTESIAN_POINT('Ctrl Pts',(21.5694588052095,-7.21598622306776,-57.461161195329));
#5849=CARTESIAN_POINT('Ctrl Pts',(21.7090117785232,-7.39190116508108,-57.4937483016682));
#5850=CARTESIAN_POINT('Ctrl Pts',(22.0005075419956,-7.66982060709076,-57.5952899823331));
#5851=CARTESIAN_POINT('Ctrl Pts',(22.1737432800125,-7.79224478470931,-57.6712158127046));
#5852=CARTESIAN_POINT('Ctrl Pts',(22.5197661306622,-7.95747072978898,-57.8807501210357));
#5853=CARTESIAN_POINT('Ctrl Pts',(22.6921664115496,-8.,-58.0152111493795));
#5854=CARTESIAN_POINT('Ctrl Pts',(22.8384776310851,-8.,-58.161522368915));
#5855=CARTESIAN_POINT('Ctrl Pts',(22.8384776310851,-8.,-58.161522368915));
#5856=CARTESIAN_POINT('Ctrl Pts',(22.9847888506206,-8.,-58.3078335884505));
#5857=CARTESIAN_POINT('Ctrl Pts',(23.1192498789644,-7.95747072978897,-58.4802338693379));
#5858=CARTESIAN_POINT('Ctrl Pts',(23.3287841872955,-7.7922447847093,-58.8262567199876));
#5859=CARTESIAN_POINT('Ctrl Pts',(23.404710017667,-7.66982060709076,-58.9994924580045));
#5860=CARTESIAN_POINT('Ctrl Pts',(23.5062516983319,-7.39190116508108,-59.2909882214769));
#5861=CARTESIAN_POINT('Ctrl Pts',(23.5388388046711,-7.21598622306776,-59.4305411947906));
#5862=CARTESIAN_POINT('Ctrl Pts',(23.575059169055,-6.82463735159679,-59.6270960754915));
#5863=CARTESIAN_POINT('Ctrl Pts',(23.5805085245175,-6.60843960866045,-59.6822331752795));
#5864=CARTESIAN_POINT('Ctrl Pts',(23.5805085245175,-6.4,-59.6822331752795));
#5865=CARTESIAN_POINT('',(28.0710678118656,-8.,-52.9289321881345));
#5866=CARTESIAN_POINT('',(-24.9999999999999,-8.,-106.));
#5867=CARTESIAN_POINT('',(26.8486004967477,-6.4,-51.8886578034555));
#5868=CARTESIAN_POINT('Ctrl Pts',(26.8486004967477,-6.4,-51.8886578034555));
#5869=CARTESIAN_POINT('Ctrl Pts',(26.8486004967477,-6.19872603110217,-51.8886578034555));
#5870=CARTESIAN_POINT('Ctrl Pts',(26.8818967993669,-5.98427717342518,-51.9123480912833));
#5871=CARTESIAN_POINT('Ctrl Pts',(27.0146985172155,-5.59017539199658,-52.0106179822279));
#5872=CARTESIAN_POINT('Ctrl Pts',(27.1139324945645,-5.41049223335606,-52.085442809097));
#5873=CARTESIAN_POINT('Ctrl Pts',(27.3373994321669,-5.12676927836654,-52.2632207223974));
#5874=CARTESIAN_POINT('Ctrl Pts',(27.4765916341618,-5.00368859834444,-52.3781408341234));
#5875=CARTESIAN_POINT('Ctrl Pts',(27.7723756561236,-4.84029446632421,-52.6397075933904));
#5876=CARTESIAN_POINT('Ctrl Pts',(27.9287488454944,-4.8,-52.7866132217634));
#5877=CARTESIAN_POINT('Ctrl Pts',(28.2133867782367,-4.8,-53.0712511545057));
#5878=CARTESIAN_POINT('Ctrl Pts',(28.3602924066097,-4.84029446632421,-53.2276243438765));
#5879=CARTESIAN_POINT('Ctrl Pts',(28.6218591658767,-5.00368859834444,-53.5234083658383));
#5880=CARTESIAN_POINT('Ctrl Pts',(28.7367792776027,-5.12676927836654,-53.6626005678332));
#5881=CARTESIAN_POINT('Ctrl Pts',(28.9145571909031,-5.41049223335606,-53.8860675054356));
#5882=CARTESIAN_POINT('Ctrl Pts',(28.9893820177722,-5.59017539199658,-53.9853014827846));
#5883=CARTESIAN_POINT('Ctrl Pts',(29.0876519087168,-5.98427717342518,-54.1181032006332));
#5884=CARTESIAN_POINT('Ctrl Pts',(29.1113421965446,-6.19872603110216,-54.1513995032524));
#5885=CARTESIAN_POINT('Ctrl Pts',(29.1113421965446,-6.60127396889783,-54.1513995032524));
#5886=CARTESIAN_POINT('Ctrl Pts',(29.0876519087168,-6.81572282657482,-54.1181032006332));
#5887=CARTESIAN_POINT('Ctrl Pts',(28.9893820177722,-7.20982460800342,-53.9853014827846));
#5888=CARTESIAN_POINT('Ctrl Pts',(28.9145571909031,-7.38950776664393,-53.8860675054356));
#5889=CARTESIAN_POINT('Ctrl Pts',(28.7367792776027,-7.67323072163346,-53.6626005678332));
#5890=CARTESIAN_POINT('Ctrl Pts',(28.6218591658767,-7.79631140165556,-53.5234083658383));
#5891=CARTESIAN_POINT('Ctrl Pts',(28.3602924066097,-7.95970553367578,-53.2276243438765));
#5892=CARTESIAN_POINT('Ctrl Pts',(28.2133867782367,-8.,-53.0712511545057));
#5893=CARTESIAN_POINT('Ctrl Pts',(28.0710678118656,-8.,-52.9289321881345));
#5894=CARTESIAN_POINT('Ctrl Pts',(28.0710678118656,-8.,-52.9289321881345));
#5895=CARTESIAN_POINT('Ctrl Pts',(27.9287488454944,-8.,-52.7866132217634));
#5896=CARTESIAN_POINT('Ctrl Pts',(27.7723756561236,-7.95970553367578,-52.6397075933904));
#5897=CARTESIAN_POINT('Ctrl Pts',(27.4765916341618,-7.79631140165556,-52.3781408341234));
#5898=CARTESIAN_POINT('Ctrl Pts',(27.3373994321669,-7.67323072163346,-52.2632207223974));
#5899=CARTESIAN_POINT('Ctrl Pts',(27.1139324945645,-7.38950776664393,-52.085442809097));
#5900=CARTESIAN_POINT('Ctrl Pts',(27.0146985172155,-7.20982460800342,-52.0106179822279));
#5901=CARTESIAN_POINT('Ctrl Pts',(26.8818967993669,-6.81572282657482,-51.9123480912833));
#5902=CARTESIAN_POINT('Ctrl Pts',(26.8486004967477,-6.60127396889783,-51.8886578034555));
#5903=CARTESIAN_POINT('Ctrl Pts',(26.8486004967477,-6.4,-51.8886578034555));
#5904=CARTESIAN_POINT('Origin',(-24.9999999999999,-6.4,-106.));
#5905=CARTESIAN_POINT('',(7.49544511501042,-5.,-74.6));
#5906=CARTESIAN_POINT('',(5.30455488498974,-5.,-74.6));
#5907=CARTESIAN_POINT('Origin',(6.40000000000009,-6.4,-74.6));
#5908=CARTESIAN_POINT('',(8.69544511501043,-5.,-73.4));
#5909=CARTESIAN_POINT('',(-24.4522774424947,-5.,-106.547722557505));
#5910=CARTESIAN_POINT('',(6.50455488498975,-5.,-73.4));
#5911=CARTESIAN_POINT('Origin',(7.6000000000001,-6.4,-73.4));
#5912=CARTESIAN_POINT('',(-25.547722557505,-5.,-105.452277442495));
#5913=CARTESIAN_POINT('Origin',(-52.3999999999998,0.,-60.6));
#5914=CARTESIAN_POINT('',(-52.3999999999998,0.,-60.6));
#5915=CARTESIAN_POINT('',(-52.3999999999998,0.,-60.6));
#5916=CARTESIAN_POINT('',(-21.5999999999999,0.,-60.6));
#5917=CARTESIAN_POINT('',(-26.1999999999998,0.,-60.6));
#5918=CARTESIAN_POINT('',(-21.5999999999999,-5.,-60.6));
#5919=CARTESIAN_POINT('',(-21.5999999999999,0.,-60.6));
#5920=CARTESIAN_POINT('',(-52.3999999999998,-5.,-60.6));
#5921=CARTESIAN_POINT('Origin',(-52.3999999999998,0.,-72.2));
#5922=CARTESIAN_POINT('',(-52.3999999999998,-5.,-72.2));
#5923=CARTESIAN_POINT('',(-52.3999999999998,-5.,-72.2));
#5924=CARTESIAN_POINT('',(-52.3999999999998,0.,-72.2));
#5925=CARTESIAN_POINT('',(-52.3999999999998,0.,-72.2));
#5926=CARTESIAN_POINT('',(-52.3999999999998,0.,-47.2));
#5927=CARTESIAN_POINT('Origin',(1.4210854715202E-13,-5.,-22.2));
#5928=CARTESIAN_POINT('',(-52.3999999999998,-5.,-59.4));
#5929=CARTESIAN_POINT('',(-52.3999999999998,-5.,-59.4));
#5930=CARTESIAN_POINT('',(-52.3999999999998,-5.,-30.6444444444444));
#5931=CARTESIAN_POINT('',(-52.3999999999998,-5.,-72.2));
#5932=CARTESIAN_POINT('',(-30.9792129628555,-5.,-30.6444444444444));
#5933=CARTESIAN_POINT('',(-52.3999999999998,-5.,-30.6444444444444));
#5934=CARTESIAN_POINT('',(-30.9845559753396,-5.,-29.4444444444444));
#5935=CARTESIAN_POINT('Origin',(-20.9999999999999,-5.,-30.));
#5936=CARTESIAN_POINT('',(-52.3999999999998,-5.,-29.4444444444445));
#5937=CARTESIAN_POINT('',(-52.3999999999998,-5.,-29.4444444444444));
#5938=CARTESIAN_POINT('',(-52.3999999999998,-5.,-0.822222222222213));
#5939=CARTESIAN_POINT('',(-52.3999999999998,-5.,-72.2));
#5940=CARTESIAN_POINT('',(-21.5999999999999,-5.,-0.822222222222249));
#5941=CARTESIAN_POINT('',(-52.3999999999998,-5.,-0.822222222222212));
#5942=CARTESIAN_POINT('',(-21.5999999999999,-5.,-20.0180162292258));
#5943=CARTESIAN_POINT('',(-21.5999999999999,-5.,29.));
#5944=CARTESIAN_POINT('',(-20.3999999999999,-5.,-20.0180162292258));
#5945=CARTESIAN_POINT('Origin',(-20.9999999999999,-5.,-30.));
#5946=CARTESIAN_POINT('',(-20.3999999999999,-5.,-0.822222222222253));
#5947=CARTESIAN_POINT('',(-20.3999999999999,-5.,29.));
#5948=CARTESIAN_POINT('',(20.4000000000001,-5.,-0.822222222222302));
#5949=CARTESIAN_POINT('',(-52.3999999999998,-5.,-0.822222222222212));
#5950=CARTESIAN_POINT('',(20.4000000000001,-5.,-29.4444444444444));
#5951=CARTESIAN_POINT('',(20.4000000000001,-5.,29.));
#5952=CARTESIAN_POINT('',(-11.0154440246602,-5.,-29.4444444444444));
#5953=CARTESIAN_POINT('',(-52.3999999999998,-5.,-29.4444444444444));
#5954=CARTESIAN_POINT('',(-10.9999999999999,-5.,-30.));
#5955=CARTESIAN_POINT('Origin',(-20.9999999999999,-5.,-30.));
#5956=CARTESIAN_POINT('',(-11.0207870371443,-5.,-30.6444444444444));
#5957=CARTESIAN_POINT('Origin',(-20.9999999999999,-5.,-30.));
#5958=CARTESIAN_POINT('',(20.4000000000001,-5.,-30.6444444444445));
#5959=CARTESIAN_POINT('',(-52.3999999999998,-5.,-30.6444444444444));
#5960=CARTESIAN_POINT('',(20.4000000000001,-5.,-50.0180162292258));
#5961=CARTESIAN_POINT('',(20.4000000000001,-5.,29.));
#5962=CARTESIAN_POINT('',(21.6000000000001,-5.,-50.0180162292258));
#5963=CARTESIAN_POINT('Origin',(21.0000000000001,-5.,-60.));
#5964=CARTESIAN_POINT('',(21.6000000000001,-5.,-30.6444444444445));
#5965=CARTESIAN_POINT('',(21.6000000000001,-5.,29.));
#5966=CARTESIAN_POINT('',(52.4000000000001,-5.,-30.6444444444445));
#5967=CARTESIAN_POINT('',(-52.3999999999998,-5.,-30.6444444444444));
#5968=CARTESIAN_POINT('',(52.4000000000001,-5.,-59.4));
#5969=CARTESIAN_POINT('',(52.4000000000001,-5.,27.8));
#5970=CARTESIAN_POINT('',(30.9819837707743,-5.,-59.4));
#5971=CARTESIAN_POINT('',(-52.3999999999998,-5.,-59.4));
#5972=CARTESIAN_POINT('',(31.0000000000001,-5.,-60.));
#5973=CARTESIAN_POINT('Origin',(21.0000000000001,-5.,-60.));
#5974=CARTESIAN_POINT('',(30.9819837707743,-5.,-60.6));
#5975=CARTESIAN_POINT('Origin',(21.0000000000001,-5.,-60.));
#5976=CARTESIAN_POINT('',(52.4000000000001,-5.,-60.6));
#5977=CARTESIAN_POINT('',(-52.3999999999998,-5.,-60.6));
#5978=CARTESIAN_POINT('',(52.4000000000001,-5.,-72.2));
#5979=CARTESIAN_POINT('',(52.4000000000001,-5.,27.8));
#5980=CARTESIAN_POINT('',(51.2000000000001,-5.,-73.4));
#5981=CARTESIAN_POINT('Origin',(51.2000000000001,-5.,-72.2));
#5982=CARTESIAN_POINT('',(21.6000000000001,-5.,-73.4));
#5983=CARTESIAN_POINT('',(51.2000000000001,-5.,-73.4));
#5984=CARTESIAN_POINT('',(21.6000000000001,-5.,-69.9819837707742));
#5985=CARTESIAN_POINT('',(21.6000000000001,-5.,29.));
#5986=CARTESIAN_POINT('',(20.4000000000001,-5.,-69.9819837707742));
#5987=CARTESIAN_POINT('Origin',(21.0000000000001,-5.,-60.));
#5988=CARTESIAN_POINT('',(20.4000000000001,-5.,-73.4));
#5989=CARTESIAN_POINT('',(20.4000000000001,-5.,29.));
#5990=CARTESIAN_POINT('',(51.2000000000001,-5.,-73.4));
#5991=CARTESIAN_POINT('',(52.4000000000001,-5.,-74.6));
#5992=CARTESIAN_POINT('',(52.4000000000001,-5.,-74.6));
#5993=CARTESIAN_POINT('',(53.6000000000001,-5.,-73.4));
#5994=CARTESIAN_POINT('Origin',(52.4000000000001,-5.,-73.4));
#5995=CARTESIAN_POINT('',(53.6000000000001,-5.,29.));
#5996=CARTESIAN_POINT('',(53.6000000000001,-5.,29.));
#5997=CARTESIAN_POINT('',(52.4000000000001,-5.,30.2));
#5998=CARTESIAN_POINT('Origin',(52.4000000000001,-5.,29.));
#5999=CARTESIAN_POINT('',(-52.3999999999998,-5.,30.2));
#6000=CARTESIAN_POINT('',(-52.3999999999998,-5.,30.2));
#6001=CARTESIAN_POINT('',(-53.5999999999998,-5.,29.));
#6002=CARTESIAN_POINT('Origin',(-52.3999999999998,-5.,29.));
#6003=CARTESIAN_POINT('',(-53.5999999999998,-5.,-73.4));
#6004=CARTESIAN_POINT('',(-20.3999999999999,-5.,0.377777777777775));
#6005=CARTESIAN_POINT('',(-20.3999999999999,-5.,29.));
#6006=CARTESIAN_POINT('',(-20.3999999999999,-5.,29.));
#6007=CARTESIAN_POINT('',(20.4000000000001,-5.,29.));
#6008=CARTESIAN_POINT('',(-51.1999999999998,-5.,29.));
#6009=CARTESIAN_POINT('',(20.4000000000001,-5.,0.377777777777766));
#6010=CARTESIAN_POINT('',(20.4000000000001,-5.,29.));
#6011=CARTESIAN_POINT('',(-52.3999999999998,-5.,0.37777777777778));
#6012=CARTESIAN_POINT('',(52.4000000000001,-5.,-29.4444444444444));
#6013=CARTESIAN_POINT('',(21.6000000000001,-5.,-29.4444444444444));
#6014=CARTESIAN_POINT('',(-52.3999999999998,-5.,-29.4444444444444));
#6015=CARTESIAN_POINT('',(21.6000000000001,-5.,-0.822222222222302));
#6016=CARTESIAN_POINT('',(21.6000000000001,-5.,29.));
#6017=CARTESIAN_POINT('',(52.4000000000001,-5.,-0.822222222222342));
#6018=CARTESIAN_POINT('',(-52.3999999999998,-5.,-0.822222222222212));
#6019=CARTESIAN_POINT('',(52.4000000000001,-5.,27.8));
#6020=CARTESIAN_POINT('',(51.2000000000001,-5.,29.));
#6021=CARTESIAN_POINT('',(52.4000000000001,-5.,27.8));
#6022=CARTESIAN_POINT('Origin',(51.2000000000001,-5.,27.8));
#6023=CARTESIAN_POINT('',(52.4000000000001,-5.,0.377777777777757));
#6024=CARTESIAN_POINT('',(52.4000000000001,-5.,27.8));
#6025=CARTESIAN_POINT('',(21.6000000000001,-5.,0.377777777777766));
#6026=CARTESIAN_POINT('',(-52.3999999999998,-5.,0.37777777777778));
#6027=CARTESIAN_POINT('',(21.6000000000001,-5.,29.));
#6028=CARTESIAN_POINT('',(21.6000000000001,-5.,29.));
#6029=CARTESIAN_POINT('',(-51.1999999999998,-5.,29.));
#6030=CARTESIAN_POINT('',(-52.3999999999998,-5.,27.8));
#6031=CARTESIAN_POINT('',(-51.1999999999998,-5.,29.));
#6032=CARTESIAN_POINT('Origin',(-51.1999999999998,-5.,27.8));
#6033=CARTESIAN_POINT('',(-21.5999999999999,-5.,29.));
#6034=CARTESIAN_POINT('',(-51.1999999999998,-5.,29.));
#6035=CARTESIAN_POINT('',(-21.5999999999999,-5.,0.377777777777775));
#6036=CARTESIAN_POINT('',(-21.5999999999999,-5.,29.));
#6037=CARTESIAN_POINT('',(-52.3999999999998,-5.,0.377777777777779));
#6038=CARTESIAN_POINT('',(-52.3999999999998,-5.,0.37777777777778));
#6039=CARTESIAN_POINT('',(-52.3999999999998,-5.,-72.2));
#6040=CARTESIAN_POINT('Origin',(20.4000000000001,0.,-73.4));
#6041=CARTESIAN_POINT('',(20.4000000000001,0.,-73.4));
#6042=CARTESIAN_POINT('',(20.4000000000001,0.,-73.4));
#6043=CARTESIAN_POINT('',(-20.3999999999999,0.,-73.4));
#6044=CARTESIAN_POINT('',(10.2000000000001,0.,-73.4));
#6045=CARTESIAN_POINT('',(-20.3999999999999,-5.,-73.4));
#6046=CARTESIAN_POINT('',(-20.3999999999999,0.,-73.4));
#6047=CARTESIAN_POINT('',(51.2000000000001,-5.,-73.4));
#6048=CARTESIAN_POINT('Origin',(20.4000000000001,0.,-69.9819837707742));
#6049=CARTESIAN_POINT('',(20.4000000000001,0.,-72.9861464645983));
#6050=CARTESIAN_POINT('',(20.4000000000001,-3.,-69.9819837707742));
#6051=CARTESIAN_POINT('Ctrl Pts',(20.4000000000001,-2.05432527401305E-31,
-72.9861464645983));
#6052=CARTESIAN_POINT('Ctrl Pts',(20.4000000000001,-3.06311938747434E-16,
-72.6153378740323));
#6053=CARTESIAN_POINT('Ctrl Pts',(20.4000000000001,-0.0867508175934973,
-72.1789058962249));
#6054=CARTESIAN_POINT('Ctrl Pts',(20.4000000000001,-0.370315209392246,-71.4937697709692));
#6055=CARTESIAN_POINT('Ctrl Pts',(20.4000000000001,-0.61726814456588,-71.1237883121056));
#6056=CARTESIAN_POINT('Ctrl Pts',(20.4000000000001,-1.14103597118443,-70.5995075020829));
#6057=CARTESIAN_POINT('Ctrl Pts',(20.4000000000001,-1.51045197470887,-70.3523515130075));
#6058=CARTESIAN_POINT('Ctrl Pts',(20.4000000000001,-2.19443122631817,-70.0687365963473));
#6059=CARTESIAN_POINT('Ctrl Pts',(20.4000000000001,-2.62994309609631,-69.9819837707742));
#6060=CARTESIAN_POINT('Ctrl Pts',(20.4000000000001,-3.,-69.9819837707742));
#6061=CARTESIAN_POINT('',(20.4000000000001,0.,-46.0909918853871));
#6062=CARTESIAN_POINT('',(20.4000000000001,0.,-69.9819837707742));
#6063=CARTESIAN_POINT('Origin',(30.9819837707743,0.,-60.6));
#6064=CARTESIAN_POINT('',(33.9861464645984,0.,-60.6));
#6065=CARTESIAN_POINT('',(30.9819837707743,-3.,-60.6));
#6066=CARTESIAN_POINT('Ctrl Pts',(33.9861464645984,0.,-60.6));
#6067=CARTESIAN_POINT('Ctrl Pts',(33.6153378740324,2.26812814352029E-17,
-60.6));
#6068=CARTESIAN_POINT('Ctrl Pts',(33.178905896225,-0.0867508175934975,-60.6));
#6069=CARTESIAN_POINT('Ctrl Pts',(32.4937697709693,-0.370315209392247,-60.6));
#6070=CARTESIAN_POINT('Ctrl Pts',(32.1237883121057,-0.61726814456588,-60.6));
#6071=CARTESIAN_POINT('Ctrl Pts',(31.599507502083,-1.14103597118443,-60.6));
#6072=CARTESIAN_POINT('Ctrl Pts',(31.3523515130076,-1.51045197470887,-60.6));
#6073=CARTESIAN_POINT('Ctrl Pts',(31.0687365963474,-2.19443122631816,-60.6));
#6074=CARTESIAN_POINT('Ctrl Pts',(30.9819837707743,-2.62994309609631,-60.6));
#6075=CARTESIAN_POINT('Ctrl Pts',(30.9819837707743,-3.,-60.6));
#6076=CARTESIAN_POINT('',(52.4000000000001,0.,-60.6));
#6077=CARTESIAN_POINT('',(15.4909918853872,0.,-60.6));
#6078=CARTESIAN_POINT('',(52.4000000000001,0.,-60.6));
#6079=CARTESIAN_POINT('',(30.9819837707743,0.,-60.6));
#6080=CARTESIAN_POINT('Origin',(11.0180162292259,0.,-59.4));
#6081=CARTESIAN_POINT('',(8.01385353540174,0.,-59.4));
#6082=CARTESIAN_POINT('',(11.0180162292259,-3.,-59.4));
#6083=CARTESIAN_POINT('Ctrl Pts',(8.01385353540174,8.67361737988404E-18,
-59.4));
#6084=CARTESIAN_POINT('Ctrl Pts',(8.38466212596774,2.41116261914529E-17,
-59.4));
#6085=CARTESIAN_POINT('Ctrl Pts',(8.82109410377518,-0.086750817593497,-59.4));
#6086=CARTESIAN_POINT('Ctrl Pts',(9.50623022903086,-0.370315209392247,-59.4));
#6087=CARTESIAN_POINT('Ctrl Pts',(9.87621168789451,-0.617268144565881,-59.4));
#6088=CARTESIAN_POINT('Ctrl Pts',(10.4004924979171,-1.14103597118443,-59.4));
#6089=CARTESIAN_POINT('Ctrl Pts',(10.6476484869925,-1.51045197470887,-59.4));
#6090=CARTESIAN_POINT('Ctrl Pts',(10.9312634036527,-2.19443122631816,-59.4));
#6091=CARTESIAN_POINT('Ctrl Pts',(11.0180162292259,-2.62994309609631,-59.4));
#6092=CARTESIAN_POINT('Ctrl Pts',(11.0180162292259,-3.,-59.4));
#6093=CARTESIAN_POINT('',(-20.3999999999999,0.,-59.4));
#6094=CARTESIAN_POINT('',(5.509008114613,0.,-59.4));
#6095=CARTESIAN_POINT('',(-20.3999999999999,-5.,-59.4));
#6096=CARTESIAN_POINT('',(-20.3999999999999,0.,-59.4));
#6097=CARTESIAN_POINT('',(11.0180162292259,-5.,-59.4));
#6098=CARTESIAN_POINT('',(-52.3999999999998,-5.,-59.4));
#6099=CARTESIAN_POINT('',(11.0180162292259,0.,-59.4));
#6100=CARTESIAN_POINT('Origin',(-21.5999999999999,0.,-39.9819837707742));
#6101=CARTESIAN_POINT('',(-21.5999999999999,0.,-42.9861464645983));
#6102=CARTESIAN_POINT('',(-21.5999999999999,-3.,-39.9819837707742));
#6103=CARTESIAN_POINT('Ctrl Pts',(-21.5999999999999,2.60208521396521E-17,
-42.9861464645983));
#6104=CARTESIAN_POINT('Ctrl Pts',(-21.5999999999999,-2.0040327709669E-16,
-42.6153378740323));
#6105=CARTESIAN_POINT('Ctrl Pts',(-21.5999999999999,-0.0867508175934973,
-42.1789058962249));
#6106=CARTESIAN_POINT('Ctrl Pts',(-21.5999999999999,-0.370315209392246,
-41.4937697709692));
#6107=CARTESIAN_POINT('Ctrl Pts',(-21.5999999999999,-0.61726814456588,-41.1237883121056));
#6108=CARTESIAN_POINT('Ctrl Pts',(-21.5999999999999,-1.14103597118443,-40.5995075020829));
#6109=CARTESIAN_POINT('Ctrl Pts',(-21.5999999999999,-1.51045197470887,-40.3523515130075));
#6110=CARTESIAN_POINT('Ctrl Pts',(-21.5999999999999,-2.19443122631816,-40.0687365963473));
#6111=CARTESIAN_POINT('Ctrl Pts',(-21.5999999999999,-2.62994309609631,-39.9819837707742));
#6112=CARTESIAN_POINT('Ctrl Pts',(-21.5999999999999,-3.,-39.9819837707742));
#6113=CARTESIAN_POINT('',(-21.5999999999999,0.,-59.4));
#6114=CARTESIAN_POINT('',(-21.5999999999999,0.,-31.0909918853871));
#6115=CARTESIAN_POINT('',(-21.5999999999999,-5.,-59.4));
#6116=CARTESIAN_POINT('',(-21.5999999999999,0.,-59.4));
#6117=CARTESIAN_POINT('',(-21.5999999999999,-5.,-39.9819837707742));
#6118=CARTESIAN_POINT('',(-21.5999999999999,-5.,29.));
#6119=CARTESIAN_POINT('',(-21.5999999999999,0.,-39.9819837707742));
#6120=CARTESIAN_POINT('Origin',(21.6000000000001,0.,-50.0180162292258));
#6121=CARTESIAN_POINT('',(21.6000000000001,0.,-47.0138535354017));
#6122=CARTESIAN_POINT('',(21.6000000000001,-3.,-50.0180162292258));
#6123=CARTESIAN_POINT('Ctrl Pts',(21.6000000000001,-1.25767452008319E-16,
-47.0138535354017));
#6124=CARTESIAN_POINT('Ctrl Pts',(21.6000000000001,-3.72775592993419E-16,
-47.3846621259677));
#6125=CARTESIAN_POINT('Ctrl Pts',(21.6000000000001,-0.086750817593497,-47.8210941037751));
#6126=CARTESIAN_POINT('Ctrl Pts',(21.6000000000001,-0.370315209392246,-48.5062302290308));
#6127=CARTESIAN_POINT('Ctrl Pts',(21.6000000000001,-0.61726814456588,-48.8762116878944));
#6128=CARTESIAN_POINT('Ctrl Pts',(21.6000000000001,-1.14103597118443,-49.4004924979171));
#6129=CARTESIAN_POINT('Ctrl Pts',(21.6000000000001,-1.51045197470887,-49.6476484869925));
#6130=CARTESIAN_POINT('Ctrl Pts',(21.6000000000001,-2.19443122631817,-49.9312634036527));
#6131=CARTESIAN_POINT('Ctrl Pts',(21.6000000000001,-2.62994309609631,-50.0180162292258));
#6132=CARTESIAN_POINT('Ctrl Pts',(21.6000000000001,-3.,-50.0180162292258));
#6133=CARTESIAN_POINT('',(21.6000000000001,0.,-30.6444444444445));
#6134=CARTESIAN_POINT('',(21.6000000000001,0.,-36.1090081146129));
#6135=CARTESIAN_POINT('',(21.6000000000001,0.,-30.6444444444445));
#6136=CARTESIAN_POINT('',(21.6000000000001,0.,-50.0180162292258));
#6137=CARTESIAN_POINT('Origin',(-11.0207870371443,0.,-30.6444444444444));
#6138=CARTESIAN_POINT('',(-8.01598323483726,0.,-30.6444444444444));
#6139=CARTESIAN_POINT('',(-11.0207870371443,-3.,-30.6444444444444));
#6140=CARTESIAN_POINT('Ctrl Pts',(-8.01598323483726,4.33680868994202E-17,
-30.6444444444444));
#6141=CARTESIAN_POINT('Ctrl Pts',(-8.38687927257703,8.96930354940256E-17,
-30.6444444444444));
#6142=CARTESIAN_POINT('Ctrl Pts',(-8.82341596408669,-0.0867622667623112,
-30.6444444444444));
#6143=CARTESIAN_POINT('Ctrl Pts',(-9.50870927015314,-0.370356582806647,
-30.6444444444444));
#6144=CARTESIAN_POINT('Ctrl Pts',(-9.87877835099538,-0.617327884637977,
-30.6444444444444));
#6145=CARTESIAN_POINT('Ctrl Pts',(-10.4031641406941,-1.14112164646112,-30.6444444444444));
#6146=CARTESIAN_POINT('Ctrl Pts',(-10.6503697907069,-1.51053816379251,-30.6444444444444));
#6147=CARTESIAN_POINT('Ctrl Pts',(-10.9340224467092,-2.19449645078755,-30.6444444444444));
#6148=CARTESIAN_POINT('Ctrl Pts',(-11.0207870371443,-2.62997137510777,-30.6444444444444));
#6149=CARTESIAN_POINT('Ctrl Pts',(-11.0207870371443,-3.,-30.6444444444444));
#6150=CARTESIAN_POINT('',(20.4000000000001,0.,-30.6444444444445));
#6151=CARTESIAN_POINT('',(-5.51039351857209,0.,-30.6444444444444));
#6152=CARTESIAN_POINT('',(20.4000000000001,0.,-30.6444444444445));
#6153=CARTESIAN_POINT('',(-11.0207870371443,0.,-30.6444444444444));
#6154=CARTESIAN_POINT('Origin',(-30.9845559753396,0.,-29.4444444444444));
#6155=CARTESIAN_POINT('',(-33.9881237299576,0.,-29.4444444444444));
#6156=CARTESIAN_POINT('',(-30.9845559753396,-3.,-29.4444444444444));
#6157=CARTESIAN_POINT('Ctrl Pts',(-33.9881237299576,-7.80625564189563E-17,
-29.4444444444444));
#6158=CARTESIAN_POINT('Ctrl Pts',(-33.6173962946605,-1.6324036239889E-17,
-29.4444444444444));
#6159=CARTESIAN_POINT('Ctrl Pts',(-33.1810614963485,-0.0867401915383575,
-29.4444444444444));
#6160=CARTESIAN_POINT('Ctrl Pts',(-32.4960712341531,-0.370276807789471,
-29.4444444444444));
#6161=CARTESIAN_POINT('Ctrl Pts',(-32.1261710840723,-0.617212696711948,
-29.4444444444444));
#6162=CARTESIAN_POINT('Ctrl Pts',(-31.6019876875852,-1.14095645272012,-29.4444444444444));
#6163=CARTESIAN_POINT('Ctrl Pts',(-31.3548777802883,-1.5103719776003,-29.4444444444444));
#6164=CARTESIAN_POINT('Ctrl Pts',(-31.0712978834383,-2.19437068916839,-29.4444444444444));
#6165=CARTESIAN_POINT('Ctrl Pts',(-30.9845559753396,-2.62991684884368,-29.4444444444444));
#6166=CARTESIAN_POINT('Ctrl Pts',(-30.9845559753396,-3.,-29.4444444444444));
#6167=CARTESIAN_POINT('',(-52.3999999999998,0.,-29.4444444444444));
#6168=CARTESIAN_POINT('',(-15.4922779876697,0.,-29.4444444444444));
#6169=CARTESIAN_POINT('',(-52.3999999999998,0.,-29.4444444444444));
#6170=CARTESIAN_POINT('',(-30.9845559753396,0.,-29.4444444444444));
#6171=CARTESIAN_POINT('Origin',(-21.5999999999999,0.,-0.822222222222249));
#6172=CARTESIAN_POINT('',(-21.5999999999999,-3.,-20.0180162292258));
#6173=CARTESIAN_POINT('',(-21.5999999999999,0.,-17.0138535354017));
#6174=CARTESIAN_POINT('Ctrl Pts',(-21.5999999999999,-3.,-20.0180162292258));
#6175=CARTESIAN_POINT('Ctrl Pts',(-21.5999999999999,-2.62994309609631,-20.0180162292258));
#6176=CARTESIAN_POINT('Ctrl Pts',(-21.5999999999999,-2.19443122631817,-19.9312634036527));
#6177=CARTESIAN_POINT('Ctrl Pts',(-21.5999999999999,-1.51045197470887,-19.6476484869924));
#6178=CARTESIAN_POINT('Ctrl Pts',(-21.5999999999999,-1.14103597118443,-19.4004924979171));
#6179=CARTESIAN_POINT('Ctrl Pts',(-21.5999999999999,-0.61726814456588,-18.8762116878944));
#6180=CARTESIAN_POINT('Ctrl Pts',(-21.5999999999999,-0.370315209392246,
-18.5062302290308));
#6181=CARTESIAN_POINT('Ctrl Pts',(-21.5999999999999,-0.0867508175934965,
-17.8210941037751));
#6182=CARTESIAN_POINT('Ctrl Pts',(-21.5999999999999,-1.71044764855938E-16,
-17.3846621259677));
#6183=CARTESIAN_POINT('Ctrl Pts',(-21.5999999999999,-1.86482773667507E-16,
-17.0138535354017));
#6184=CARTESIAN_POINT('',(-21.5999999999999,0.,-20.0180162292258));
#6185=CARTESIAN_POINT('',(-21.5999999999999,0.,-0.822222222222249));
#6186=CARTESIAN_POINT('',(-21.5999999999999,0.,-0.822222222222249));
#6187=CARTESIAN_POINT('',(-21.5999999999999,0.,-11.5111111111111));
#6188=CARTESIAN_POINT('Origin',(-20.3999999999999,0.,-20.0180162292258));
#6189=CARTESIAN_POINT('',(-20.3999999999999,0.,-17.0138535354017));
#6190=CARTESIAN_POINT('',(-20.3999999999999,-3.,-20.0180162292258));
#6191=CARTESIAN_POINT('Ctrl Pts',(-20.3999999999999,-3.46944695195361E-17,
-17.0138535354017));
#6192=CARTESIAN_POINT('Ctrl Pts',(-20.3999999999999,-2.44024636451568E-17,
-17.3846621259677));
#6193=CARTESIAN_POINT('Ctrl Pts',(-20.3999999999999,-0.0867508175934965,
-17.8210941037751));
#6194=CARTESIAN_POINT('Ctrl Pts',(-20.3999999999999,-0.370315209392248,
-18.5062302290308));
#6195=CARTESIAN_POINT('Ctrl Pts',(-20.3999999999999,-0.617268144565881,
-18.8762116878944));
#6196=CARTESIAN_POINT('Ctrl Pts',(-20.3999999999999,-1.14103597118443,-19.4004924979171));
#6197=CARTESIAN_POINT('Ctrl Pts',(-20.3999999999999,-1.51045197470887,-19.6476484869924));
#6198=CARTESIAN_POINT('Ctrl Pts',(-20.3999999999999,-2.19443122631816,-19.9312634036527));
#6199=CARTESIAN_POINT('Ctrl Pts',(-20.3999999999999,-2.62994309609631,-20.0180162292258));
#6200=CARTESIAN_POINT('Ctrl Pts',(-20.3999999999999,-3.,-20.0180162292258));
#6201=CARTESIAN_POINT('',(-20.3999999999999,0.,-0.822222222222253));
#6202=CARTESIAN_POINT('',(-20.3999999999999,0.,-21.1090081146129));
#6203=CARTESIAN_POINT('',(-20.3999999999999,0.,-0.822222222222253));
#6204=CARTESIAN_POINT('',(-20.3999999999999,0.,-20.0180162292258));
#6205=CARTESIAN_POINT('Origin',(20.4000000000001,0.,0.377777777777765));
#6206=CARTESIAN_POINT('',(-20.3999999999999,0.,0.377777777777775));
#6207=CARTESIAN_POINT('',(20.4000000000001,0.,0.377777777777766));
#6208=CARTESIAN_POINT('',(10.2000000000001,0.,0.377777777777768));
#6209=CARTESIAN_POINT('',(-20.3999999999999,0.,0.377777777777775));
#6210=CARTESIAN_POINT('',(20.4000000000001,0.,0.377777777777766));
#6211=CARTESIAN_POINT('Origin',(20.4000000000001,0.,29.));
#6212=CARTESIAN_POINT('',(20.4000000000001,0.,29.));
#6213=CARTESIAN_POINT('',(20.4000000000001,0.,3.4));
#6214=CARTESIAN_POINT('',(20.4000000000001,0.,29.));
#6215=CARTESIAN_POINT('Origin',(-20.3999999999999,0.,29.));
#6216=CARTESIAN_POINT('',(-20.3999999999999,0.,29.));
#6217=CARTESIAN_POINT('',(-10.1999999999999,0.,29.));
#6218=CARTESIAN_POINT('',(-20.3999999999999,0.,29.));
#6219=CARTESIAN_POINT('Origin',(-20.3999999999999,0.,0.377777777777775));
#6220=CARTESIAN_POINT('',(-20.3999999999999,0.,-10.9111111111111));
#6221=CARTESIAN_POINT('Origin',(52.4000000000001,0.,-0.822222222222342));
#6222=CARTESIAN_POINT('',(52.4000000000001,0.,-29.4444444444444));
#6223=CARTESIAN_POINT('',(52.4000000000001,0.,-0.822222222222342));
#6224=CARTESIAN_POINT('',(52.4000000000001,0.,-11.5111111111112));
#6225=CARTESIAN_POINT('',(52.4000000000001,0.,-29.4444444444444));
#6226=CARTESIAN_POINT('',(52.4000000000001,0.,-0.822222222222342));
#6227=CARTESIAN_POINT('Origin',(21.6000000000001,0.,-0.822222222222304));
#6228=CARTESIAN_POINT('',(21.6000000000001,0.,-0.822222222222302));
#6229=CARTESIAN_POINT('',(10.8000000000001,0.,-0.822222222222289));
#6230=CARTESIAN_POINT('',(21.6000000000001,0.,-0.822222222222302));
#6231=CARTESIAN_POINT('Origin',(21.6000000000001,0.,-29.4444444444444));
#6232=CARTESIAN_POINT('',(21.6000000000001,0.,-29.4444444444444));
#6233=CARTESIAN_POINT('',(21.6000000000001,0.,-25.8222222222222));
#6234=CARTESIAN_POINT('',(21.6000000000001,0.,-29.4444444444444));
#6235=CARTESIAN_POINT('Origin',(52.4000000000001,0.,-29.4444444444444));
#6236=CARTESIAN_POINT('',(26.2000000000001,0.,-29.4444444444444));
#6237=CARTESIAN_POINT('Origin',(21.6000000000001,0.,29.));
#6238=CARTESIAN_POINT('',(51.2000000000001,0.,29.));
#6239=CARTESIAN_POINT('',(21.6000000000001,0.,29.));
#6240=CARTESIAN_POINT('',(10.8000000000001,0.,29.));
#6241=CARTESIAN_POINT('',(51.2000000000001,0.,29.));
#6242=CARTESIAN_POINT('',(21.6000000000001,0.,29.));
#6243=CARTESIAN_POINT('Origin',(21.6000000000001,0.,0.377777777777766));
#6244=CARTESIAN_POINT('',(21.6000000000001,0.,0.377777777777766));
#6245=CARTESIAN_POINT('',(21.6000000000001,0.,-10.9111111111111));
#6246=CARTESIAN_POINT('',(21.6000000000001,0.,0.377777777777766));
#6247=CARTESIAN_POINT('Origin',(52.4000000000001,0.,0.377777777777759));
#6248=CARTESIAN_POINT('',(52.4000000000001,0.,0.377777777777759));
#6249=CARTESIAN_POINT('',(26.2000000000001,0.,0.377777777777761));
#6250=CARTESIAN_POINT('',(52.4000000000001,0.,0.377777777777759));
#6251=CARTESIAN_POINT('Origin',(52.4000000000001,0.,27.8));
#6252=CARTESIAN_POINT('',(52.4000000000001,0.,27.8));
#6253=CARTESIAN_POINT('',(52.4000000000001,0.,2.8));
#6254=CARTESIAN_POINT('',(52.4000000000001,0.,27.8));
#6255=CARTESIAN_POINT('Origin',(51.2000000000001,0.,27.8));
#6256=CARTESIAN_POINT('Origin',(51.2000000000001,0.,27.8));
#6257=CARTESIAN_POINT('Origin',(-21.5999999999999,0.,-73.4));
#6258=CARTESIAN_POINT('',(-51.1999999999998,0.,-73.4));
#6259=CARTESIAN_POINT('',(-21.5999999999999,0.,-73.4));
#6260=CARTESIAN_POINT('',(-10.7999999999999,0.,-73.4));
#6261=CARTESIAN_POINT('',(-51.1999999999998,-5.,-73.4));
#6262=CARTESIAN_POINT('',(-51.1999999999998,0.,-73.4));
#6263=CARTESIAN_POINT('',(-21.5999999999999,-5.,-73.4));
#6264=CARTESIAN_POINT('',(51.2000000000001,-5.,-73.4));
#6265=CARTESIAN_POINT('',(-21.5999999999999,0.,-73.4));
#6266=CARTESIAN_POINT('Origin',(-21.5999999999999,0.,-60.6));
#6267=CARTESIAN_POINT('',(-21.5999999999999,0.,-41.4));
#6268=CARTESIAN_POINT('',(-21.5999999999999,-5.,29.));
#6269=CARTESIAN_POINT('Origin',(-51.1999999999998,0.,-72.2));
#6270=CARTESIAN_POINT('Origin',(-51.1999999999998,0.,-72.2));
#6271=CARTESIAN_POINT('Origin',(-51.1999999999998,-5.,-72.2));
#6272=CARTESIAN_POINT('Origin',(-52.3999999999998,0.,-30.6444444444444));
#6273=CARTESIAN_POINT('',(-30.9792129628555,-3.,-30.6444444444444));
#6274=CARTESIAN_POINT('',(-33.9840167651626,0.,-30.6444444444444));
#6275=CARTESIAN_POINT('Ctrl Pts',(-30.9792129628555,-3.,-30.6444444444444));
#6276=CARTESIAN_POINT('Ctrl Pts',(-30.9792129628555,-2.62997137510777,-30.6444444444444));
#6277=CARTESIAN_POINT('Ctrl Pts',(-31.0659775532906,-2.19449645078755,-30.6444444444444));
#6278=CARTESIAN_POINT('Ctrl Pts',(-31.3496302092929,-1.51053816379251,-30.6444444444444));
#6279=CARTESIAN_POINT('Ctrl Pts',(-31.5968358593057,-1.14112164646112,-30.6444444444444));
#6280=CARTESIAN_POINT('Ctrl Pts',(-32.1212216490044,-0.617327884637978,
-30.6444444444444));
#6281=CARTESIAN_POINT('Ctrl Pts',(-32.4912907298467,-0.370356582806647,
-30.6444444444444));
#6282=CARTESIAN_POINT('Ctrl Pts',(-33.1765840359131,-0.0867622667623105,
-30.6444444444444));
#6283=CARTESIAN_POINT('Ctrl Pts',(-33.6131207274228,-5.18051084214873E-16,
-30.6444444444444));
#6284=CARTESIAN_POINT('Ctrl Pts',(-33.9840167651626,-1.47451495458029E-16,
-30.6444444444444));
#6285=CARTESIAN_POINT('',(-30.9792129628555,0.,-30.6444444444444));
#6286=CARTESIAN_POINT('',(-52.3999999999998,0.,-30.6444444444444));
#6287=CARTESIAN_POINT('',(-52.3999999999998,0.,-30.6444444444444));
#6288=CARTESIAN_POINT('',(-26.1999999999998,0.,-30.6444444444444));
#6289=CARTESIAN_POINT('Origin',(-52.3999999999998,0.,-59.4));
#6290=CARTESIAN_POINT('',(-52.3999999999998,0.,-59.4));
#6291=CARTESIAN_POINT('',(-52.3999999999998,0.,-40.8));
#6292=CARTESIAN_POINT('',(-52.3999999999998,0.,-59.4));
#6293=CARTESIAN_POINT('Origin',(-21.5999999999999,0.,-59.4));
#6294=CARTESIAN_POINT('',(-52.3999999999998,-5.,-59.4));
#6295=CARTESIAN_POINT('',(-10.7999999999999,0.,-59.4));
#6296=CARTESIAN_POINT('Origin',(-20.3999999999999,0.,-59.4));
#6297=CARTESIAN_POINT('',(-20.3999999999999,-3.,-39.9819837707742));
#6298=CARTESIAN_POINT('',(-20.3999999999999,0.,-42.9861464645983));
#6299=CARTESIAN_POINT('Ctrl Pts',(-20.3999999999999,-3.,-39.9819837707742));
#6300=CARTESIAN_POINT('Ctrl Pts',(-20.3999999999999,-2.62994309609631,-39.9819837707742));
#6301=CARTESIAN_POINT('Ctrl Pts',(-20.3999999999999,-2.19443122631816,-40.0687365963473));
#6302=CARTESIAN_POINT('Ctrl Pts',(-20.3999999999999,-1.51045197470887,-40.3523515130075));
#6303=CARTESIAN_POINT('Ctrl Pts',(-20.3999999999999,-1.14103597118443,-40.5995075020829));
#6304=CARTESIAN_POINT('Ctrl Pts',(-20.3999999999999,-0.61726814456588,-41.1237883121056));
#6305=CARTESIAN_POINT('Ctrl Pts',(-20.3999999999999,-0.370315209392247,
-41.4937697709692));
#6306=CARTESIAN_POINT('Ctrl Pts',(-20.3999999999999,-0.0867508175934981,
-42.1789058962249));
#6307=CARTESIAN_POINT('Ctrl Pts',(-20.3999999999999,-1.10816140933361E-15,
-42.6153378740323));
#6308=CARTESIAN_POINT('Ctrl Pts',(-20.3999999999999,-5.42101086242752E-16,
-42.9861464645983));
#6309=CARTESIAN_POINT('',(-20.3999999999999,-5.,-39.9819837707742));
#6310=CARTESIAN_POINT('',(-20.3999999999999,0.,-39.9819837707742));
#6311=CARTESIAN_POINT('',(-20.3999999999999,-5.,29.));
#6312=CARTESIAN_POINT('',(-20.3999999999999,0.,-40.8));
#6313=CARTESIAN_POINT('Origin',(-20.3999999999999,0.,-60.6));
#6314=CARTESIAN_POINT('',(11.0180162292259,-3.,-60.6));
#6315=CARTESIAN_POINT('',(8.01385353540174,0.,-60.6));
#6316=CARTESIAN_POINT('Ctrl Pts',(11.0180162292259,-3.,-60.6));
#6317=CARTESIAN_POINT('Ctrl Pts',(11.0180162292259,-2.62994309609631,-60.6));
#6318=CARTESIAN_POINT('Ctrl Pts',(10.9312634036527,-2.19443122631816,-60.6));
#6319=CARTESIAN_POINT('Ctrl Pts',(10.6476484869925,-1.51045197470887,-60.6));
#6320=CARTESIAN_POINT('Ctrl Pts',(10.4004924979171,-1.14103597118443,-60.6));
#6321=CARTESIAN_POINT('Ctrl Pts',(9.87621168789451,-0.617268144565881,-60.6));
#6322=CARTESIAN_POINT('Ctrl Pts',(9.50623022903086,-0.370315209392247,-60.6));
#6323=CARTESIAN_POINT('Ctrl Pts',(8.82109410377518,-0.0867508175934973,
-60.6));
#6324=CARTESIAN_POINT('Ctrl Pts',(8.38466212596774,8.7545368046088E-17,
-60.6));
#6325=CARTESIAN_POINT('Ctrl Pts',(8.01385353540174,8.23993651088983E-17,
-60.6));
#6326=CARTESIAN_POINT('',(11.0180162292259,-5.,-60.6));
#6327=CARTESIAN_POINT('',(11.0180162292259,0.,-60.6));
#6328=CARTESIAN_POINT('',(-20.3999999999999,-5.,-60.6));
#6329=CARTESIAN_POINT('',(-52.3999999999998,-5.,-60.6));
#6330=CARTESIAN_POINT('',(-20.3999999999999,0.,-60.6));
#6331=CARTESIAN_POINT('',(-20.3999999999999,0.,-60.6));
#6332=CARTESIAN_POINT('',(-10.1999999999999,0.,-60.6));
#6333=CARTESIAN_POINT('Origin',(-20.3999999999999,0.,-73.4));
#6334=CARTESIAN_POINT('',(-20.3999999999999,0.,-47.8));
#6335=CARTESIAN_POINT('',(-20.3999999999999,-5.,29.));
#6336=CARTESIAN_POINT('Origin',(21.6000000000001,0.,-73.4));
#6337=CARTESIAN_POINT('',(21.6000000000001,-3.,-69.9819837707742));
#6338=CARTESIAN_POINT('',(21.6000000000001,0.,-72.9861464645983));
#6339=CARTESIAN_POINT('Ctrl Pts',(21.6000000000001,-3.,-69.9819837707742));
#6340=CARTESIAN_POINT('Ctrl Pts',(21.6000000000001,-2.62994309609631,-69.9819837707742));
#6341=CARTESIAN_POINT('Ctrl Pts',(21.6000000000001,-2.19443122631817,-70.0687365963473));
#6342=CARTESIAN_POINT('Ctrl Pts',(21.6000000000001,-1.51045197470887,-70.3523515130075));
#6343=CARTESIAN_POINT('Ctrl Pts',(21.6000000000001,-1.14103597118443,-70.5995075020829));
#6344=CARTESIAN_POINT('Ctrl Pts',(21.6000000000001,-0.61726814456588,-71.1237883121056));
#6345=CARTESIAN_POINT('Ctrl Pts',(21.6000000000001,-0.370315209392246,-71.4937697709692));
#6346=CARTESIAN_POINT('Ctrl Pts',(21.6000000000001,-0.086750817593497,-72.1789058962249));
#6347=CARTESIAN_POINT('Ctrl Pts',(21.6000000000001,-6.78425628463535E-16,
-72.6153378740323));
#6348=CARTESIAN_POINT('Ctrl Pts',(21.6000000000001,-3.07913416985883E-16,
-72.9861464645983));
#6349=CARTESIAN_POINT('',(21.6000000000001,0.,-69.9819837707742));
#6350=CARTESIAN_POINT('',(21.6000000000001,0.,-73.4));
#6351=CARTESIAN_POINT('',(21.6000000000001,0.,-73.4));
#6352=CARTESIAN_POINT('',(21.6000000000001,0.,-47.8));
#6353=CARTESIAN_POINT('Origin',(51.2000000000001,0.,-73.4));
#6354=CARTESIAN_POINT('',(51.2000000000001,0.,-73.4));
#6355=CARTESIAN_POINT('',(25.6000000000001,0.,-73.4));
#6356=CARTESIAN_POINT('',(51.2000000000001,0.,-73.4));
#6357=CARTESIAN_POINT('Origin',(51.2000000000001,0.,-72.2));
#6358=CARTESIAN_POINT('',(52.4000000000001,0.,-72.2));
#6359=CARTESIAN_POINT('Origin',(51.2000000000001,0.,-72.2));
#6360=CARTESIAN_POINT('',(52.4000000000001,0.,-72.2));
#6361=CARTESIAN_POINT('Origin',(52.4000000000001,0.,-60.6));
#6362=CARTESIAN_POINT('',(52.4000000000001,0.,-41.4));
#6363=CARTESIAN_POINT('Origin',(52.4000000000001,0.,-59.4));
#6364=CARTESIAN_POINT('',(30.9819837707743,-3.,-59.4));
#6365=CARTESIAN_POINT('',(33.9861464645984,0.,-59.4));
#6366=CARTESIAN_POINT('Ctrl Pts',(30.9819837707743,-3.,-59.4));
#6367=CARTESIAN_POINT('Ctrl Pts',(30.9819837707743,-2.62994309609631,-59.4));
#6368=CARTESIAN_POINT('Ctrl Pts',(31.0687365963474,-2.19443122631816,-59.4));
#6369=CARTESIAN_POINT('Ctrl Pts',(31.3523515130076,-1.51045197470887,-59.4));
#6370=CARTESIAN_POINT('Ctrl Pts',(31.599507502083,-1.14103597118443,-59.4));
#6371=CARTESIAN_POINT('Ctrl Pts',(32.1237883121057,-0.61726814456588,-59.4));
#6372=CARTESIAN_POINT('Ctrl Pts',(32.4937697709693,-0.370315209392247,-59.4));
#6373=CARTESIAN_POINT('Ctrl Pts',(33.178905896225,-0.0867508175934975,-59.4));
#6374=CARTESIAN_POINT('Ctrl Pts',(33.6153378740324,-1.83839483468552E-16,
-59.4));
#6375=CARTESIAN_POINT('Ctrl Pts',(33.9861464645984,4.33680868994202E-16,
-59.4));
#6376=CARTESIAN_POINT('',(30.9819837707743,0.,-59.4));
#6377=CARTESIAN_POINT('',(52.4000000000001,0.,-59.4));
#6378=CARTESIAN_POINT('',(52.4000000000001,0.,-59.4));
#6379=CARTESIAN_POINT('',(26.2000000000001,0.,-59.4));
#6380=CARTESIAN_POINT('Origin',(52.4000000000001,0.,-30.6444444444445));
#6381=CARTESIAN_POINT('',(52.4000000000001,0.,-30.6444444444445));
#6382=CARTESIAN_POINT('',(52.4000000000001,0.,-26.4222222222222));
#6383=CARTESIAN_POINT('',(52.4000000000001,0.,-30.6444444444445));
#6384=CARTESIAN_POINT('Origin',(21.6000000000001,0.,-30.6444444444445));
#6385=CARTESIAN_POINT('',(10.8000000000001,0.,-30.6444444444444));
#6386=CARTESIAN_POINT('Origin',(20.4000000000001,0.,-30.6444444444445));
#6387=CARTESIAN_POINT('',(20.4000000000001,-3.,-50.0180162292258));
#6388=CARTESIAN_POINT('',(20.4000000000001,0.,-47.0138535354017));
#6389=CARTESIAN_POINT('Ctrl Pts',(20.4000000000001,-3.,-50.0180162292258));
#6390=CARTESIAN_POINT('Ctrl Pts',(20.4000000000001,-2.62994309609631,-50.0180162292258));
#6391=CARTESIAN_POINT('Ctrl Pts',(20.4000000000001,-2.19443122631817,-49.9312634036527));
#6392=CARTESIAN_POINT('Ctrl Pts',(20.4000000000001,-1.51045197470887,-49.6476484869925));
#6393=CARTESIAN_POINT('Ctrl Pts',(20.4000000000001,-1.14103597118443,-49.4004924979171));
#6394=CARTESIAN_POINT('Ctrl Pts',(20.4000000000001,-0.61726814456588,-48.8762116878944));
#6395=CARTESIAN_POINT('Ctrl Pts',(20.4000000000001,-0.370315209392246,-48.5062302290308));
#6396=CARTESIAN_POINT('Ctrl Pts',(20.4000000000001,-0.0867508175934973,
-47.8210941037751));
#6397=CARTESIAN_POINT('Ctrl Pts',(20.4000000000001,-4.72686394088062E-16,
-47.3846621259677));
#6398=CARTESIAN_POINT('Ctrl Pts',(20.4000000000001,-8.67361737988404E-17,
-47.0138535354017));
#6399=CARTESIAN_POINT('',(20.4000000000001,0.,-50.0180162292258));
#6400=CARTESIAN_POINT('',(20.4000000000001,0.,-26.4222222222222));
#6401=CARTESIAN_POINT('Origin',(20.4000000000001,0.,-29.4444444444444));
#6402=CARTESIAN_POINT('',(-11.0154440246602,-3.,-29.4444444444444));
#6403=CARTESIAN_POINT('',(-8.01187627004217,0.,-29.4444444444444));
#6404=CARTESIAN_POINT('Ctrl Pts',(-11.0154440246602,-3.,-29.4444444444444));
#6405=CARTESIAN_POINT('Ctrl Pts',(-11.0154440246602,-2.62991684884368,-29.4444444444444));
#6406=CARTESIAN_POINT('Ctrl Pts',(-10.9287021165615,-2.19437068916839,-29.4444444444444));
#6407=CARTESIAN_POINT('Ctrl Pts',(-10.6451222197116,-1.5103719776003,-29.4444444444444));
#6408=CARTESIAN_POINT('Ctrl Pts',(-10.3980123124146,-1.14095645272012,-29.4444444444444));
#6409=CARTESIAN_POINT('Ctrl Pts',(-9.8738289159275,-0.617212696711948,-29.4444444444444));
#6410=CARTESIAN_POINT('Ctrl Pts',(-9.50392876584674,-0.370276807789471,
-29.4444444444444));
#6411=CARTESIAN_POINT('Ctrl Pts',(-8.81893850365129,-0.0867401915383575,
-29.4444444444444));
#6412=CARTESIAN_POINT('Ctrl Pts',(-8.38260370533931,4.28564876394806E-17,
-29.4444444444444));
#6413=CARTESIAN_POINT('Ctrl Pts',(-8.01187627004217,7.37257477290143E-17,
-29.4444444444444));
#6414=CARTESIAN_POINT('',(-11.0154440246602,0.,-29.4444444444444));
#6415=CARTESIAN_POINT('',(20.4000000000001,0.,-29.4444444444444));
#6416=CARTESIAN_POINT('',(20.4000000000001,0.,-29.4444444444444));
#6417=CARTESIAN_POINT('',(10.2000000000001,0.,-29.4444444444444));
#6418=CARTESIAN_POINT('Origin',(20.4000000000001,0.,-0.822222222222302));
#6419=CARTESIAN_POINT('',(20.4000000000001,0.,-0.822222222222302));
#6420=CARTESIAN_POINT('',(20.4000000000001,0.,-11.5111111111112));
#6421=CARTESIAN_POINT('',(20.4000000000001,0.,-0.822222222222302));
#6422=CARTESIAN_POINT('Origin',(-20.3999999999999,0.,-0.822222222222252));
#6423=CARTESIAN_POINT('',(-10.1999999999999,0.,-0.822222222222266));
#6424=CARTESIAN_POINT('Origin',(-52.3999999999998,0.,-0.822222222222212));
#6425=CARTESIAN_POINT('',(-52.3999999999998,0.,-0.822222222222212));
#6426=CARTESIAN_POINT('',(-26.1999999999998,0.,-0.822222222222246));
#6427=CARTESIAN_POINT('',(-52.3999999999998,0.,-0.822222222222212));
#6428=CARTESIAN_POINT('Origin',(-52.3999999999998,0.,-29.4444444444444));
#6429=CARTESIAN_POINT('',(-52.3999999999998,0.,-25.8222222222222));
#6430=CARTESIAN_POINT('Origin',(-52.3999999999998,0.,0.377777777777784));
#6431=CARTESIAN_POINT('',(-52.3999999999998,0.,27.8));
#6432=CARTESIAN_POINT('',(-52.3999999999998,0.,0.37777777777778));
#6433=CARTESIAN_POINT('',(-52.3999999999998,0.,-10.9111111111111));
#6434=CARTESIAN_POINT('',(-52.3999999999998,0.,27.8));
#6435=CARTESIAN_POINT('',(-52.3999999999998,0.,0.37777777777778));
#6436=CARTESIAN_POINT('Origin',(-21.5999999999999,0.,0.377777777777774));
#6437=CARTESIAN_POINT('',(-21.5999999999999,0.,0.377777777777775));
#6438=CARTESIAN_POINT('',(-10.7999999999999,0.,0.377777777777772));
#6439=CARTESIAN_POINT('',(-21.5999999999999,0.,0.377777777777775));
#6440=CARTESIAN_POINT('Origin',(-21.5999999999999,0.,29.));
#6441=CARTESIAN_POINT('',(-21.5999999999999,0.,29.));
#6442=CARTESIAN_POINT('',(-21.5999999999999,0.,3.40000000000001));
#6443=CARTESIAN_POINT('',(-21.5999999999999,0.,29.));
#6444=CARTESIAN_POINT('Origin',(-51.1999999999998,0.,29.));
#6445=CARTESIAN_POINT('',(-51.1999999999998,0.,29.));
#6446=CARTESIAN_POINT('',(-25.5999999999999,0.,29.));
#6447=CARTESIAN_POINT('',(-51.1999999999998,0.,29.));
#6448=CARTESIAN_POINT('Origin',(-51.1999999999998,0.,27.8));
#6449=CARTESIAN_POINT('Origin',(-51.1999999999998,0.,27.8));
#6450=CARTESIAN_POINT('Origin',(52.4000000000001,0.,30.2));
#6451=CARTESIAN_POINT('',(-52.3999999999998,0.,30.2));
#6452=CARTESIAN_POINT('',(52.4000000000001,0.,30.2));
#6453=CARTESIAN_POINT('',(26.2000000000001,0.,30.2));
#6454=CARTESIAN_POINT('',(-52.3999999999998,0.,30.2));
#6455=CARTESIAN_POINT('',(52.4000000000001,0.,30.2));
#6456=CARTESIAN_POINT('Origin',(52.4000000000001,0.,29.));
#6457=CARTESIAN_POINT('',(53.6000000000001,0.,29.));
#6458=CARTESIAN_POINT('Origin',(52.4000000000001,0.,29.));
#6459=CARTESIAN_POINT('',(53.6000000000001,0.,29.));
#6460=CARTESIAN_POINT('Origin',(53.6000000000001,0.,-73.4));
#6461=CARTESIAN_POINT('',(53.6000000000001,0.,-73.4));
#6462=CARTESIAN_POINT('',(53.6000000000001,0.,-47.8));
#6463=CARTESIAN_POINT('',(53.6000000000001,0.,-73.4));
#6464=CARTESIAN_POINT('Origin',(52.4000000000001,0.,-73.4));
#6465=CARTESIAN_POINT('',(52.4000000000001,0.,-74.6));
#6466=CARTESIAN_POINT('Origin',(52.4000000000001,0.,-73.4));
#6467=CARTESIAN_POINT('',(52.4000000000001,0.,-74.6));
#6468=CARTESIAN_POINT('Origin',(-52.3999999999998,0.,-74.6));
#6469=CARTESIAN_POINT('',(-52.3999999999998,-5.,-74.6));
#6470=CARTESIAN_POINT('',(52.4000000000001,-5.,-74.6));
#6471=CARTESIAN_POINT('',(-52.3999999999998,0.,-74.6));
#6472=CARTESIAN_POINT('',(-52.3999999999998,0.,-74.6));
#6473=CARTESIAN_POINT('',(-26.1999999999998,0.,-74.6));
#6474=CARTESIAN_POINT('Origin',(-52.3999999999998,0.,-73.4));
#6475=CARTESIAN_POINT('',(-53.5999999999998,0.,-73.4));
#6476=CARTESIAN_POINT('Origin',(-52.3999999999998,0.,-73.4));
#6477=CARTESIAN_POINT('',(-53.5999999999998,-5.,-73.4));
#6478=CARTESIAN_POINT('Origin',(-52.3999999999998,-5.,-73.4));
#6479=CARTESIAN_POINT('',(-53.5999999999998,0.,-73.4));
#6480=CARTESIAN_POINT('Origin',(-53.5999999999998,0.,29.));
#6481=CARTESIAN_POINT('',(-53.5999999999998,0.,29.));
#6482=CARTESIAN_POINT('',(-53.5999999999998,0.,29.));
#6483=CARTESIAN_POINT('',(-53.5999999999998,0.,3.4));
#6484=CARTESIAN_POINT('',(-53.5999999999998,-5.,-73.4));
#6485=CARTESIAN_POINT('Origin',(-52.3999999999998,0.,29.));
#6486=CARTESIAN_POINT('Origin',(-52.3999999999998,0.,29.));
#6487=CARTESIAN_POINT('Origin',(1.4210854715202E-13,-5.,-22.2));
#6488=CARTESIAN_POINT('Origin',(21.0000000000001,-5.,-60.));
#6489=CARTESIAN_POINT('Origin',(-20.9999999999999,-5.,-30.));
#6490=CARTESIAN_POINT('Origin',(21.0000000000001,-3.,-60.));
#6491=CARTESIAN_POINT('Origin',(21.0000000000001,0.,-60.));
#6492=CARTESIAN_POINT('Origin',(21.0000000000001,-3.,-60.));
#6493=CARTESIAN_POINT('Origin',(21.0000000000001,-3.,-60.));
#6494=CARTESIAN_POINT('Origin',(21.0000000000001,-3.,-60.));
#6495=CARTESIAN_POINT('Origin',(21.0000000000001,0.,-60.));
#6496=CARTESIAN_POINT('Origin',(21.0000000000001,-3.,-60.));
#6497=CARTESIAN_POINT('Origin',(21.0000000000001,-3.,-60.));
#6498=CARTESIAN_POINT('Origin',(21.0000000000001,0.,-60.));
#6499=CARTESIAN_POINT('Origin',(21.0000000000001,-3.,-60.));
#6500=CARTESIAN_POINT('Origin',(21.0000000000001,0.,-60.));
#6501=CARTESIAN_POINT('Origin',(21.0000000000001,-3.,-60.));
#6502=CARTESIAN_POINT('Origin',(-20.9999999999999,-3.,-30.));
#6503=CARTESIAN_POINT('Origin',(-20.9999999999999,0.,-30.));
#6504=CARTESIAN_POINT('Origin',(-20.9999999999999,-3.,-30.));
#6505=CARTESIAN_POINT('Origin',(-20.9999999999999,-3.,-30.));
#6506=CARTESIAN_POINT('Origin',(-20.9999999999999,-3.,-30.));
#6507=CARTESIAN_POINT('Origin',(-20.9999999999999,0.,-30.));
#6508=CARTESIAN_POINT('Origin',(-20.9999999999999,-3.,-30.));
#6509=CARTESIAN_POINT('Origin',(-20.9999999999999,-3.,-30.));
#6510=CARTESIAN_POINT('Origin',(-20.9999999999999,0.,-30.));
#6511=CARTESIAN_POINT('Origin',(-20.9999999999999,-3.,-30.));
#6512=CARTESIAN_POINT('Origin',(-20.9999999999999,0.,-30.));
#6513=CARTESIAN_POINT('Origin',(-20.9999999999999,-3.,-30.));
#6514=CARTESIAN_POINT('Origin',(1.4210854715202E-13,0.,-22.2));
#6515=CARTESIAN_POINT('',(-54.9999999999998,0.,-76.));
#6516=CARTESIAN_POINT('',(55.0000000000001,0.,-76.));
#6517=CARTESIAN_POINT('',(-54.9999999999998,0.,-76.));
#6518=CARTESIAN_POINT('',(55.0000000000001,0.,31.6));
#6519=CARTESIAN_POINT('',(55.0000000000001,0.,-76.));
#6520=CARTESIAN_POINT('',(-54.9999999999998,0.,31.6));
#6521=CARTESIAN_POINT('',(55.0000000000001,0.,31.6));
#6522=CARTESIAN_POINT('',(-54.9999999999998,0.,31.6));
#6523=CARTESIAN_POINT('Origin',(1.4210854715202E-13,0.,-22.2));
#6524=CARTESIAN_POINT('Origin',(1.4210854715202E-13,0.,-22.2));
#6525=CARTESIAN_POINT('Origin',(1.4210854715202E-13,0.,-22.2));
#6526=CARTESIAN_POINT('Origin',(1.4210854715202E-13,0.,-22.2));
#6527=CARTESIAN_POINT('Origin',(1.4210854715202E-13,0.,-22.2));
#6528=CARTESIAN_POINT('Origin',(1.4210854715202E-13,0.,-22.2));
#6529=CARTESIAN_POINT('Origin',(1.4210854715202E-13,0.,-22.2));
#6530=CARTESIAN_POINT('Origin',(1.4210854715202E-13,0.,-22.2));
#6531=CARTESIAN_POINT('Origin',(1.4210854715202E-13,0.,-22.2));
#6532=CARTESIAN_POINT('Origin',(1.4210854715202E-13,0.,-22.2));
#6533=CARTESIAN_POINT('Origin',(1.4210854715202E-13,0.,-22.2));
#6534=CARTESIAN_POINT('Origin',(1.4210854715202E-13,0.,-22.2));
#6535=CARTESIAN_POINT('Origin',(-20.9999999999999,0.,-30.));
#6536=CARTESIAN_POINT('',(-10.9999999999999,-10.,-30.));
#6537=CARTESIAN_POINT('Origin',(-20.9999999999999,-10.,-30.));
#6538=CARTESIAN_POINT('',(-10.9999999999999,0.,-30.));
#6539=CARTESIAN_POINT('Origin',(21.0000000000001,0.,-60.));
#6540=CARTESIAN_POINT('',(31.0000000000001,-10.,-60.));
#6541=CARTESIAN_POINT('Origin',(21.0000000000001,-10.,-60.));
#6542=CARTESIAN_POINT('',(31.0000000000001,0.,-60.));
#6543=CARTESIAN_POINT('Origin',(-20.9999999999999,-10.,-30.));
#6544=CARTESIAN_POINT('',(-25.7500001813551,-10.,-35.6291650248647));
#6545=CARTESIAN_POINT('Origin',(-24.2500001813551,-10.,-35.6291650248647));
#6546=CARTESIAN_POINT('',(-13.7499999956946,-10.,-31.299038312602));
#6547=CARTESIAN_POINT('Origin',(-14.4999999956946,-10.,-30.0000002069253));
#6548=CARTESIAN_POINT('',(-23.5999999999999,-10.,-30.));
#6549=CARTESIAN_POINT('Origin',(-20.9999999999999,-10.,-30.));
#6550=CARTESIAN_POINT('',(-23.49999982295,-10.,-23.0717966625333));
#6551=CARTESIAN_POINT('Origin',(-24.24999982295,-10.,-24.37083476821));
#6552=CARTESIAN_POINT('Origin',(21.0000000000001,-10.,-60.));
#6553=CARTESIAN_POINT('',(26.0000000000001,-10.,-60.));
#6554=CARTESIAN_POINT('Origin',(27.5000000000001,-10.,-60.));
#6555=CARTESIAN_POINT('',(18.4000000000001,-10.,-60.));
#6556=CARTESIAN_POINT('Origin',(21.0000000000001,-10.,-60.));
#6557=CARTESIAN_POINT('',(16.2500000000001,-10.,-65.6291651245988));
#6558=CARTESIAN_POINT('Origin',(17.7500000000001,-10.,-65.6291651245988));
#6559=CARTESIAN_POINT('',(16.2500000000001,-10.,-54.3708348754012));
#6560=CARTESIAN_POINT('Origin',(17.7500000000001,-10.,-54.3708348754012));
#6561=CARTESIAN_POINT('Origin',(17.7500000000001,0.,-54.3708348754012));
#6562=CARTESIAN_POINT('',(16.2500000000001,1.2,-54.3708348754012));
#6563=CARTESIAN_POINT('Origin',(17.7500000000001,1.2,-54.3708348754012));
#6564=CARTESIAN_POINT('',(16.2500000000001,0.,-54.3708348754012));
#6565=CARTESIAN_POINT('Origin',(-14.4999999956946,0.,-30.0000002069253));
#6566=CARTESIAN_POINT('',(-13.7499999956946,1.2,-31.299038312602));
#6567=CARTESIAN_POINT('Origin',(-14.4999999956946,1.2,-30.0000002069253));
#6568=CARTESIAN_POINT('',(-13.7499999956946,0.,-31.299038312602));
#6569=CARTESIAN_POINT('Origin',(17.7500000000001,0.,-65.6291651245988));
#6570=CARTESIAN_POINT('',(16.2500000000001,1.2,-65.6291651245989));
#6571=CARTESIAN_POINT('Origin',(17.7500000000001,1.2,-65.6291651245988));
#6572=CARTESIAN_POINT('',(16.2500000000001,0.,-65.6291651245988));
#6573=CARTESIAN_POINT('',(16.2500000000001,0.,-65.6291651245988));
#6574=CARTESIAN_POINT('Origin',(21.0000000000001,0.,-60.));
#6575=CARTESIAN_POINT('',(18.4000000000001,1.2,-60.));
#6576=CARTESIAN_POINT('Origin',(21.0000000000001,1.2,-60.));
#6577=CARTESIAN_POINT('',(18.4000000000001,0.,-60.));
#6578=CARTESIAN_POINT('Origin',(-24.2500001813551,0.,-35.6291650248647));
#6579=CARTESIAN_POINT('',(-25.7500001813551,1.2,-35.6291650248647));
#6580=CARTESIAN_POINT('Origin',(-24.2500001813551,1.2,-35.6291650248647));
#6581=CARTESIAN_POINT('',(-25.7500001813551,0.,-35.6291650248647));
#6582=CARTESIAN_POINT('',(-25.7500001813551,0.,-35.6291650248647));
#6583=CARTESIAN_POINT('Origin',(27.5000000000001,0.,-60.));
#6584=CARTESIAN_POINT('',(26.0000000000001,1.2,-60.));
#6585=CARTESIAN_POINT('Origin',(27.5000000000001,1.2,-60.));
#6586=CARTESIAN_POINT('',(26.0000000000001,0.,-60.));
#6587=CARTESIAN_POINT('Origin',(-20.9999999999999,0.,-30.));
#6588=CARTESIAN_POINT('',(-23.5999999999999,1.2,-30.));
#6589=CARTESIAN_POINT('Origin',(-20.9999999999999,1.2,-30.));
#6590=CARTESIAN_POINT('',(-23.5999999999999,0.,-30.));
#6591=CARTESIAN_POINT('Origin',(-24.24999982295,0.,-24.37083476821));
#6592=CARTESIAN_POINT('',(-23.49999982295,1.2,-23.0717966625333));
#6593=CARTESIAN_POINT('Origin',(-24.24999982295,1.2,-24.37083476821));
#6594=CARTESIAN_POINT('',(-23.49999982295,0.,-23.0717966625333));
#6595=CARTESIAN_POINT('Origin',(55.0000000000001,0.,31.6));
#6596=CARTESIAN_POINT('',(55.0000000000001,1.2,-76.));
#6597=CARTESIAN_POINT('',(55.0000000000001,0.,-76.));
#6598=CARTESIAN_POINT('',(55.0000000000001,1.2,31.6));
#6599=CARTESIAN_POINT('',(55.0000000000001,1.2,-76.));
#6600=CARTESIAN_POINT('',(55.0000000000001,0.,31.6));
#6601=CARTESIAN_POINT('Origin',(-54.9999999999998,0.,31.6));
#6602=CARTESIAN_POINT('',(-54.9999999999998,1.2,31.6));
#6603=CARTESIAN_POINT('',(55.0000000000001,1.2,31.6));
#6604=CARTESIAN_POINT('',(-54.9999999999998,0.,31.6));
#6605=CARTESIAN_POINT('Origin',(-54.9999999999998,0.,-76.));
#6606=CARTESIAN_POINT('',(-54.9999999999998,1.2,-76.));
#6607=CARTESIAN_POINT('',(-54.9999999999998,1.2,31.6));
#6608=CARTESIAN_POINT('',(-54.9999999999998,0.,-76.));
#6609=CARTESIAN_POINT('Origin',(55.0000000000001,0.,-76.));
#6610=CARTESIAN_POINT('',(-54.9999999999998,1.2,-76.));
#6611=CARTESIAN_POINT('Origin',(1.4210854715202E-13,1.2,-22.2));
#6612=CARTESIAN_POINT('',(0.,0.,0.));
#6613=CARTESIAN_POINT('Origin',(1.37667655053519E-13,-65.2,-76.));
#6614=CARTESIAN_POINT('',(1.37667655053519E-13,-63.6,-74.8));
#6615=CARTESIAN_POINT('',(1.60000000000014,-65.2,-74.8));
#6616=CARTESIAN_POINT('Origin',(1.37667655053519E-13,-65.2,-74.8));
#6617=CARTESIAN_POINT('Origin',(1.37667655053519E-13,-65.2,-74.8));
#6618=CARTESIAN_POINT('',(1.60000000000014,-65.2,-76.));
#6619=CARTESIAN_POINT('',(1.60000000000014,-65.2,-76.));
#6620=CARTESIAN_POINT('Origin',(1.37667655053519E-13,-65.2,-76.));
#6621=CARTESIAN_POINT('Origin',(-4.44089209850063E-15,-12.0000001788139,
-76.));
#6622=CARTESIAN_POINT('',(-4.44089209850063E-15,-13.6,-74.8));
#6623=CARTESIAN_POINT('',(1.59999999999999,-12.0000001788139,-74.8));
#6624=CARTESIAN_POINT('Origin',(-4.44089209850063E-15,-12.0000001788139,
-74.8));
#6625=CARTESIAN_POINT('Origin',(-4.44089209850063E-15,-12.0000001788139,
-74.8));
#6626=CARTESIAN_POINT('',(1.59999999999999,-12.0000001788139,-76.));
#6627=CARTESIAN_POINT('',(1.59999999999999,-12.0000001788139,-76.));
#6628=CARTESIAN_POINT('Origin',(-4.44089209850063E-15,-12.0000001788139,
-76.));
#6629=CARTESIAN_POINT('Origin',(47.0000000000001,-38.6,-76.));
#6630=CARTESIAN_POINT('',(45.4000000000001,-38.6,-74.8));
#6631=CARTESIAN_POINT('',(48.6000000000001,-38.6,-74.8));
#6632=CARTESIAN_POINT('Origin',(47.0000000000001,-38.6,-74.8));
#6633=CARTESIAN_POINT('Origin',(47.0000000000001,-38.6,-74.8));
#6634=CARTESIAN_POINT('',(48.6000000000001,-38.6,-76.));
#6635=CARTESIAN_POINT('',(48.6000000000001,-38.6,-76.));
#6636=CARTESIAN_POINT('Origin',(47.0000000000001,-38.6,-76.));
#6637=CARTESIAN_POINT('Origin',(-46.9999999999998,-38.6,-76.));
#6638=CARTESIAN_POINT('',(-45.3999999999998,-38.6,-74.8));
#6639=CARTESIAN_POINT('Origin',(-46.9999999999998,-38.6,-74.8));
#6640=CARTESIAN_POINT('',(-45.3999999999998,-38.6,-76.));
#6641=CARTESIAN_POINT('',(-45.3999999999998,-38.6,-76.));
#6642=CARTESIAN_POINT('Origin',(-46.9999999999998,-38.6,-76.));
#6643=CARTESIAN_POINT('Origin',(-53.7999999999998,-80.,-74.8));
#6644=CARTESIAN_POINT('',(53.8000000000001,-80.,-74.8));
#6645=CARTESIAN_POINT('',(-53.7999999999998,-80.,-74.8));
#6646=CARTESIAN_POINT('',(-26.8999999999998,-80.,-74.8));
#6647=CARTESIAN_POINT('',(53.8000000000001,0.,-74.8));
#6648=CARTESIAN_POINT('',(53.8000000000001,-80.,-74.8));
#6649=CARTESIAN_POINT('',(-53.7999999999998,0.,-74.8));
#6650=CARTESIAN_POINT('',(53.8000000000001,0.,-74.8));
#6651=CARTESIAN_POINT('',(-53.7999999999998,-80.,-74.8));
#6652=CARTESIAN_POINT('',(45.4000000000001,-58.2,-74.8));
#6653=CARTESIAN_POINT('',(45.4000000000001,-69.1,-74.8));
#6654=CARTESIAN_POINT('',(40.0000000000001,-63.6,-74.8));
#6655=CARTESIAN_POINT('Origin',(40.0000000000001,-58.2,-74.8));
#6656=CARTESIAN_POINT('',(-46.8999999999998,-63.6,-74.8));
#6657=CARTESIAN_POINT('',(-39.9999999999999,-63.6,-74.8));
#6658=CARTESIAN_POINT('',(-46.8999999999998,-63.6,-74.8));
#6659=CARTESIAN_POINT('',(-45.3999999999998,-58.2,-74.8));
#6660=CARTESIAN_POINT('Origin',(-39.9999999999999,-58.2,-74.8));
#6661=CARTESIAN_POINT('',(-45.3999999999998,-49.5,-74.8));
#6662=CARTESIAN_POINT('',(-45.3999999999998,-19.,-74.8));
#6663=CARTESIAN_POINT('',(-45.3999999999998,-49.5,-74.8));
#6664=CARTESIAN_POINT('',(-39.9999999999998,-13.6,-74.8));
#6665=CARTESIAN_POINT('Origin',(-39.9999999999998,-19.,-74.8));
#6666=CARTESIAN_POINT('',(-6.89999999999985,-13.6,-74.8));
#6667=CARTESIAN_POINT('',(40.0000000000001,-13.6,-74.8));
#6668=CARTESIAN_POINT('',(-6.89999999999985,-13.6,-74.8));
#6669=CARTESIAN_POINT('',(45.4000000000001,-19.,-74.8));
#6670=CARTESIAN_POINT('Origin',(40.0000000000001,-19.,-74.8));
#6671=CARTESIAN_POINT('',(45.4000000000001,-69.1,-74.8));
#6672=CARTESIAN_POINT('',(45.4000000000001,-70.2,-74.8));
#6673=CARTESIAN_POINT('Origin',(40.0000000000001,-70.2,-74.8));
#6674=CARTESIAN_POINT('',(-25.3999999999998,-65.6,-74.8));
#6675=CARTESIAN_POINT('',(-46.1999999999998,-65.6,-74.8));
#6676=CARTESIAN_POINT('',(-40.1999999999998,-65.6,-74.8));
#6677=CARTESIAN_POINT('',(-25.3999999999998,-77.4,-74.8));
#6678=CARTESIAN_POINT('',(-25.3999999999998,-78.1,-74.8));
#6679=CARTESIAN_POINT('',(-46.1999999999998,-77.4,-74.8));
#6680=CARTESIAN_POINT('',(-49.3999999999998,-77.4,-74.8));
#6681=CARTESIAN_POINT('',(-46.1999999999998,-73.4,-74.8));
#6682=CARTESIAN_POINT('Origin',(1.4210854715202E-13,-40.6,29.2));
#6683=CARTESIAN_POINT('',(-19.5999999999999,-40.6,29.2));
#6684=CARTESIAN_POINT('Origin',(1.4210854715202E-13,-40.6,29.2));
#6685=CARTESIAN_POINT('',(-20.7999999999999,-40.6,30.4));
#6686=CARTESIAN_POINT('Origin',(-20.7999999999999,-40.6,29.2));
#6687=CARTESIAN_POINT('Origin',(1.41910440441306E-13,-40.6,30.4));
#6688=CARTESIAN_POINT('Origin',(53.8000000000001,-80.,30.4));
#6689=CARTESIAN_POINT('',(-53.7999999999998,-80.,30.4));
#6690=CARTESIAN_POINT('',(53.8000000000001,-80.,30.4));
#6691=CARTESIAN_POINT('',(26.9000000000001,-80.,30.4));
#6692=CARTESIAN_POINT('',(-53.7999999999998,0.,30.4));
#6693=CARTESIAN_POINT('',(-53.7999999999998,-80.,30.4));
#6694=CARTESIAN_POINT('',(53.8000000000001,0.,30.4));
#6695=CARTESIAN_POINT('',(-53.7999999999998,0.,30.4));
#6696=CARTESIAN_POINT('',(53.8000000000001,-80.,30.4));
#6697=CARTESIAN_POINT('Origin',(1.4210854715202E-13,-40.6,29.2));
#6698=CARTESIAN_POINT('',(-17.9999999999999,-40.6,29.2));
#6699=CARTESIAN_POINT('Origin',(1.4210854715202E-13,-40.6,29.2));
#6700=CARTESIAN_POINT('Origin',(1.4210854715202E-13,-40.6,31.6));
#6701=CARTESIAN_POINT('',(-17.9999999999999,-40.6,31.6));
#6702=CARTESIAN_POINT('Origin',(1.4210854715202E-13,-40.6,31.6));
#6703=CARTESIAN_POINT('',(-17.9999999999999,-40.6,31.6));
#6704=CARTESIAN_POINT('Origin',(45.4000000000001,-69.1,-73.6));
#6705=CARTESIAN_POINT('',(44.2000000000001,-19.,-73.6));
#6706=CARTESIAN_POINT('Origin',(45.4000000000001,-19.,-73.6));
#6707=CARTESIAN_POINT('',(44.2000000000001,-58.2,-73.6));
#6708=CARTESIAN_POINT('',(44.2000000000001,-58.2,-73.6));
#6709=CARTESIAN_POINT('Origin',(45.4000000000001,-58.2,-73.6));
#6710=CARTESIAN_POINT('Origin',(40.0000000000001,-58.2,-73.6));
#6711=CARTESIAN_POINT('',(40.0000000000001,-62.4,-73.6));
#6712=CARTESIAN_POINT('Origin',(40.0000000000001,-58.2,-73.6));
#6713=CARTESIAN_POINT('Origin',(40.0000000000001,-63.6,-73.6));
#6714=CARTESIAN_POINT('Origin',(-46.8999999999998,-63.6,-73.6));
#6715=CARTESIAN_POINT('',(-39.9999999999999,-62.4,-73.6));
#6716=CARTESIAN_POINT('',(-39.9999999999999,-62.4,-73.6));
#6717=CARTESIAN_POINT('Origin',(-39.9999999999999,-63.6,-73.6));
#6718=CARTESIAN_POINT('Origin',(-39.9999999999999,-58.2,-73.6));
#6719=CARTESIAN_POINT('',(-44.1999999999998,-58.2,-73.6));
#6720=CARTESIAN_POINT('Origin',(-39.9999999999999,-58.2,-73.6));
#6721=CARTESIAN_POINT('Origin',(-45.3999999999998,-58.2,-73.6));
#6722=CARTESIAN_POINT('Origin',(-45.3999999999998,-49.5,-73.6));
#6723=CARTESIAN_POINT('',(-44.1999999999998,-19.,-73.6));
#6724=CARTESIAN_POINT('',(-44.1999999999998,-19.,-73.6));
#6725=CARTESIAN_POINT('Origin',(-45.3999999999998,-19.,-73.6));
#6726=CARTESIAN_POINT('Origin',(-39.9999999999998,-19.,-73.6));
#6727=CARTESIAN_POINT('',(-39.9999999999998,-14.8,-73.6));
#6728=CARTESIAN_POINT('Origin',(-39.9999999999998,-19.,-73.6));
#6729=CARTESIAN_POINT('Origin',(-39.9999999999998,-13.6,-73.6));
#6730=CARTESIAN_POINT('Origin',(-6.89999999999985,-13.6,-73.6));
#6731=CARTESIAN_POINT('',(40.0000000000001,-14.8,-73.6));
#6732=CARTESIAN_POINT('',(40.0000000000001,-14.8,-73.6));
#6733=CARTESIAN_POINT('Origin',(40.0000000000001,-13.6,-73.6));
#6734=CARTESIAN_POINT('Origin',(40.0000000000001,-19.,-73.6));
#6735=CARTESIAN_POINT('Origin',(40.0000000000001,-19.,-73.6));
#6736=CARTESIAN_POINT('Origin',(1.4210854715202E-13,-38.6,-73.6));
#6737=CARTESIAN_POINT('',(43.0000000000001,-58.2,-73.6));
#6738=CARTESIAN_POINT('',(40.0000000000001,-61.2,-73.6));
#6739=CARTESIAN_POINT('Origin',(40.0000000000001,-58.2,-73.6));
#6740=CARTESIAN_POINT('',(-39.9999999999999,-61.2,-73.6));
#6741=CARTESIAN_POINT('',(-39.9999999999999,-61.2,-73.6));
#6742=CARTESIAN_POINT('',(-42.9999999999998,-58.2,-73.6));
#6743=CARTESIAN_POINT('Origin',(-39.9999999999999,-58.2,-73.6));
#6744=CARTESIAN_POINT('',(-42.9999999999998,-19.,-73.6));
#6745=CARTESIAN_POINT('',(-42.9999999999998,-19.,-73.6));
#6746=CARTESIAN_POINT('',(-39.9999999999998,-16.,-73.6));
#6747=CARTESIAN_POINT('Origin',(-39.9999999999998,-19.,-73.6));
#6748=CARTESIAN_POINT('',(40.0000000000001,-16.,-73.6));
#6749=CARTESIAN_POINT('',(40.0000000000001,-16.,-73.6));
#6750=CARTESIAN_POINT('',(43.0000000000001,-19.,-73.6));
#6751=CARTESIAN_POINT('Origin',(40.0000000000001,-19.,-73.6));
#6752=CARTESIAN_POINT('',(43.0000000000001,-58.2,-73.6));
#6753=CARTESIAN_POINT('Origin',(-40.1999999999998,-65.6,-73.6));
#6754=CARTESIAN_POINT('',(-44.9999999999998,-66.8,-73.6));
#6755=CARTESIAN_POINT('Origin',(-46.1999999999998,-65.6,-73.6));
#6756=CARTESIAN_POINT('',(-26.5999999999998,-66.8,-73.6));
#6757=CARTESIAN_POINT('',(-26.5999999999998,-66.8,-73.6));
#6758=CARTESIAN_POINT('Origin',(-25.3999999999998,-65.6,-73.6));
#6759=CARTESIAN_POINT('Origin',(-46.1999999999998,-73.4,-73.6));
#6760=CARTESIAN_POINT('',(-44.9999999999998,-76.2,-73.6));
#6761=CARTESIAN_POINT('',(-44.9999999999998,-66.8,-73.6));
#6762=CARTESIAN_POINT('Origin',(-46.1999999999998,-77.4,-73.6));
#6763=CARTESIAN_POINT('Origin',(-25.3999999999998,-78.1,-73.6));
#6764=CARTESIAN_POINT('',(-26.5999999999998,-76.2,-73.6));
#6765=CARTESIAN_POINT('',(-26.5999999999998,-76.2,-73.6));
#6766=CARTESIAN_POINT('Origin',(-25.3999999999998,-77.4,-73.6));
#6767=CARTESIAN_POINT('Origin',(-49.3999999999998,-77.4,-73.6));
#6768=CARTESIAN_POINT('',(-44.9999999999998,-76.2,-73.6));
#6769=CARTESIAN_POINT('Origin',(-35.7999999999998,-71.5,-73.6));
#6770=CARTESIAN_POINT('',(-42.9999999999998,-68.8,-73.6));
#6771=CARTESIAN_POINT('',(-28.5999999999998,-68.8,-73.6));
#6772=CARTESIAN_POINT('',(-28.5999999999998,-68.8,-73.6));
#6773=CARTESIAN_POINT('',(-28.5999999999998,-74.2,-73.6));
#6774=CARTESIAN_POINT('',(-28.5999999999998,-74.2,-73.6));
#6775=CARTESIAN_POINT('',(-42.9999999999998,-74.2,-73.6));
#6776=CARTESIAN_POINT('',(-42.9999999999998,-74.2,-73.6));
#6777=CARTESIAN_POINT('',(-42.9999999999998,-68.8,-73.6));
#6778=CARTESIAN_POINT('Origin',(40.0000000000001,-70.2,-74.));
#6779=CARTESIAN_POINT('',(44.6000000000001,-70.2,-74.));
#6780=CARTESIAN_POINT('Origin',(40.0000000000001,-70.2,-74.));
#6781=CARTESIAN_POINT('Origin',(45.4000000000001,-70.2,-74.));
#6782=CARTESIAN_POINT('Origin',(40.0000000000001,-70.2,-74.));
#6783=CARTESIAN_POINT('',(43.4000000000001,-70.2,-74.));
#6784=CARTESIAN_POINT('Origin',(40.0000000000001,-70.2,-74.));
#6785=CARTESIAN_POINT('Origin',(40.0000000000001,-16.,-76.));
#6786=CARTESIAN_POINT('',(-39.9999999999998,-16.,-76.));
#6787=CARTESIAN_POINT('',(-39.9999999999998,-16.,-76.));
#6788=CARTESIAN_POINT('',(40.0000000000001,-16.,-76.));
#6789=CARTESIAN_POINT('',(-7.49999999999986,-16.,-76.));
#6790=CARTESIAN_POINT('',(40.0000000000001,-16.,-76.));
#6791=CARTESIAN_POINT('Origin',(40.0000000000001,-19.,-76.));
#6792=CARTESIAN_POINT('',(43.0000000000001,-19.,-76.));
#6793=CARTESIAN_POINT('Origin',(40.0000000000001,-19.,-76.));
#6794=CARTESIAN_POINT('',(43.0000000000001,-19.,-76.));
#6795=CARTESIAN_POINT('Origin',(43.0000000000001,-58.2,-76.));
#6796=CARTESIAN_POINT('',(43.0000000000001,-58.2,-76.));
#6797=CARTESIAN_POINT('',(43.0000000000001,-69.1,-76.));
#6798=CARTESIAN_POINT('',(43.0000000000001,-58.2,-76.));
#6799=CARTESIAN_POINT('Origin',(40.0000000000001,-58.2,-76.));
#6800=CARTESIAN_POINT('',(40.0000000000001,-61.2,-76.));
#6801=CARTESIAN_POINT('Origin',(40.0000000000001,-58.2,-76.));
#6802=CARTESIAN_POINT('',(40.0000000000001,-61.2,-76.));
#6803=CARTESIAN_POINT('Origin',(-39.9999999999999,-61.2,-76.));
#6804=CARTESIAN_POINT('',(-39.9999999999999,-61.2,-76.));
#6805=CARTESIAN_POINT('',(-47.4999999999998,-61.2,-76.));
#6806=CARTESIAN_POINT('',(-39.9999999999999,-61.2,-76.));
#6807=CARTESIAN_POINT('Origin',(-39.9999999999999,-58.2,-76.));
#6808=CARTESIAN_POINT('',(-42.9999999999998,-58.2,-76.));
#6809=CARTESIAN_POINT('Origin',(-39.9999999999999,-58.2,-76.));
#6810=CARTESIAN_POINT('',(-42.9999999999998,-58.2,-76.));
#6811=CARTESIAN_POINT('Origin',(-42.9999999999998,-19.,-76.));
#6812=CARTESIAN_POINT('',(-42.9999999999998,-19.,-76.));
#6813=CARTESIAN_POINT('',(-42.9999999999998,-49.5,-76.));
#6814=CARTESIAN_POINT('',(-42.9999999999998,-19.,-76.));
#6815=CARTESIAN_POINT('Origin',(-39.9999999999998,-19.,-76.));
#6816=CARTESIAN_POINT('Origin',(-39.9999999999998,-19.,-76.));
#6817=CARTESIAN_POINT('Origin',(40.0000000000001,-70.2,-76.));
#6818=CARTESIAN_POINT('',(43.4000000000001,-70.2,-76.));
#6819=CARTESIAN_POINT('Origin',(40.0000000000001,-70.2,-76.));
#6820=CARTESIAN_POINT('',(43.4000000000001,-70.2,-76.));
#6821=CARTESIAN_POINT('Origin',(-42.9999999999998,-68.8,-76.));
#6822=CARTESIAN_POINT('',(-42.9999999999998,-74.2,-76.));
#6823=CARTESIAN_POINT('',(-42.9999999999998,-74.2,-76.));
#6824=CARTESIAN_POINT('',(-42.9999999999998,-68.8,-76.));
#6825=CARTESIAN_POINT('',(-42.9999999999998,-74.4,-76.));
#6826=CARTESIAN_POINT('',(-42.9999999999998,-68.8,-76.));
#6827=CARTESIAN_POINT('Origin',(-28.5999999999998,-68.8,-76.));
#6828=CARTESIAN_POINT('',(-28.5999999999998,-68.8,-76.));
#6829=CARTESIAN_POINT('',(-41.7999999999998,-68.8,-76.));
#6830=CARTESIAN_POINT('',(-28.5999999999998,-68.8,-76.));
#6831=CARTESIAN_POINT('Origin',(-28.5999999999998,-74.2,-76.));
#6832=CARTESIAN_POINT('',(-28.5999999999998,-74.2,-76.));
#6833=CARTESIAN_POINT('',(-28.5999999999998,-77.1,-76.));
#6834=CARTESIAN_POINT('',(-28.5999999999998,-74.2,-76.));
#6835=CARTESIAN_POINT('Origin',(-42.9999999999998,-74.2,-76.));
#6836=CARTESIAN_POINT('',(-48.9999999999998,-74.2,-76.));
#6837=CARTESIAN_POINT('Origin',(53.8000000000001,-80.,-74.8));
#6838=CARTESIAN_POINT('',(53.8000000000001,-80.,-48.5));
#6839=CARTESIAN_POINT('',(53.8000000000001,0.,30.4));
#6840=CARTESIAN_POINT('Origin',(-53.7999999999998,-80.,30.4));
#6841=CARTESIAN_POINT('',(-53.7999999999998,-80.,4.1));
#6842=CARTESIAN_POINT('',(-53.7999999999998,0.,-74.8));
#6843=CARTESIAN_POINT('Origin',(1.4210854715202E-13,0.,-22.2));
#6844=CARTESIAN_POINT('',(55.0000000000001,8.88178419700125E-15,31.6));
#6845=CARTESIAN_POINT('',(55.0000000000001,8.88178419700125E-15,-76.));
#6846=CARTESIAN_POINT('',(55.0000000000001,8.88178419700125E-15,31.6));
#6847=CARTESIAN_POINT('',(-54.9999999999998,8.88178419700125E-15,-76.));
#6848=CARTESIAN_POINT('',(55.0000000000001,8.88178419700125E-15,-76.));
#6849=CARTESIAN_POINT('',(-54.9999999999998,8.88178419700125E-15,31.6));
#6850=CARTESIAN_POINT('',(-54.9999999999998,8.88178419700125E-15,-76.));
#6851=CARTESIAN_POINT('',(-54.9999999999998,8.88178419700125E-15,31.6));
#6852=CARTESIAN_POINT('Origin',(-54.9999999999998,-80.,-76.));
#6853=CARTESIAN_POINT('',(55.0000000000001,-81.2,-76.));
#6854=CARTESIAN_POINT('',(55.0000000000001,-80.,-76.));
#6855=CARTESIAN_POINT('',(-54.9999999999998,-81.2,-76.));
#6856=CARTESIAN_POINT('',(55.0000000000001,-81.2,-76.));
#6857=CARTESIAN_POINT('',(-54.9999999999998,-80.,-76.));
#6858=CARTESIAN_POINT('Origin',(-54.9999999999998,-80.,31.6));
#6859=CARTESIAN_POINT('',(-54.9999999999998,-81.2,31.6));
#6860=CARTESIAN_POINT('',(-54.9999999999998,-81.2,-76.));
#6861=CARTESIAN_POINT('',(-54.9999999999998,-80.,31.6));
#6862=CARTESIAN_POINT('Origin',(55.0000000000001,-80.,31.6));
#6863=CARTESIAN_POINT('',(55.0000000000001,-81.2,31.6));
#6864=CARTESIAN_POINT('',(-54.9999999999998,-81.2,31.6));
#6865=CARTESIAN_POINT('',(55.0000000000001,-80.,31.6));
#6866=CARTESIAN_POINT('Origin',(55.0000000000001,-80.,-76.));
#6867=CARTESIAN_POINT('',(55.0000000000001,-81.2,31.6));
#6868=CARTESIAN_POINT('Origin',(1.4210854715202E-13,-81.2,-22.2));
#6869=CARTESIAN_POINT('Origin',(1.4210854715202E-13,-80.,-22.2));
#6870=CARTESIAN_POINT('',(0.,0.,0.));
#6871=CARTESIAN_POINT('Origin',(-28.5999999999998,-69.2,-76.));
#6872=CARTESIAN_POINT('',(-39.9999999999998,-69.2,-76.));
#6873=CARTESIAN_POINT('',(-28.5999999999998,-69.2,-76.));
#6874=CARTESIAN_POINT('',(-39.9999999999998,-69.2,-76.));
#6875=CARTESIAN_POINT('',(-39.9999999999998,-69.2,-77.2));
#6876=CARTESIAN_POINT('',(-39.9999999999998,-69.2,-76.));
#6877=CARTESIAN_POINT('',(-28.5999999999998,-69.2,-77.2));
#6878=CARTESIAN_POINT('',(-39.9999999999998,-69.2,-77.2));
#6879=CARTESIAN_POINT('',(-28.5999999999998,-69.2,-76.));
#6880=CARTESIAN_POINT('Origin',(-28.5999999999998,-68.8,-76.));
#6881=CARTESIAN_POINT('',(-28.5999999999998,-68.8,-76.));
#6882=CARTESIAN_POINT('',(-28.5999999999998,-74.2,-76.));
#6883=CARTESIAN_POINT('',(-28.5999999999998,-68.8,-77.2));
#6884=CARTESIAN_POINT('',(-28.5999999999998,-74.2,-77.2));
#6885=CARTESIAN_POINT('',(-28.5999999999998,-68.8,-76.));
#6886=CARTESIAN_POINT('Origin',(-42.9393876913397,-68.8,-76.));
#6887=CARTESIAN_POINT('',(-42.9393876913397,-68.8,-76.));
#6888=CARTESIAN_POINT('',(-28.5999999999998,-68.8,-76.));
#6889=CARTESIAN_POINT('',(-42.9393876913397,-68.8,-77.2));
#6890=CARTESIAN_POINT('',(-28.5999999999998,-68.8,-77.2));
#6891=CARTESIAN_POINT('',(-42.9393876913397,-68.8,-76.));
#6892=CARTESIAN_POINT('Origin',(-39.9999999999998,-58.2,-76.));
#6893=CARTESIAN_POINT('Origin',(-39.9999999999998,-58.2,-76.));
#6894=CARTESIAN_POINT('Origin',(-39.9999999999998,-58.2,-77.2));
#6895=CARTESIAN_POINT('Origin',(-35.7696938456698,-69.,-77.2));
#6896=CARTESIAN_POINT('Origin',(-35.7696938456698,-69.,-76.));
#6897=CARTESIAN_POINT('Origin',(1.37667655053519E-13,-65.2,-76.));
#6898=CARTESIAN_POINT('',(1.60000000000014,-65.2,-76.));
#6899=CARTESIAN_POINT('Origin',(1.37667655053519E-13,-65.2,-76.));
#6900=CARTESIAN_POINT('',(1.60000000000014,-65.2,-77.2));
#6901=CARTESIAN_POINT('',(1.60000000000014,-65.2,-76.));
#6902=CARTESIAN_POINT('Origin',(1.37667655053519E-13,-65.2,-77.2));
#6903=CARTESIAN_POINT('Origin',(-4.44089209850063E-15,-12.0000001788139,
-76.));
#6904=CARTESIAN_POINT('',(1.59999999999999,-12.0000001788139,-76.));
#6905=CARTESIAN_POINT('Origin',(-4.44089209850063E-15,-12.0000001788139,
-76.));
#6906=CARTESIAN_POINT('',(1.59999999999999,-12.0000001788139,-77.2));
#6907=CARTESIAN_POINT('',(1.59999999999999,-12.0000001788139,-76.));
#6908=CARTESIAN_POINT('Origin',(-4.44089209850063E-15,-12.0000001788139,
-77.2));
#6909=CARTESIAN_POINT('Origin',(47.0000000000001,-38.6,-76.));
#6910=CARTESIAN_POINT('',(48.6000000000001,-38.6,-76.));
#6911=CARTESIAN_POINT('Origin',(47.0000000000001,-38.6,-76.));
#6912=CARTESIAN_POINT('',(48.6000000000001,-38.6,-77.2));
#6913=CARTESIAN_POINT('',(48.6000000000001,-38.6,-76.));
#6914=CARTESIAN_POINT('Origin',(47.0000000000001,-38.6,-77.2));
#6915=CARTESIAN_POINT('Origin',(-46.9999999999998,-38.6,-76.));
#6916=CARTESIAN_POINT('',(-45.3999999999998,-38.6,-76.));
#6917=CARTESIAN_POINT('Origin',(-46.9999999999998,-38.6,-76.));
#6918=CARTESIAN_POINT('',(-45.3999999999998,-38.6,-77.2));
#6919=CARTESIAN_POINT('',(-45.3999999999998,-38.6,-76.));
#6920=CARTESIAN_POINT('Origin',(-46.9999999999998,-38.6,-77.2));
#6921=CARTESIAN_POINT('Origin',(40.4000000000001,-28.8,-74.8));
#6922=CARTESIAN_POINT('',(40.4000000000001,-58.2,-76.));
#6923=CARTESIAN_POINT('',(41.6000000000001,-58.2,-74.8));
#6924=CARTESIAN_POINT('Origin',(40.4000000000001,-58.2,-74.8));
#6925=CARTESIAN_POINT('',(41.6000000000001,-19.,-74.8));
#6926=CARTESIAN_POINT('',(41.6000000000001,-28.8,-74.8));
#6927=CARTESIAN_POINT('',(40.4000000000001,-19.,-76.));
#6928=CARTESIAN_POINT('Origin',(40.4000000000001,-19.,-74.8));
#6929=CARTESIAN_POINT('',(40.4000000000001,-28.8,-76.));
#6930=CARTESIAN_POINT('Ctrl Pts',(40.4000000000001,-19.,-76.));
#6931=CARTESIAN_POINT('Ctrl Pts',(40.4000000000001,-18.6,-76.));
#6932=CARTESIAN_POINT('Ctrl Pts',(40.0000000000001,-18.6,-76.));
#6933=CARTESIAN_POINT('Ctrl Pts',(41.6000000000001,-19.,-76.));
#6934=CARTESIAN_POINT('Ctrl Pts',(41.6000000000001,-17.4,-76.));
#6935=CARTESIAN_POINT('Ctrl Pts',(40.0000000000001,-17.4,-76.));
#6936=CARTESIAN_POINT('Ctrl Pts',(41.6000000000001,-19.,-74.8));
#6937=CARTESIAN_POINT('Ctrl Pts',(41.6000000000001,-17.4,-74.8));
#6938=CARTESIAN_POINT('Ctrl Pts',(40.0000000000001,-17.4,-74.8));
#6939=CARTESIAN_POINT('',(40.0000000000001,-17.4,-74.8));
#6940=CARTESIAN_POINT('',(40.0000000000001,-18.6,-76.));
#6941=CARTESIAN_POINT('Origin',(40.0000000000001,-18.6,-74.8));
#6942=CARTESIAN_POINT('Origin',(40.0000000000001,-19.,-76.));
#6943=CARTESIAN_POINT('Origin',(40.0000000000001,-19.,-74.8));
#6944=CARTESIAN_POINT('Origin',(-19.9999999999998,-18.6,-74.8));
#6945=CARTESIAN_POINT('',(-39.9999999999998,-17.4,-74.8));
#6946=CARTESIAN_POINT('',(-39.9999999999998,-18.6,-76.));
#6947=CARTESIAN_POINT('Origin',(-39.9999999999998,-18.6,-74.8));
#6948=CARTESIAN_POINT('',(-19.9999999999998,-18.6,-76.));
#6949=CARTESIAN_POINT('',(-19.9999999999998,-17.4,-74.8));
#6950=CARTESIAN_POINT('Ctrl Pts',(-39.9999999999998,-18.6,-76.));
#6951=CARTESIAN_POINT('Ctrl Pts',(-40.3999999999998,-18.6,-76.));
#6952=CARTESIAN_POINT('Ctrl Pts',(-40.3999999999998,-19.,-76.));
#6953=CARTESIAN_POINT('Ctrl Pts',(-39.9999999999998,-17.4,-76.));
#6954=CARTESIAN_POINT('Ctrl Pts',(-41.5999999999998,-17.4,-76.));
#6955=CARTESIAN_POINT('Ctrl Pts',(-41.5999999999998,-19.,-76.));
#6956=CARTESIAN_POINT('Ctrl Pts',(-39.9999999999998,-17.4,-74.8));
#6957=CARTESIAN_POINT('Ctrl Pts',(-41.5999999999998,-17.4,-74.8));
#6958=CARTESIAN_POINT('Ctrl Pts',(-41.5999999999998,-19.,-74.8));
#6959=CARTESIAN_POINT('',(-41.5999999999998,-19.,-74.8));
#6960=CARTESIAN_POINT('',(-40.3999999999998,-19.,-76.));
#6961=CARTESIAN_POINT('Origin',(-40.3999999999998,-19.,-74.8));
#6962=CARTESIAN_POINT('Origin',(-39.9999999999998,-19.,-76.));
#6963=CARTESIAN_POINT('Origin',(-39.9999999999998,-19.,-74.8));
#6964=CARTESIAN_POINT('Origin',(-40.3999999999998,-48.4,-74.8));
#6965=CARTESIAN_POINT('',(-41.5999999999998,-58.2,-74.8));
#6966=CARTESIAN_POINT('',(-40.3999999999998,-58.2,-76.));
#6967=CARTESIAN_POINT('Origin',(-40.3999999999998,-58.2,-74.8));
#6968=CARTESIAN_POINT('',(-40.3999999999998,-48.4,-76.));
#6969=CARTESIAN_POINT('',(-41.5999999999998,-48.4,-74.8));
#6970=CARTESIAN_POINT('Ctrl Pts',(-40.3999999999998,-58.2,-76.));
#6971=CARTESIAN_POINT('Ctrl Pts',(-40.3999999999998,-58.6,-76.));
#6972=CARTESIAN_POINT('Ctrl Pts',(-39.9999999999998,-58.6,-76.));
#6973=CARTESIAN_POINT('Ctrl Pts',(-41.5999999999998,-58.2,-76.));
#6974=CARTESIAN_POINT('Ctrl Pts',(-41.5999999999998,-59.8,-76.));
#6975=CARTESIAN_POINT('Ctrl Pts',(-39.9999999999998,-59.8,-76.));
#6976=CARTESIAN_POINT('Ctrl Pts',(-41.5999999999998,-58.2,-74.8));
#6977=CARTESIAN_POINT('Ctrl Pts',(-41.5999999999998,-59.8,-74.8));
#6978=CARTESIAN_POINT('Ctrl Pts',(-39.9999999999998,-59.8,-74.8));
#6979=CARTESIAN_POINT('',(-39.9999999999999,-59.8,-74.8));
#6980=CARTESIAN_POINT('',(-39.9999999999998,-58.6,-76.));
#6981=CARTESIAN_POINT('Origin',(-39.9999999999998,-58.6,-74.8));
#6982=CARTESIAN_POINT('Origin',(-39.9999999999998,-58.2,-76.));
#6983=CARTESIAN_POINT('Origin',(-39.9999999999998,-58.2,-74.8));
#6984=CARTESIAN_POINT('Origin',(20.0000000000001,-58.6,-74.8));
#6985=CARTESIAN_POINT('',(40.0000000000001,-59.8,-74.8));
#6986=CARTESIAN_POINT('',(40.0000000000001,-58.6,-76.));
#6987=CARTESIAN_POINT('Origin',(40.0000000000001,-58.6,-74.8));
#6988=CARTESIAN_POINT('',(20.0000000000001,-58.6,-76.));
#6989=CARTESIAN_POINT('',(20.0000000000001,-59.8,-74.8));
#6990=CARTESIAN_POINT('Ctrl Pts',(40.0000000000001,-58.6,-76.));
#6991=CARTESIAN_POINT('Ctrl Pts',(40.4000000000001,-58.6,-76.));
#6992=CARTESIAN_POINT('Ctrl Pts',(40.4000000000001,-58.2,-76.));
#6993=CARTESIAN_POINT('Ctrl Pts',(40.0000000000001,-59.8,-76.));
#6994=CARTESIAN_POINT('Ctrl Pts',(41.6000000000001,-59.8,-76.));
#6995=CARTESIAN_POINT('Ctrl Pts',(41.6000000000001,-58.2,-76.));
#6996=CARTESIAN_POINT('Ctrl Pts',(40.0000000000001,-59.8,-74.8));
#6997=CARTESIAN_POINT('Ctrl Pts',(41.6000000000001,-59.8,-74.8));
#6998=CARTESIAN_POINT('Ctrl Pts',(41.6000000000001,-58.2,-74.8));
#6999=CARTESIAN_POINT('Origin',(40.0000000000001,-58.2,-76.));
#7000=CARTESIAN_POINT('Origin',(40.0000000000001,-58.2,-74.8));
#7001=CARTESIAN_POINT('Origin',(-39.9999999999998,-19.,-76.));
#7002=CARTESIAN_POINT('',(-39.9999999999998,-17.4,-72.));
#7003=CARTESIAN_POINT('',(-39.9999999999998,-17.4,-76.));
#7004=CARTESIAN_POINT('',(-41.5999999999998,-19.,-72.));
#7005=CARTESIAN_POINT('Origin',(-39.9999999999998,-19.,-72.));
#7006=CARTESIAN_POINT('',(-41.5999999999998,-19.,-76.));
#7007=CARTESIAN_POINT('Origin',(-39.9999999999998,-17.4,-76.));
#7008=CARTESIAN_POINT('',(40.0000000000001,-17.4,-72.));
#7009=CARTESIAN_POINT('',(40.0000000000001,-17.4,-76.));
#7010=CARTESIAN_POINT('',(40.0000000000001,-17.4,-72.));
#7011=CARTESIAN_POINT('Origin',(40.0000000000001,-19.,-76.));
#7012=CARTESIAN_POINT('',(41.6000000000001,-19.,-72.));
#7013=CARTESIAN_POINT('',(41.6000000000001,-19.,-76.));
#7014=CARTESIAN_POINT('Origin',(40.0000000000001,-19.,-72.));
#7015=CARTESIAN_POINT('Origin',(41.6000000000001,-19.,-76.));
#7016=CARTESIAN_POINT('',(41.6000000000001,-58.2,-72.));
#7017=CARTESIAN_POINT('',(41.6000000000001,-58.2,-76.));
#7018=CARTESIAN_POINT('',(41.6000000000001,-58.2,-72.));
#7019=CARTESIAN_POINT('Origin',(1.4210854715202E-13,-38.6,-76.));
#7020=CARTESIAN_POINT('Origin',(-41.5999999999998,-58.2,-76.));
#7021=CARTESIAN_POINT('',(-41.5999999999998,-58.2,-72.));
#7022=CARTESIAN_POINT('',(-41.5999999999998,-19.,-72.));
#7023=CARTESIAN_POINT('',(-41.5999999999998,-58.2,-76.));
#7024=CARTESIAN_POINT('Origin',(-39.9999999999998,-58.2,-76.));
#7025=CARTESIAN_POINT('',(-39.9999999999999,-59.8,-72.));
#7026=CARTESIAN_POINT('Origin',(-39.9999999999998,-58.2,-72.));
#7027=CARTESIAN_POINT('',(-39.9999999999999,-59.8,-76.));
#7028=CARTESIAN_POINT('Origin',(40.0000000000001,-59.8,-76.));
#7029=CARTESIAN_POINT('',(40.0000000000001,-59.8,-72.));
#7030=CARTESIAN_POINT('',(-39.9999999999999,-59.8,-72.));
#7031=CARTESIAN_POINT('',(40.0000000000001,-59.8,-76.));
#7032=CARTESIAN_POINT('Origin',(40.0000000000001,-58.2,-76.));
#7033=CARTESIAN_POINT('Origin',(40.0000000000001,-58.2,-72.));
#7034=CARTESIAN_POINT('Origin',(40.0000000000001,-16.2,-76.));
#7035=CARTESIAN_POINT('',(-39.9999999999998,-16.2,-76.));
#7036=CARTESIAN_POINT('',(40.0000000000001,-16.2,-76.));
#7037=CARTESIAN_POINT('',(20.0000000000001,-16.2,-76.));
#7038=CARTESIAN_POINT('',(-39.9999999999998,-16.2,-72.));
#7039=CARTESIAN_POINT('',(-39.9999999999998,-16.2,-76.));
#7040=CARTESIAN_POINT('',(40.0000000000001,-16.2,-72.));
#7041=CARTESIAN_POINT('',(40.0000000000001,-16.2,-72.));
#7042=CARTESIAN_POINT('',(40.0000000000001,-16.2,-76.));
#7043=CARTESIAN_POINT('Origin',(40.0000000000001,-19.,-76.));
#7044=CARTESIAN_POINT('',(42.8000000000001,-19.,-76.));
#7045=CARTESIAN_POINT('Origin',(40.0000000000001,-19.,-76.));
#7046=CARTESIAN_POINT('',(42.8000000000001,-19.,-72.));
#7047=CARTESIAN_POINT('Origin',(40.0000000000001,-19.,-72.));
#7048=CARTESIAN_POINT('',(42.8000000000001,-19.,-76.));
#7049=CARTESIAN_POINT('Origin',(42.8000000000001,-58.2,-76.));
#7050=CARTESIAN_POINT('',(42.8000000000001,-58.2,-76.));
#7051=CARTESIAN_POINT('',(42.8000000000001,-48.4,-76.));
#7052=CARTESIAN_POINT('',(42.8000000000001,-58.2,-72.));
#7053=CARTESIAN_POINT('',(42.8000000000001,-58.2,-72.));
#7054=CARTESIAN_POINT('',(42.8000000000001,-58.2,-76.));
#7055=CARTESIAN_POINT('Origin',(40.0000000000001,-58.2,-76.));
#7056=CARTESIAN_POINT('',(40.0000000000001,-61.,-76.));
#7057=CARTESIAN_POINT('Origin',(40.0000000000001,-58.2,-76.));
#7058=CARTESIAN_POINT('',(40.0000000000001,-61.,-72.));
#7059=CARTESIAN_POINT('Origin',(40.0000000000001,-58.2,-72.));
#7060=CARTESIAN_POINT('',(40.0000000000001,-61.,-76.));
#7061=CARTESIAN_POINT('Origin',(-39.9999999999999,-61.,-76.));
#7062=CARTESIAN_POINT('',(-39.9999999999999,-61.,-76.));
#7063=CARTESIAN_POINT('',(-19.9999999999999,-61.,-76.));
#7064=CARTESIAN_POINT('',(-39.9999999999999,-61.,-72.));
#7065=CARTESIAN_POINT('',(-39.9999999999999,-61.,-72.));
#7066=CARTESIAN_POINT('',(-39.9999999999999,-61.,-76.));
#7067=CARTESIAN_POINT('Origin',(-39.9999999999998,-58.2,-76.));
#7068=CARTESIAN_POINT('',(-42.7999999999998,-58.2,-76.));
#7069=CARTESIAN_POINT('Origin',(-39.9999999999998,-58.2,-76.));
#7070=CARTESIAN_POINT('',(-42.7999999999998,-58.2,-72.));
#7071=CARTESIAN_POINT('Origin',(-39.9999999999998,-58.2,-72.));
#7072=CARTESIAN_POINT('',(-42.7999999999998,-58.2,-76.));
#7073=CARTESIAN_POINT('Origin',(-42.7999999999998,-19.,-76.));
#7074=CARTESIAN_POINT('',(-42.7999999999998,-19.,-76.));
#7075=CARTESIAN_POINT('',(-42.7999999999998,-28.8,-76.));
#7076=CARTESIAN_POINT('',(-42.7999999999998,-19.,-72.));
#7077=CARTESIAN_POINT('',(-42.7999999999998,-19.,-72.));
#7078=CARTESIAN_POINT('',(-42.7999999999998,-19.,-76.));
#7079=CARTESIAN_POINT('Origin',(-39.9999999999998,-19.,-76.));
#7080=CARTESIAN_POINT('Origin',(-39.9999999999998,-19.,-76.));
#7081=CARTESIAN_POINT('Origin',(-39.9999999999998,-19.,-72.));
#7082=CARTESIAN_POINT('Origin',(1.4210854715202E-13,-38.6,-72.));
#7083=CARTESIAN_POINT('Origin',(1.4210854715202E-13,-38.6,-76.));
#7084=CARTESIAN_POINT('',(-27.7999999999998,-66.4,-76.));
#7085=CARTESIAN_POINT('',(-47.3321211119292,-66.4,-76.));
#7086=CARTESIAN_POINT('',(-45.3999999999998,-66.4,-76.));
#7087=CARTESIAN_POINT('',(-26.1999999999998,-68.,-76.));
#7088=CARTESIAN_POINT('Origin',(-27.7999999999998,-68.,-76.));
#7089=CARTESIAN_POINT('',(-26.1999999999998,-69.2,-76.));
#7090=CARTESIAN_POINT('',(-26.1999999999998,-76.6,-76.));
#7091=CARTESIAN_POINT('',(34.0839202169005,-69.2,-76.));
#7092=CARTESIAN_POINT('',(-39.9999999999998,-69.2,-76.));
#7093=CARTESIAN_POINT('',(45.4732620275502,-67.7416666666667,-76.));
#7094=CARTESIAN_POINT('Origin',(40.0000000000001,-70.2,-76.));
#7095=CARTESIAN_POINT('',(51.0000000000001,-58.2,-76.));
#7096=CARTESIAN_POINT('Origin',(40.0000000000001,-58.2,-76.));
#7097=CARTESIAN_POINT('',(51.0000000000001,-19.,-76.));
#7098=CARTESIAN_POINT('',(51.0000000000001,-58.2,-76.));
#7099=CARTESIAN_POINT('',(40.0000000000001,-7.99999999999999,-76.));
#7100=CARTESIAN_POINT('Origin',(40.0000000000001,-19.,-76.));
#7101=CARTESIAN_POINT('',(-39.9999999999998,-7.99999999999998,-76.));
#7102=CARTESIAN_POINT('',(40.0000000000001,-7.99999999999999,-76.));
#7103=CARTESIAN_POINT('',(-50.9999999999998,-19.,-76.));
#7104=CARTESIAN_POINT('Origin',(-39.9999999999998,-19.,-76.));
#7105=CARTESIAN_POINT('',(-50.9999999999998,-58.2,-76.));
#7106=CARTESIAN_POINT('',(-50.9999999999998,-19.,-76.));
#7107=CARTESIAN_POINT('Origin',(-39.9999999999998,-58.2,-76.));
#7108=CARTESIAN_POINT('Origin',(-27.7999999999998,-68.,-76.));
#7109=CARTESIAN_POINT('',(-27.7999999999998,-66.4,-77.2));
#7110=CARTESIAN_POINT('',(-27.7999999999998,-66.4,-76.));
#7111=CARTESIAN_POINT('',(-26.1999999999998,-68.,-77.2));
#7112=CARTESIAN_POINT('Origin',(-27.7999999999998,-68.,-77.2));
#7113=CARTESIAN_POINT('',(-26.1999999999998,-68.,-76.));
#7114=CARTESIAN_POINT('Origin',(-26.1999999999998,-69.2,-76.));
#7115=CARTESIAN_POINT('',(-26.1999999999998,-69.2,-77.2));
#7116=CARTESIAN_POINT('',(-26.1999999999998,-76.6,-77.2));
#7117=CARTESIAN_POINT('',(-26.1999999999998,-69.2,-76.));
#7118=CARTESIAN_POINT('Origin',(34.0839202169005,-69.2,-76.));
#7119=CARTESIAN_POINT('',(34.0839202169005,-69.2,-77.2));
#7120=CARTESIAN_POINT('',(-39.9999999999998,-69.2,-77.2));
#7121=CARTESIAN_POINT('',(34.0839202169005,-69.2,-76.));
#7122=CARTESIAN_POINT('Origin',(40.0000000000001,-70.2,-76.));
#7123=CARTESIAN_POINT('',(45.4732620275502,-67.7416666666667,-77.2));
#7124=CARTESIAN_POINT('Origin',(40.0000000000001,-70.2,-77.2));
#7125=CARTESIAN_POINT('',(45.4732620275502,-67.7416666666667,-76.));
#7126=CARTESIAN_POINT('Origin',(40.0000000000001,-58.2,-76.));
#7127=CARTESIAN_POINT('',(51.0000000000001,-58.2,-77.2));
#7128=CARTESIAN_POINT('Origin',(40.0000000000001,-58.2,-77.2));
#7129=CARTESIAN_POINT('',(51.0000000000001,-58.2,-76.));
#7130=CARTESIAN_POINT('Origin',(51.0000000000001,-19.,-76.));
#7131=CARTESIAN_POINT('',(51.0000000000001,-19.,-77.2));
#7132=CARTESIAN_POINT('',(51.0000000000001,-58.2,-77.2));
#7133=CARTESIAN_POINT('',(51.0000000000001,-19.,-76.));
#7134=CARTESIAN_POINT('Origin',(40.0000000000001,-19.,-76.));
#7135=CARTESIAN_POINT('',(40.0000000000001,-7.99999999999999,-77.2));
#7136=CARTESIAN_POINT('Origin',(40.0000000000001,-19.,-77.2));
#7137=CARTESIAN_POINT('',(40.0000000000001,-7.99999999999999,-76.));
#7138=CARTESIAN_POINT('Origin',(-39.9999999999998,-7.99999999999998,-76.));
#7139=CARTESIAN_POINT('',(-39.9999999999998,-7.99999999999998,-77.2));
#7140=CARTESIAN_POINT('',(40.0000000000001,-7.99999999999999,-77.2));
#7141=CARTESIAN_POINT('',(-39.9999999999998,-7.99999999999998,-76.));
#7142=CARTESIAN_POINT('Origin',(-39.9999999999998,-19.,-76.));
#7143=CARTESIAN_POINT('',(-50.9999999999998,-19.,-77.2));
#7144=CARTESIAN_POINT('Origin',(-39.9999999999998,-19.,-77.2));
#7145=CARTESIAN_POINT('',(-50.9999999999998,-19.,-76.));
#7146=CARTESIAN_POINT('Origin',(-50.9999999999998,-58.2,-76.));
#7147=CARTESIAN_POINT('',(-50.9999999999998,-58.2,-77.2));
#7148=CARTESIAN_POINT('',(-50.9999999999998,-19.,-77.2));
#7149=CARTESIAN_POINT('',(-50.9999999999998,-58.2,-76.));
#7150=CARTESIAN_POINT('Origin',(-39.9999999999998,-58.2,-76.));
#7151=CARTESIAN_POINT('',(-47.3321211119292,-66.4,-77.2));
#7152=CARTESIAN_POINT('Origin',(-39.9999999999998,-58.2,-77.2));
#7153=CARTESIAN_POINT('',(-47.3321211119292,-66.4,-76.));
#7154=CARTESIAN_POINT('Origin',(-27.7999999999998,-66.4,-76.));
#7155=CARTESIAN_POINT('',(-45.3999999999998,-66.4,-77.2));
#7156=CARTESIAN_POINT('Origin',(1.4210854715202E-13,-38.6,-77.2));
#7157=CARTESIAN_POINT('',(0.,0.,0.));
#7158=CARTESIAN_POINT('',(0.,0.,0.));
#7159=CARTESIAN_POINT('',(0.,0.,0.));
#7160=UNCERTAINTY_MEASURE_WITH_UNIT(LENGTH_MEASURE(0.01),#7170,
'DISTANCE_ACCURACY_VALUE',
'Maximum model space distance between geometric entities at asserted c
onnectivities');
#7161=UNCERTAINTY_MEASURE_WITH_UNIT(LENGTH_MEASURE(0.01),#7170,
'DISTANCE_ACCURACY_VALUE',
'Maximum model space distance between geometric entities at asserted c
onnectivities');
#7162=UNCERTAINTY_MEASURE_WITH_UNIT(LENGTH_MEASURE(0.01),#7170,
'DISTANCE_ACCURACY_VALUE',
'Maximum model space distance between geometric entities at asserted c
onnectivities');
#7163=UNCERTAINTY_MEASURE_WITH_UNIT(LENGTH_MEASURE(0.01),#7170,
'DISTANCE_ACCURACY_VALUE',
'Maximum model space distance between geometric entities at asserted c
onnectivities');
#7164=UNCERTAINTY_MEASURE_WITH_UNIT(LENGTH_MEASURE(0.01),#7170,
'DISTANCE_ACCURACY_VALUE',
'Maximum model space distance between geometric entities at asserted c
onnectivities');
#7165=(
GEOMETRIC_REPRESENTATION_CONTEXT(3)
GLOBAL_UNCERTAINTY_ASSIGNED_CONTEXT((#7160))
GLOBAL_UNIT_ASSIGNED_CONTEXT((#7170,#7172,#7173))
REPRESENTATION_CONTEXT('','3D')
);
#7166=(
GEOMETRIC_REPRESENTATION_CONTEXT(3)
GLOBAL_UNCERTAINTY_ASSIGNED_CONTEXT((#7161))
GLOBAL_UNIT_ASSIGNED_CONTEXT((#7170,#7172,#7173))
REPRESENTATION_CONTEXT('','3D')
);
#7167=(
GEOMETRIC_REPRESENTATION_CONTEXT(3)
GLOBAL_UNCERTAINTY_ASSIGNED_CONTEXT((#7162))
GLOBAL_UNIT_ASSIGNED_CONTEXT((#7170,#7172,#7173))
REPRESENTATION_CONTEXT('','3D')
);
#7168=(
GEOMETRIC_REPRESENTATION_CONTEXT(3)
GLOBAL_UNCERTAINTY_ASSIGNED_CONTEXT((#7163))
GLOBAL_UNIT_ASSIGNED_CONTEXT((#7170,#7172,#7173))
REPRESENTATION_CONTEXT('','3D')
);
#7169=(
GEOMETRIC_REPRESENTATION_CONTEXT(3)
GLOBAL_UNCERTAINTY_ASSIGNED_CONTEXT((#7164))
GLOBAL_UNIT_ASSIGNED_CONTEXT((#7170,#7172,#7173))
REPRESENTATION_CONTEXT('','3D')
);
#7170=(
LENGTH_UNIT()
NAMED_UNIT(*)
SI_UNIT(.MILLI.,.METRE.)
);
#7171=(
LENGTH_UNIT()
NAMED_UNIT(*)
SI_UNIT($,.METRE.)
);
#7172=(
NAMED_UNIT(*)
PLANE_ANGLE_UNIT()
SI_UNIT($,.RADIAN.)
);
#7173=(
NAMED_UNIT(*)
SI_UNIT($,.STERADIAN.)
SOLID_ANGLE_UNIT()
);
#7174=SHAPE_DEFINITION_REPRESENTATION(#7178,#7185);
#7175=SHAPE_DEFINITION_REPRESENTATION(#7179,#7186);
#7176=SHAPE_DEFINITION_REPRESENTATION(#7180,#7187);
#7177=SHAPE_DEFINITION_REPRESENTATION(#7181,#7188);
#7178=PRODUCT_DEFINITION_SHAPE('',$,#7190);
#7179=PRODUCT_DEFINITION_SHAPE('',$,#7191);
#7180=PRODUCT_DEFINITION_SHAPE('',$,#7192);
#7181=PRODUCT_DEFINITION_SHAPE('',$,#7193);
#7182=PRODUCT_DEFINITION_SHAPE($,$,#20);
#7183=PRODUCT_DEFINITION_SHAPE($,$,#21);
#7184=PRODUCT_DEFINITION_SHAPE($,$,#22);
#7185=SHAPE_REPRESENTATION('',(#3995,#4363,#4364,#4365),#7165);
#7186=SHAPE_REPRESENTATION('',(#3996),#7166);
#7187=SHAPE_REPRESENTATION('',(#4169),#7167);
#7188=SHAPE_REPRESENTATION('',(#4266),#7168);
#7189=PRODUCT_DEFINITION_CONTEXT('part definition',#7203,'design');
#7190=PRODUCT_DEFINITION('Base','Base v13',#7194,#7189);
#7191=PRODUCT_DEFINITION('Base Top','Base Top',#7195,#7189);
#7192=PRODUCT_DEFINITION('Base Bottom','Base Bottom',#7196,#7189);
#7193=PRODUCT_DEFINITION('Back Cover','Back Cover',#7197,#7189);
#7194=PRODUCT_DEFINITION_FORMATION('',$,#7205);
#7195=PRODUCT_DEFINITION_FORMATION('',$,#7206);
#7196=PRODUCT_DEFINITION_FORMATION('',$,#7207);
#7197=PRODUCT_DEFINITION_FORMATION('',$,#7208);
#7198=PRODUCT_RELATED_PRODUCT_CATEGORY('Base v13','Base v13',(#7205));
#7199=PRODUCT_RELATED_PRODUCT_CATEGORY('Base Top','Base Top',(#7206));
#7200=PRODUCT_RELATED_PRODUCT_CATEGORY('Base Bottom','Base Bottom',(#7207));
#7201=PRODUCT_RELATED_PRODUCT_CATEGORY('Back Cover','Back Cover',(#7208));
#7202=APPLICATION_PROTOCOL_DEFINITION('international standard',
'automotive_design',2009,#7203);
#7203=APPLICATION_CONTEXT(
'Core Data for Automotive Mechanical Design Process');
#7204=PRODUCT_CONTEXT('part definition',#7203,'mechanical');
#7205=PRODUCT('Base','Base v13',$,(#7204));
#7206=PRODUCT('Base Top','Base Top',$,(#7204));
#7207=PRODUCT('Base Bottom','Base Bottom',$,(#7204));
#7208=PRODUCT('Back Cover','Back Cover',$,(#7204));
#7209=PRESENTATION_STYLE_ASSIGNMENT((#7210));
#7210=SURFACE_STYLE_USAGE(.BOTH.,#7211);
#7211=SURFACE_SIDE_STYLE('',(#7212));
#7212=SURFACE_STYLE_FILL_AREA(#7213);
#7213=FILL_AREA_STYLE('Steel - Satin',(#7214));
#7214=FILL_AREA_STYLE_COLOUR('Steel - Satin',#7215);
#7215=COLOUR_RGB('Steel - Satin',0.627450980392157,0.627450980392157,0.627450980392157);
ENDSEC;
END-ISO-10303-21;
